table,module,informant,disorder,status,variable,session_id,ksads_version,n_present,n_absent,n_branchskip_888,n_notadmin_555,n_nan,n_total,pct_administered
mh_p_ksads__adhd,adhd,parent,,unknown,mh_p_ksads__adhd__fullrem_dx,ses-00A,1.0,0,0,0,0,11719,11719,0.0
mh_p_ksads__adhd,adhd,parent,,unknown,mh_p_ksads__adhd__fullrem_dx,ses-01A,1.0,0,0,0,0,11083,11083,0.0
mh_p_ksads__adhd,adhd,parent,,unknown,mh_p_ksads__adhd__fullrem_dx,ses-02A,1.0,0,0,0,0,10743,10743,0.0
mh_p_ksads__adhd,adhd,parent,,unknown,mh_p_ksads__adhd__fullrem_dx,ses-03A,2.0,4,9986,0,0,6,9996,99.9
mh_p_ksads__adhd,adhd,parent,,unknown,mh_p_ksads__adhd__fullrem_dx,ses-04A,2.0,5,8395,0,0,0,8400,100.0
mh_p_ksads__adhd,adhd,parent,,unknown,mh_p_ksads__adhd__fullrem_dx,ses-05A,2.0,0,0,0,8056,0,8056,0.0
mh_p_ksads__adhd,adhd,parent,,unknown,mh_p_ksads__adhd__fullrem_dx,ses-06A,2.0,9,9275,0,0,0,9284,100.0
mh_p_ksads__adhd,adhd,parent,,unknown,mh_p_ksads__adhd__fullrem_dx,ses-07A,2.0,5,8316,0,0,0,8321,100.0
mh_p_ksads__adhd,adhd,parent,,unknown,mh_p_ksads__adhd__oth_dx,ses-00A,1.0,0,0,0,0,11719,11719,0.0
mh_p_ksads__adhd,adhd,parent,,unknown,mh_p_ksads__adhd__oth_dx,ses-01A,1.0,0,0,0,0,11083,11083,0.0
mh_p_ksads__adhd,adhd,parent,,unknown,mh_p_ksads__adhd__oth_dx,ses-02A,1.0,0,0,0,0,10743,10743,0.0
mh_p_ksads__adhd,adhd,parent,,unknown,mh_p_ksads__adhd__oth_dx,ses-03A,2.0,34,9956,0,0,6,9996,99.9
mh_p_ksads__adhd,adhd,parent,,unknown,mh_p_ksads__adhd__oth_dx,ses-04A,2.0,45,8355,0,0,0,8400,100.0
mh_p_ksads__adhd,adhd,parent,,unknown,mh_p_ksads__adhd__oth_dx,ses-05A,2.0,0,0,0,8056,0,8056,0.0
mh_p_ksads__adhd,adhd,parent,,unknown,mh_p_ksads__adhd__oth_dx,ses-06A,2.0,55,9229,0,0,0,9284,100.0
mh_p_ksads__adhd,adhd,parent,,unknown,mh_p_ksads__adhd__oth_dx,ses-07A,2.0,63,8258,0,0,0,8321,100.0
mh_p_ksads__adhd,adhd,parent,,partial_remission,mh_p_ksads__adhd__partrem_dx,ses-00A,1.0,136,11569,0,0,14,11719,99.9
mh_p_ksads__adhd,adhd,parent,,partial_remission,mh_p_ksads__adhd__partrem_dx,ses-01A,1.0,91,10983,0,0,9,11083,99.9
mh_p_ksads__adhd,adhd,parent,,partial_remission,mh_p_ksads__adhd__partrem_dx,ses-02A,1.0,87,10652,0,0,4,10743,100.0
mh_p_ksads__adhd,adhd,parent,,partial_remission,mh_p_ksads__adhd__partrem_dx,ses-03A,2.0,517,9473,0,0,6,9996,99.9
mh_p_ksads__adhd,adhd,parent,,partial_remission,mh_p_ksads__adhd__partrem_dx,ses-04A,2.0,276,8124,0,0,0,8400,100.0
mh_p_ksads__adhd,adhd,parent,,partial_remission,mh_p_ksads__adhd__partrem_dx,ses-05A,2.0,0,0,0,8056,0,8056,0.0
mh_p_ksads__adhd,adhd,parent,,partial_remission,mh_p_ksads__adhd__partrem_dx,ses-06A,2.0,309,8975,0,0,0,9284,100.0
mh_p_ksads__adhd,adhd,parent,,partial_remission,mh_p_ksads__adhd__partrem_dx,ses-07A,2.0,313,8008,0,0,0,8321,100.0
mh_p_ksads__adhd,adhd,parent,,past,mh_p_ksads__adhd__past_dx,ses-00A,1.0,848,10857,0,0,14,11719,99.9
mh_p_ksads__adhd,adhd,parent,,past,mh_p_ksads__adhd__past_dx,ses-01A,1.0,982,10092,0,0,9,11083,99.9
mh_p_ksads__adhd,adhd,parent,,past,mh_p_ksads__adhd__past_dx,ses-02A,1.0,725,10014,0,0,4,10743,100.0
mh_p_ksads__adhd,adhd,parent,,past,mh_p_ksads__adhd__past_dx,ses-03A,2.0,45,9945,0,0,6,9996,99.9
mh_p_ksads__adhd,adhd,parent,,past,mh_p_ksads__adhd__past_dx,ses-04A,2.0,37,8363,0,0,0,8400,100.0
mh_p_ksads__adhd,adhd,parent,,past,mh_p_ksads__adhd__past_dx,ses-05A,2.0,0,0,0,8056,0,8056,0.0
mh_p_ksads__adhd,adhd,parent,,past,mh_p_ksads__adhd__past_dx,ses-06A,2.0,57,9227,0,0,0,9284,100.0
mh_p_ksads__adhd,adhd,parent,,past,mh_p_ksads__adhd__past_dx,ses-07A,2.0,64,8257,0,0,0,8321,100.0
mh_p_ksads__adhd,adhd,parent,,present,mh_p_ksads__adhd__pres_dx,ses-00A,1.0,863,10842,0,0,14,11719,99.9
mh_p_ksads__adhd,adhd,parent,,present,mh_p_ksads__adhd__pres_dx,ses-01A,1.0,938,10136,0,0,9,11083,99.9
mh_p_ksads__adhd,adhd,parent,,present,mh_p_ksads__adhd__pres_dx,ses-02A,1.0,602,10137,0,0,4,10743,100.0
mh_p_ksads__adhd,adhd,parent,,present,mh_p_ksads__adhd__pres_dx,ses-03A,2.0,557,9433,0,0,6,9996,99.9
mh_p_ksads__adhd,adhd,parent,,present,mh_p_ksads__adhd__pres_dx,ses-04A,2.0,440,7960,0,0,0,8400,100.0
mh_p_ksads__adhd,adhd,parent,,present,mh_p_ksads__adhd__pres_dx,ses-05A,2.0,0,0,0,8056,0,8056,0.0
mh_p_ksads__adhd,adhd,parent,,present,mh_p_ksads__adhd__pres_dx,ses-06A,2.0,451,8833,0,0,0,9284,100.0
mh_p_ksads__adhd,adhd,parent,,present,mh_p_ksads__adhd__pres_dx,ses-07A,2.0,418,7903,0,0,0,8321,100.0
mh_p_ksads__adhd,adhd,parent,,unknown,mh_p_ksads__adhd__unspec_dx,ses-00A,1.0,60,11645,0,0,14,11719,99.9
mh_p_ksads__adhd,adhd,parent,,unknown,mh_p_ksads__adhd__unspec_dx,ses-01A,1.0,47,11027,0,0,9,11083,99.9
mh_p_ksads__adhd,adhd,parent,,unknown,mh_p_ksads__adhd__unspec_dx,ses-02A,1.0,34,10705,0,0,4,10743,100.0
mh_p_ksads__adhd,adhd,parent,,unknown,mh_p_ksads__adhd__unspec_dx,ses-03A,2.0,0,0,0,0,9996,9996,0.0
mh_p_ksads__adhd,adhd,parent,,unknown,mh_p_ksads__adhd__unspec_dx,ses-04A,2.0,0,0,0,0,8400,8400,0.0
mh_p_ksads__adhd,adhd,parent,,unknown,mh_p_ksads__adhd__unspec_dx,ses-05A,2.0,0,0,0,0,8056,8056,0.0
mh_p_ksads__adhd,adhd,parent,,unknown,mh_p_ksads__adhd__unspec_dx,ses-06A,2.0,0,0,0,0,9284,9284,0.0
mh_p_ksads__adhd,adhd,parent,,unknown,mh_p_ksads__adhd__unspec_dx,ses-07A,2.0,0,0,0,0,8321,8321,0.0
mh_p_ksads__agor,agor,parent,,unknown,mh_p_ksads__agor__oth_dx,ses-00A,1.0,0,11705,0,0,4,11709,100.0
mh_p_ksads__agor,agor,parent,,unknown,mh_p_ksads__agor__oth_dx,ses-01A,1.0,0,0,0,11074,1,11075,0.0
mh_p_ksads__agor,agor,parent,,unknown,mh_p_ksads__agor__oth_dx,ses-02A,1.0,0,10739,0,0,4,10743,100.0
mh_p_ksads__agor,agor,parent,,unknown,mh_p_ksads__agor__oth_dx,ses-03A,2.0,0,0,0,9990,0,9990,0.0
mh_p_ksads__agor,agor,parent,,unknown,mh_p_ksads__agor__oth_dx,ses-04A,2.0,11,8389,0,0,0,8400,100.0
mh_p_ksads__agor,agor,parent,,unknown,mh_p_ksads__agor__oth_dx,ses-05A,2.0,0,0,0,8056,0,8056,0.0
mh_p_ksads__agor,agor,parent,,unknown,mh_p_ksads__agor__oth_dx,ses-06A,2.0,9,9275,0,0,0,9284,100.0
mh_p_ksads__agor,agor,parent,,unknown,mh_p_ksads__agor__oth_dx,ses-07A,2.0,0,0,0,8321,0,8321,0.0
mh_p_ksads__agor,agor,parent,,past,mh_p_ksads__agor__past_dx,ses-00A,1.0,31,11674,0,0,4,11709,100.0
mh_p_ksads__agor,agor,parent,,past,mh_p_ksads__agor__past_dx,ses-01A,1.0,0,0,0,11074,1,11075,0.0
mh_p_ksads__agor,agor,parent,,past,mh_p_ksads__agor__past_dx,ses-02A,1.0,81,10658,0,0,4,10743,100.0
mh_p_ksads__agor,agor,parent,,past,mh_p_ksads__agor__past_dx,ses-03A,2.0,0,0,0,9990,0,9990,0.0
mh_p_ksads__agor,agor,parent,,past,mh_p_ksads__agor__past_dx,ses-04A,2.0,80,8320,0,0,0,8400,100.0
mh_p_ksads__agor,agor,parent,,past,mh_p_ksads__agor__past_dx,ses-05A,2.0,0,0,0,8056,0,8056,0.0
mh_p_ksads__agor,agor,parent,,past,mh_p_ksads__agor__past_dx,ses-06A,2.0,135,9149,0,0,0,9284,100.0
mh_p_ksads__agor,agor,parent,,past,mh_p_ksads__agor__past_dx,ses-07A,2.0,0,0,0,8321,0,8321,0.0
mh_p_ksads__agor,agor,parent,,present,mh_p_ksads__agor__pres_dx,ses-00A,1.0,14,11691,0,0,4,11709,100.0
mh_p_ksads__agor,agor,parent,,present,mh_p_ksads__agor__pres_dx,ses-01A,1.0,0,0,0,11074,1,11075,0.0
mh_p_ksads__agor,agor,parent,,present,mh_p_ksads__agor__pres_dx,ses-02A,1.0,99,10640,0,0,4,10743,100.0
mh_p_ksads__agor,agor,parent,,present,mh_p_ksads__agor__pres_dx,ses-03A,2.0,0,0,0,9990,0,9990,0.0
mh_p_ksads__agor,agor,parent,,present,mh_p_ksads__agor__pres_dx,ses-04A,2.0,117,8283,0,0,0,8400,100.0
mh_p_ksads__agor,agor,parent,,present,mh_p_ksads__agor__pres_dx,ses-05A,2.0,0,0,0,8056,0,8056,0.0
mh_p_ksads__agor,agor,parent,,present,mh_p_ksads__agor__pres_dx,ses-06A,2.0,104,9180,0,0,0,9284,100.0
mh_p_ksads__agor,agor,parent,,present,mh_p_ksads__agor__pres_dx,ses-07A,2.0,0,0,0,8321,0,8321,0.0
mh_p_ksads__asd,asd,parent,,unknown,mh_p_ksads__asd__oth_dx,ses-00A,1.0,3239,8466,0,0,14,11719,99.9
mh_p_ksads__asd,asd,parent,,unknown,mh_p_ksads__asd__oth_dx,ses-01A,1.0,0,0,0,11074,1,11075,0.0
mh_p_ksads__asd,asd,parent,,unknown,mh_p_ksads__asd__oth_dx,ses-02A,1.0,2233,8506,0,0,4,10743,100.0
mh_p_ksads__asd,asd,parent,,unknown,mh_p_ksads__asd__oth_dx,ses-03A,2.0,0,0,0,9990,0,9990,0.0
mh_p_ksads__asd,asd,parent,,unknown,mh_p_ksads__asd__oth_dx,ses-04A,2.0,141,8259,0,0,0,8400,100.0
mh_p_ksads__asd,asd,parent,,unknown,mh_p_ksads__asd__oth_dx,ses-05A,2.0,0,0,0,8056,0,8056,0.0
mh_p_ksads__asd,asd,parent,,unknown,mh_p_ksads__asd__oth_dx,ses-06A,2.0,0,0,0,9284,0,9284,0.0
mh_p_ksads__asd,asd,parent,,unknown,mh_p_ksads__asd__oth_dx,ses-07A,2.0,0,0,0,8321,0,8321,0.0
mh_p_ksads__asd,asd,parent,,unknown,mh_p_ksads__asd_dx,ses-00A,1.0,0,0,0,0,11719,11719,0.0
mh_p_ksads__asd,asd,parent,,unknown,mh_p_ksads__asd_dx,ses-01A,1.0,0,0,0,0,11075,11075,0.0
mh_p_ksads__asd,asd,parent,,unknown,mh_p_ksads__asd_dx,ses-02A,1.0,0,0,0,0,10743,10743,0.0
mh_p_ksads__asd,asd,parent,,unknown,mh_p_ksads__asd_dx,ses-03A,2.0,0,0,0,9990,0,9990,0.0
mh_p_ksads__asd,asd,parent,,unknown,mh_p_ksads__asd_dx,ses-04A,2.0,0,8400,0,0,0,8400,100.0
mh_p_ksads__asd,asd,parent,,unknown,mh_p_ksads__asd_dx,ses-05A,2.0,0,0,0,8056,0,8056,0.0
mh_p_ksads__asd,asd,parent,,unknown,mh_p_ksads__asd_dx,ses-06A,2.0,0,0,0,9284,0,9284,0.0
mh_p_ksads__asd,asd,parent,,unknown,mh_p_ksads__asd_dx,ses-07A,2.0,0,0,0,8321,0,8321,0.0
mh_p_ksads__bpd,bpd,parent,bpd1__curdep,partial_remission,mh_p_ksads__bpd__bpd1__curdep__partrem_dx,ses-00A,1.0,0,0,0,0,11719,11719,0.0
mh_p_ksads__bpd,bpd,parent,bpd1__curdep,partial_remission,mh_p_ksads__bpd__bpd1__curdep__partrem_dx,ses-01A,1.0,0,0,0,0,11075,11075,0.0
mh_p_ksads__bpd,bpd,parent,bpd1__curdep,partial_remission,mh_p_ksads__bpd__bpd1__curdep__partrem_dx,ses-02A,1.0,0,0,0,0,10743,10743,0.0
mh_p_ksads__bpd,bpd,parent,bpd1__curdep,partial_remission,mh_p_ksads__bpd__bpd1__curdep__partrem_dx,ses-03A,2.0,0,0,0,9990,0,9990,0.0
mh_p_ksads__bpd,bpd,parent,bpd1__curdep,partial_remission,mh_p_ksads__bpd__bpd1__curdep__partrem_dx,ses-04A,2.0,2,8398,0,0,0,8400,100.0
mh_p_ksads__bpd,bpd,parent,bpd1__curdep,partial_remission,mh_p_ksads__bpd__bpd1__curdep__partrem_dx,ses-05A,2.0,0,0,0,8056,0,8056,0.0
mh_p_ksads__bpd,bpd,parent,bpd1__curdep,partial_remission,mh_p_ksads__bpd__bpd1__curdep__partrem_dx,ses-06A,2.0,9,9275,0,0,0,9284,100.0
mh_p_ksads__bpd,bpd,parent,bpd1__curdep,partial_remission,mh_p_ksads__bpd__bpd1__curdep__partrem_dx,ses-07A,2.0,0,0,0,8321,0,8321,0.0
mh_p_ksads__bpd,bpd,parent,bpd1__curdep,present,mh_p_ksads__bpd__bpd1__curdep__pres_dx,ses-00A,1.0,12,11693,0,0,14,11719,99.9
mh_p_ksads__bpd,bpd,parent,bpd1__curdep,present,mh_p_ksads__bpd__bpd1__curdep__pres_dx,ses-01A,1.0,0,0,0,11074,1,11075,0.0
mh_p_ksads__bpd,bpd,parent,bpd1__curdep,present,mh_p_ksads__bpd__bpd1__curdep__pres_dx,ses-02A,1.0,10,10729,0,0,4,10743,100.0
mh_p_ksads__bpd,bpd,parent,bpd1__curdep,present,mh_p_ksads__bpd__bpd1__curdep__pres_dx,ses-03A,2.0,0,0,0,9990,0,9990,0.0
mh_p_ksads__bpd,bpd,parent,bpd1__curdep,present,mh_p_ksads__bpd__bpd1__curdep__pres_dx,ses-04A,2.0,0,8400,0,0,0,8400,100.0
mh_p_ksads__bpd,bpd,parent,bpd1__curdep,present,mh_p_ksads__bpd__bpd1__curdep__pres_dx,ses-05A,2.0,0,0,0,8056,0,8056,0.0
mh_p_ksads__bpd,bpd,parent,bpd1__curdep,present,mh_p_ksads__bpd__bpd1__curdep__pres_dx,ses-06A,2.0,2,9282,0,0,0,9284,100.0
mh_p_ksads__bpd,bpd,parent,bpd1__curdep,present,mh_p_ksads__bpd__bpd1__curdep__pres_dx,ses-07A,2.0,0,0,0,8321,0,8321,0.0
mh_p_ksads__bpd,bpd,parent,bpd1__curhypo,present,mh_p_ksads__bpd__bpd1__curhypo__pres_dx,ses-00A,1.0,1,11704,0,0,14,11719,99.9
mh_p_ksads__bpd,bpd,parent,bpd1__curhypo,present,mh_p_ksads__bpd__bpd1__curhypo__pres_dx,ses-01A,1.0,0,0,0,11074,1,11075,0.0
mh_p_ksads__bpd,bpd,parent,bpd1__curhypo,present,mh_p_ksads__bpd__bpd1__curhypo__pres_dx,ses-02A,1.0,1,10738,0,0,4,10743,100.0
mh_p_ksads__bpd,bpd,parent,bpd1__curhypo,present,mh_p_ksads__bpd__bpd1__curhypo__pres_dx,ses-03A,2.0,0,0,0,0,9990,9990,0.0
mh_p_ksads__bpd,bpd,parent,bpd1__curhypo,present,mh_p_ksads__bpd__bpd1__curhypo__pres_dx,ses-04A,2.0,0,0,0,0,8400,8400,0.0
mh_p_ksads__bpd,bpd,parent,bpd1__curhypo,present,mh_p_ksads__bpd__bpd1__curhypo__pres_dx,ses-05A,2.0,0,0,0,0,8056,8056,0.0
mh_p_ksads__bpd,bpd,parent,bpd1__curhypo,present,mh_p_ksads__bpd__bpd1__curhypo__pres_dx,ses-06A,2.0,0,0,0,0,9284,9284,0.0
mh_p_ksads__bpd,bpd,parent,bpd1__curhypo,present,mh_p_ksads__bpd__bpd1__curhypo__pres_dx,ses-07A,2.0,0,0,0,0,8321,8321,0.0
mh_p_ksads__bpd,bpd,parent,bpd1__curmanic,present,mh_p_ksads__bpd__bpd1__curmanic__pres_dx,ses-00A,1.0,17,11688,0,0,14,11719,99.9
mh_p_ksads__bpd,bpd,parent,bpd1__curmanic,present,mh_p_ksads__bpd__bpd1__curmanic__pres_dx,ses-01A,1.0,0,0,0,11074,1,11075,0.0
mh_p_ksads__bpd,bpd,parent,bpd1__curmanic,present,mh_p_ksads__bpd__bpd1__curmanic__pres_dx,ses-02A,1.0,2,10737,0,0,4,10743,100.0
mh_p_ksads__bpd,bpd,parent,bpd1__curmanic,present,mh_p_ksads__bpd__bpd1__curmanic__pres_dx,ses-03A,2.0,0,0,0,9990,0,9990,0.0
mh_p_ksads__bpd,bpd,parent,bpd1__curmanic,present,mh_p_ksads__bpd__bpd1__curmanic__pres_dx,ses-04A,2.0,0,8400,0,0,0,8400,100.0
mh_p_ksads__bpd,bpd,parent,bpd1__curmanic,present,mh_p_ksads__bpd__bpd1__curmanic__pres_dx,ses-05A,2.0,0,0,0,8056,0,8056,0.0
mh_p_ksads__bpd,bpd,parent,bpd1__curmanic,present,mh_p_ksads__bpd__bpd1__curmanic__pres_dx,ses-06A,2.0,0,9284,0,0,0,9284,100.0
mh_p_ksads__bpd,bpd,parent,bpd1__curmanic,present,mh_p_ksads__bpd__bpd1__curmanic__pres_dx,ses-07A,2.0,0,0,0,8321,0,8321,0.0
mh_p_ksads__bpd,bpd,parent,bpd1__rcnt__dep,present,mh_p_ksads__bpd__bpd1__rcnt__dep__pres_dx,ses-00A,1.0,21,11684,0,0,14,11719,99.9
mh_p_ksads__bpd,bpd,parent,bpd1__rcnt__dep,present,mh_p_ksads__bpd__bpd1__rcnt__dep__pres_dx,ses-01A,1.0,0,0,0,11074,1,11075,0.0
mh_p_ksads__bpd,bpd,parent,bpd1__rcnt__dep,present,mh_p_ksads__bpd__bpd1__rcnt__dep__pres_dx,ses-02A,1.0,11,10728,0,0,4,10743,100.0
mh_p_ksads__bpd,bpd,parent,bpd1__rcnt__dep,present,mh_p_ksads__bpd__bpd1__rcnt__dep__pres_dx,ses-03A,2.0,0,0,0,0,9990,9990,0.0
mh_p_ksads__bpd,bpd,parent,bpd1__rcnt__dep,present,mh_p_ksads__bpd__bpd1__rcnt__dep__pres_dx,ses-04A,2.0,0,0,0,0,8400,8400,0.0
mh_p_ksads__bpd,bpd,parent,bpd1__rcnt__dep,present,mh_p_ksads__bpd__bpd1__rcnt__dep__pres_dx,ses-05A,2.0,0,0,0,0,8056,8056,0.0
mh_p_ksads__bpd,bpd,parent,bpd1__rcnt__dep,present,mh_p_ksads__bpd__bpd1__rcnt__dep__pres_dx,ses-06A,2.0,0,0,0,0,9284,9284,0.0
mh_p_ksads__bpd,bpd,parent,bpd1__rcnt__dep,present,mh_p_ksads__bpd__bpd1__rcnt__dep__pres_dx,ses-07A,2.0,0,0,0,0,8321,8321,0.0
mh_p_ksads__bpd,bpd,parent,bpd1__rcnt__manic,present,mh_p_ksads__bpd__bpd1__rcnt__manic__pres_dx,ses-00A,1.0,300,11405,0,0,14,11719,99.9
mh_p_ksads__bpd,bpd,parent,bpd1__rcnt__manic,present,mh_p_ksads__bpd__bpd1__rcnt__manic__pres_dx,ses-01A,1.0,0,0,0,11074,1,11075,0.0
mh_p_ksads__bpd,bpd,parent,bpd1__rcnt__manic,present,mh_p_ksads__bpd__bpd1__rcnt__manic__pres_dx,ses-02A,1.0,134,10605,0,0,4,10743,100.0
mh_p_ksads__bpd,bpd,parent,bpd1__rcnt__manic,present,mh_p_ksads__bpd__bpd1__rcnt__manic__pres_dx,ses-03A,2.0,0,0,0,0,9990,9990,0.0
mh_p_ksads__bpd,bpd,parent,bpd1__rcnt__manic,present,mh_p_ksads__bpd__bpd1__rcnt__manic__pres_dx,ses-04A,2.0,0,0,0,0,8400,8400,0.0
mh_p_ksads__bpd,bpd,parent,bpd1__rcnt__manic,present,mh_p_ksads__bpd__bpd1__rcnt__manic__pres_dx,ses-05A,2.0,0,0,0,0,8056,8056,0.0
mh_p_ksads__bpd,bpd,parent,bpd1__rcnt__manic,present,mh_p_ksads__bpd__bpd1__rcnt__manic__pres_dx,ses-06A,2.0,0,0,0,0,9284,9284,0.0
mh_p_ksads__bpd,bpd,parent,bpd1__rcnt__manic,present,mh_p_ksads__bpd__bpd1__rcnt__manic__pres_dx,ses-07A,2.0,0,0,0,0,8321,8321,0.0
mh_p_ksads__bpd,bpd,parent,bpd1__rcnt__manicmix,present,mh_p_ksads__bpd__bpd1__rcnt__manicmix__pres_dx,ses-00A,1.0,0,0,0,0,11719,11719,0.0
mh_p_ksads__bpd,bpd,parent,bpd1__rcnt__manicmix,present,mh_p_ksads__bpd__bpd1__rcnt__manicmix__pres_dx,ses-01A,1.0,0,0,0,0,11075,11075,0.0
mh_p_ksads__bpd,bpd,parent,bpd1__rcnt__manicmix,present,mh_p_ksads__bpd__bpd1__rcnt__manicmix__pres_dx,ses-02A,1.0,0,0,0,0,10743,10743,0.0
mh_p_ksads__bpd,bpd,parent,bpd1__rcnt__manicmix,present,mh_p_ksads__bpd__bpd1__rcnt__manicmix__pres_dx,ses-03A,2.0,0,0,0,9990,0,9990,0.0
mh_p_ksads__bpd,bpd,parent,bpd1__rcnt__manicmix,present,mh_p_ksads__bpd__bpd1__rcnt__manicmix__pres_dx,ses-04A,2.0,8,8392,0,0,0,8400,100.0
mh_p_ksads__bpd,bpd,parent,bpd1__rcnt__manicmix,present,mh_p_ksads__bpd__bpd1__rcnt__manicmix__pres_dx,ses-05A,2.0,0,0,0,8056,0,8056,0.0
mh_p_ksads__bpd,bpd,parent,bpd1__rcnt__manicmix,present,mh_p_ksads__bpd__bpd1__rcnt__manicmix__pres_dx,ses-06A,2.0,11,9273,0,0,0,9284,100.0
mh_p_ksads__bpd,bpd,parent,bpd1__rcnt__manicmix,present,mh_p_ksads__bpd__bpd1__rcnt__manicmix__pres_dx,ses-07A,2.0,0,0,0,8321,0,8321,0.0
mh_p_ksads__bpd,bpd,parent,bpd2__curdep,partial_remission,mh_p_ksads__bpd__bpd2__curdep__partrem_dx,ses-00A,1.0,0,0,0,0,11719,11719,0.0
mh_p_ksads__bpd,bpd,parent,bpd2__curdep,partial_remission,mh_p_ksads__bpd__bpd2__curdep__partrem_dx,ses-01A,1.0,0,0,0,0,11075,11075,0.0
mh_p_ksads__bpd,bpd,parent,bpd2__curdep,partial_remission,mh_p_ksads__bpd__bpd2__curdep__partrem_dx,ses-02A,1.0,0,0,0,0,10743,10743,0.0
mh_p_ksads__bpd,bpd,parent,bpd2__curdep,partial_remission,mh_p_ksads__bpd__bpd2__curdep__partrem_dx,ses-03A,2.0,0,0,0,9990,0,9990,0.0
mh_p_ksads__bpd,bpd,parent,bpd2__curdep,partial_remission,mh_p_ksads__bpd__bpd2__curdep__partrem_dx,ses-04A,2.0,0,8400,0,0,0,8400,100.0
mh_p_ksads__bpd,bpd,parent,bpd2__curdep,partial_remission,mh_p_ksads__bpd__bpd2__curdep__partrem_dx,ses-05A,2.0,0,0,0,8056,0,8056,0.0
mh_p_ksads__bpd,bpd,parent,bpd2__curdep,partial_remission,mh_p_ksads__bpd__bpd2__curdep__partrem_dx,ses-06A,2.0,0,9284,0,0,0,9284,100.0
mh_p_ksads__bpd,bpd,parent,bpd2__curdep,partial_remission,mh_p_ksads__bpd__bpd2__curdep__partrem_dx,ses-07A,2.0,0,0,0,8321,0,8321,0.0
mh_p_ksads__bpd,bpd,parent,bpd2__curdep,present,mh_p_ksads__bpd__bpd2__curdep__pres_dx,ses-00A,1.0,7,11698,0,0,14,11719,99.9
mh_p_ksads__bpd,bpd,parent,bpd2__curdep,present,mh_p_ksads__bpd__bpd2__curdep__pres_dx,ses-01A,1.0,0,0,0,11074,1,11075,0.0
mh_p_ksads__bpd,bpd,parent,bpd2__curdep,present,mh_p_ksads__bpd__bpd2__curdep__pres_dx,ses-02A,1.0,13,10726,0,0,4,10743,100.0
mh_p_ksads__bpd,bpd,parent,bpd2__curdep,present,mh_p_ksads__bpd__bpd2__curdep__pres_dx,ses-03A,2.0,0,0,0,9990,0,9990,0.0
mh_p_ksads__bpd,bpd,parent,bpd2__curdep,present,mh_p_ksads__bpd__bpd2__curdep__pres_dx,ses-04A,2.0,0,8400,0,0,0,8400,100.0
mh_p_ksads__bpd,bpd,parent,bpd2__curdep,present,mh_p_ksads__bpd__bpd2__curdep__pres_dx,ses-05A,2.0,0,0,0,8056,0,8056,0.0
mh_p_ksads__bpd,bpd,parent,bpd2__curdep,present,mh_p_ksads__bpd__bpd2__curdep__pres_dx,ses-06A,2.0,0,9284,0,0,0,9284,100.0
mh_p_ksads__bpd,bpd,parent,bpd2__curdep,present,mh_p_ksads__bpd__bpd2__curdep__pres_dx,ses-07A,2.0,0,0,0,8321,0,8321,0.0
mh_p_ksads__bpd,bpd,parent,bpd2__curhypo,present,mh_p_ksads__bpd__bpd2__curhypo__pres_dx,ses-00A,1.0,0,11705,0,0,14,11719,99.9
mh_p_ksads__bpd,bpd,parent,bpd2__curhypo,present,mh_p_ksads__bpd__bpd2__curhypo__pres_dx,ses-01A,1.0,0,0,0,11074,1,11075,0.0
mh_p_ksads__bpd,bpd,parent,bpd2__curhypo,present,mh_p_ksads__bpd__bpd2__curhypo__pres_dx,ses-02A,1.0,1,10738,0,0,4,10743,100.0
mh_p_ksads__bpd,bpd,parent,bpd2__curhypo,present,mh_p_ksads__bpd__bpd2__curhypo__pres_dx,ses-03A,2.0,0,0,0,9990,0,9990,0.0
mh_p_ksads__bpd,bpd,parent,bpd2__curhypo,present,mh_p_ksads__bpd__bpd2__curhypo__pres_dx,ses-04A,2.0,0,8400,0,0,0,8400,100.0
mh_p_ksads__bpd,bpd,parent,bpd2__curhypo,present,mh_p_ksads__bpd__bpd2__curhypo__pres_dx,ses-05A,2.0,0,0,0,8056,0,8056,0.0
mh_p_ksads__bpd,bpd,parent,bpd2__curhypo,present,mh_p_ksads__bpd__bpd2__curhypo__pres_dx,ses-06A,2.0,0,9284,0,0,0,9284,100.0
mh_p_ksads__bpd,bpd,parent,bpd2__curhypo,present,mh_p_ksads__bpd__bpd2__curhypo__pres_dx,ses-07A,2.0,0,0,0,8321,0,8321,0.0
mh_p_ksads__bpd,bpd,parent,bpd2__oth,unknown,mh_p_ksads__bpd__bpd2__oth__mindur_dx,ses-00A,1.0,0,0,0,0,11719,11719,0.0
mh_p_ksads__bpd,bpd,parent,bpd2__oth,unknown,mh_p_ksads__bpd__bpd2__oth__mindur_dx,ses-01A,1.0,0,0,0,0,11075,11075,0.0
mh_p_ksads__bpd,bpd,parent,bpd2__oth,unknown,mh_p_ksads__bpd__bpd2__oth__mindur_dx,ses-02A,1.0,0,0,0,0,10743,10743,0.0
mh_p_ksads__bpd,bpd,parent,bpd2__oth,unknown,mh_p_ksads__bpd__bpd2__oth__mindur_dx,ses-03A,2.0,0,0,0,9990,0,9990,0.0
mh_p_ksads__bpd,bpd,parent,bpd2__oth,unknown,mh_p_ksads__bpd__bpd2__oth__mindur_dx,ses-04A,2.0,6,8394,0,0,0,8400,100.0
mh_p_ksads__bpd,bpd,parent,bpd2__oth,unknown,mh_p_ksads__bpd__bpd2__oth__mindur_dx,ses-05A,2.0,0,0,0,8056,0,8056,0.0
mh_p_ksads__bpd,bpd,parent,bpd2__oth,unknown,mh_p_ksads__bpd__bpd2__oth__mindur_dx,ses-06A,2.0,6,9278,0,0,0,9284,100.0
mh_p_ksads__bpd,bpd,parent,bpd2__oth,unknown,mh_p_ksads__bpd__bpd2__oth__mindur_dx,ses-07A,2.0,0,0,0,8321,0,8321,0.0
mh_p_ksads__bpd,bpd,parent,bpd2__oth,unknown,mh_p_ksads__bpd__bpd2__oth__nomdd_dx,ses-00A,1.0,0,0,0,0,11719,11719,0.0
mh_p_ksads__bpd,bpd,parent,bpd2__oth,unknown,mh_p_ksads__bpd__bpd2__oth__nomdd_dx,ses-01A,1.0,0,0,0,0,11075,11075,0.0
mh_p_ksads__bpd,bpd,parent,bpd2__oth,unknown,mh_p_ksads__bpd__bpd2__oth__nomdd_dx,ses-02A,1.0,0,0,0,0,10743,10743,0.0
mh_p_ksads__bpd,bpd,parent,bpd2__oth,unknown,mh_p_ksads__bpd__bpd2__oth__nomdd_dx,ses-03A,2.0,0,0,0,9990,0,9990,0.0
mh_p_ksads__bpd,bpd,parent,bpd2__oth,unknown,mh_p_ksads__bpd__bpd2__oth__nomdd_dx,ses-04A,2.0,2,8398,0,0,0,8400,100.0
mh_p_ksads__bpd,bpd,parent,bpd2__oth,unknown,mh_p_ksads__bpd__bpd2__oth__nomdd_dx,ses-05A,2.0,0,0,0,8056,0,8056,0.0
mh_p_ksads__bpd,bpd,parent,bpd2__oth,unknown,mh_p_ksads__bpd__bpd2__oth__nomdd_dx,ses-06A,2.0,0,9284,0,0,0,9284,100.0
mh_p_ksads__bpd,bpd,parent,bpd2__oth,unknown,mh_p_ksads__bpd__bpd2__oth__nomdd_dx,ses-07A,2.0,0,0,0,8321,0,8321,0.0
mh_p_ksads__bpd,bpd,parent,bpd2__rcnt__hypo,present,mh_p_ksads__bpd__bpd2__rcnt__hypo__pres_dx,ses-00A,1.0,130,11575,0,0,14,11719,99.9
mh_p_ksads__bpd,bpd,parent,bpd2__rcnt__hypo,present,mh_p_ksads__bpd__bpd2__rcnt__hypo__pres_dx,ses-01A,1.0,0,0,0,11074,1,11075,0.0
mh_p_ksads__bpd,bpd,parent,bpd2__rcnt__hypo,present,mh_p_ksads__bpd__bpd2__rcnt__hypo__pres_dx,ses-02A,1.0,85,10654,0,0,4,10743,100.0
mh_p_ksads__bpd,bpd,parent,bpd2__rcnt__hypo,present,mh_p_ksads__bpd__bpd2__rcnt__hypo__pres_dx,ses-03A,2.0,0,0,0,0,9990,9990,0.0
mh_p_ksads__bpd,bpd,parent,bpd2__rcnt__hypo,present,mh_p_ksads__bpd__bpd2__rcnt__hypo__pres_dx,ses-04A,2.0,0,0,0,0,8400,8400,0.0
mh_p_ksads__bpd,bpd,parent,bpd2__rcnt__hypo,present,mh_p_ksads__bpd__bpd2__rcnt__hypo__pres_dx,ses-05A,2.0,0,0,0,0,8056,8056,0.0
mh_p_ksads__bpd,bpd,parent,bpd2__rcnt__hypo,present,mh_p_ksads__bpd__bpd2__rcnt__hypo__pres_dx,ses-06A,2.0,0,0,0,0,9284,9284,0.0
mh_p_ksads__bpd,bpd,parent,bpd2__rcnt__hypo,present,mh_p_ksads__bpd__bpd2__rcnt__hypo__pres_dx,ses-07A,2.0,0,0,0,0,8321,8321,0.0
mh_p_ksads__bpd,bpd,parent,bpd2__rcnt__hypomix,present,mh_p_ksads__bpd__bpd2__rcnt__hypomix__pres_dx,ses-00A,1.0,0,0,0,0,11719,11719,0.0
mh_p_ksads__bpd,bpd,parent,bpd2__rcnt__hypomix,present,mh_p_ksads__bpd__bpd2__rcnt__hypomix__pres_dx,ses-01A,1.0,0,0,0,0,11075,11075,0.0
mh_p_ksads__bpd,bpd,parent,bpd2__rcnt__hypomix,present,mh_p_ksads__bpd__bpd2__rcnt__hypomix__pres_dx,ses-02A,1.0,0,0,0,0,10743,10743,0.0
mh_p_ksads__bpd,bpd,parent,bpd2__rcnt__hypomix,present,mh_p_ksads__bpd__bpd2__rcnt__hypomix__pres_dx,ses-03A,2.0,0,0,0,9990,0,9990,0.0
mh_p_ksads__bpd,bpd,parent,bpd2__rcnt__hypomix,present,mh_p_ksads__bpd__bpd2__rcnt__hypomix__pres_dx,ses-04A,2.0,0,8400,0,0,0,8400,100.0
mh_p_ksads__bpd,bpd,parent,bpd2__rcnt__hypomix,present,mh_p_ksads__bpd__bpd2__rcnt__hypomix__pres_dx,ses-05A,2.0,0,0,0,8056,0,8056,0.0
mh_p_ksads__bpd,bpd,parent,bpd2__rcnt__hypomix,present,mh_p_ksads__bpd__bpd2__rcnt__hypomix__pres_dx,ses-06A,2.0,0,9284,0,0,0,9284,100.0
mh_p_ksads__bpd,bpd,parent,bpd2__rcnt__hypomix,present,mh_p_ksads__bpd__bpd2__rcnt__hypomix__pres_dx,ses-07A,2.0,0,0,0,8321,0,8321,0.0
mh_p_ksads__bpd,bpd,parent,oth,unknown,mh_p_ksads__bpd__oth__mindur_dx,ses-00A,1.0,0,0,0,0,11719,11719,0.0
mh_p_ksads__bpd,bpd,parent,oth,unknown,mh_p_ksads__bpd__oth__mindur_dx,ses-01A,1.0,0,0,0,0,11075,11075,0.0
mh_p_ksads__bpd,bpd,parent,oth,unknown,mh_p_ksads__bpd__oth__mindur_dx,ses-02A,1.0,0,0,0,0,10743,10743,0.0
mh_p_ksads__bpd,bpd,parent,oth,unknown,mh_p_ksads__bpd__oth__mindur_dx,ses-03A,2.0,0,0,0,9990,0,9990,0.0
mh_p_ksads__bpd,bpd,parent,oth,unknown,mh_p_ksads__bpd__oth__mindur_dx,ses-04A,2.0,9,8391,0,0,0,8400,100.0
mh_p_ksads__bpd,bpd,parent,oth,unknown,mh_p_ksads__bpd__oth__mindur_dx,ses-05A,2.0,0,0,0,8056,0,8056,0.0
mh_p_ksads__bpd,bpd,parent,oth,unknown,mh_p_ksads__bpd__oth__mindur_dx,ses-06A,2.0,23,9261,0,0,0,9284,100.0
mh_p_ksads__bpd,bpd,parent,oth,unknown,mh_p_ksads__bpd__oth__mindur_dx,ses-07A,2.0,0,0,0,8321,0,8321,0.0
mh_p_ksads__bpd,bpd,parent,unspec,past,mh_p_ksads__bpd__unspec__past_dx,ses-00A,1.0,388,11317,0,0,14,11719,99.9
mh_p_ksads__bpd,bpd,parent,unspec,past,mh_p_ksads__bpd__unspec__past_dx,ses-01A,1.0,0,0,0,11074,1,11075,0.0
mh_p_ksads__bpd,bpd,parent,unspec,past,mh_p_ksads__bpd__unspec__past_dx,ses-02A,1.0,164,10575,0,0,4,10743,100.0
mh_p_ksads__bpd,bpd,parent,unspec,past,mh_p_ksads__bpd__unspec__past_dx,ses-03A,2.0,0,0,0,0,9990,9990,0.0
mh_p_ksads__bpd,bpd,parent,unspec,past,mh_p_ksads__bpd__unspec__past_dx,ses-04A,2.0,0,0,0,0,8400,8400,0.0
mh_p_ksads__bpd,bpd,parent,unspec,past,mh_p_ksads__bpd__unspec__past_dx,ses-05A,2.0,0,0,0,0,8056,8056,0.0
mh_p_ksads__bpd,bpd,parent,unspec,past,mh_p_ksads__bpd__unspec__past_dx,ses-06A,2.0,0,0,0,0,9284,9284,0.0
mh_p_ksads__bpd,bpd,parent,unspec,past,mh_p_ksads__bpd__unspec__past_dx,ses-07A,2.0,0,0,0,0,8321,8321,0.0
mh_p_ksads__bpd,bpd,parent,unspec,present,mh_p_ksads__bpd__unspec__pres_dx,ses-00A,1.0,42,11663,0,0,14,11719,99.9
mh_p_ksads__bpd,bpd,parent,unspec,present,mh_p_ksads__bpd__unspec__pres_dx,ses-01A,1.0,0,0,0,11074,1,11075,0.0
mh_p_ksads__bpd,bpd,parent,unspec,present,mh_p_ksads__bpd__unspec__pres_dx,ses-02A,1.0,20,10719,0,0,4,10743,100.0
mh_p_ksads__bpd,bpd,parent,unspec,present,mh_p_ksads__bpd__unspec__pres_dx,ses-03A,2.0,0,0,0,0,9990,9990,0.0
mh_p_ksads__bpd,bpd,parent,unspec,present,mh_p_ksads__bpd__unspec__pres_dx,ses-04A,2.0,0,0,0,0,8400,8400,0.0
mh_p_ksads__bpd,bpd,parent,unspec,present,mh_p_ksads__bpd__unspec__pres_dx,ses-05A,2.0,0,0,0,0,8056,8056,0.0
mh_p_ksads__bpd,bpd,parent,unspec,present,mh_p_ksads__bpd__unspec__pres_dx,ses-06A,2.0,0,0,0,0,9284,9284,0.0
mh_p_ksads__bpd,bpd,parent,unspec,present,mh_p_ksads__bpd__unspec__pres_dx,ses-07A,2.0,0,0,0,0,8321,8321,0.0
mh_p_ksads__cond,cond,parent,onset__adoles,past,mh_p_ksads__cond__onset__adoles__past_dx,ses-00A,1.0,23,11682,0,0,14,11719,99.9
mh_p_ksads__cond,cond,parent,onset__adoles,past,mh_p_ksads__cond__onset__adoles__past_dx,ses-01A,1.0,7,11067,0,0,9,11083,99.9
mh_p_ksads__cond,cond,parent,onset__adoles,past,mh_p_ksads__cond__onset__adoles__past_dx,ses-02A,1.0,15,10724,0,0,4,10743,100.0
mh_p_ksads__cond,cond,parent,onset__adoles,past,mh_p_ksads__cond__onset__adoles__past_dx,ses-03A,2.0,14,9976,0,0,6,9996,99.9
mh_p_ksads__cond,cond,parent,onset__adoles,past,mh_p_ksads__cond__onset__adoles__past_dx,ses-04A,2.0,9,8391,0,0,0,8400,100.0
mh_p_ksads__cond,cond,parent,onset__adoles,past,mh_p_ksads__cond__onset__adoles__past_dx,ses-05A,2.0,0,0,0,8056,0,8056,0.0
mh_p_ksads__cond,cond,parent,onset__adoles,past,mh_p_ksads__cond__onset__adoles__past_dx,ses-06A,2.0,24,9260,0,0,0,9284,100.0
mh_p_ksads__cond,cond,parent,onset__adoles,past,mh_p_ksads__cond__onset__adoles__past_dx,ses-07A,2.0,30,8291,0,0,0,8321,100.0
mh_p_ksads__cond,cond,parent,onset__adoles,present,mh_p_ksads__cond__onset__adoles__pres_dx,ses-00A,1.0,41,11664,0,0,14,11719,99.9
mh_p_ksads__cond,cond,parent,onset__adoles,present,mh_p_ksads__cond__onset__adoles__pres_dx,ses-01A,1.0,110,10964,0,0,9,11083,99.9
mh_p_ksads__cond,cond,parent,onset__adoles,present,mh_p_ksads__cond__onset__adoles__pres_dx,ses-02A,1.0,122,10617,0,0,4,10743,100.0
mh_p_ksads__cond,cond,parent,onset__adoles,present,mh_p_ksads__cond__onset__adoles__pres_dx,ses-03A,2.0,120,9870,0,0,6,9996,99.9
mh_p_ksads__cond,cond,parent,onset__adoles,present,mh_p_ksads__cond__onset__adoles__pres_dx,ses-04A,2.0,74,8326,0,0,0,8400,100.0
mh_p_ksads__cond,cond,parent,onset__adoles,present,mh_p_ksads__cond__onset__adoles__pres_dx,ses-05A,2.0,0,0,0,8056,0,8056,0.0
mh_p_ksads__cond,cond,parent,onset__adoles,present,mh_p_ksads__cond__onset__adoles__pres_dx,ses-06A,2.0,123,9161,0,0,0,9284,100.0
mh_p_ksads__cond,cond,parent,onset__adoles,present,mh_p_ksads__cond__onset__adoles__pres_dx,ses-07A,2.0,113,8208,0,0,0,8321,100.0
mh_p_ksads__cond,cond,parent,onset__chld,past,mh_p_ksads__cond__onset__chld__past_dx,ses-00A,1.0,118,11587,0,0,14,11719,99.9
mh_p_ksads__cond,cond,parent,onset__chld,past,mh_p_ksads__cond__onset__chld__past_dx,ses-01A,1.0,16,11058,0,0,9,11083,99.9
mh_p_ksads__cond,cond,parent,onset__chld,past,mh_p_ksads__cond__onset__chld__past_dx,ses-02A,1.0,43,10696,0,0,4,10743,100.0
mh_p_ksads__cond,cond,parent,onset__chld,past,mh_p_ksads__cond__onset__chld__past_dx,ses-03A,2.0,54,9936,0,0,6,9996,99.9
mh_p_ksads__cond,cond,parent,onset__chld,past,mh_p_ksads__cond__onset__chld__past_dx,ses-04A,2.0,63,8337,0,0,0,8400,100.0
mh_p_ksads__cond,cond,parent,onset__chld,past,mh_p_ksads__cond__onset__chld__past_dx,ses-05A,2.0,0,0,0,8056,0,8056,0.0
mh_p_ksads__cond,cond,parent,onset__chld,past,mh_p_ksads__cond__onset__chld__past_dx,ses-06A,2.0,101,9183,0,0,0,9284,100.0
mh_p_ksads__cond,cond,parent,onset__chld,past,mh_p_ksads__cond__onset__chld__past_dx,ses-07A,2.0,77,8244,0,0,0,8321,100.0
mh_p_ksads__cond,cond,parent,onset__chld,present,mh_p_ksads__cond__onset__chld__pres_dx,ses-00A,1.0,333,11372,0,0,14,11719,99.9
mh_p_ksads__cond,cond,parent,onset__chld,present,mh_p_ksads__cond__onset__chld__pres_dx,ses-01A,1.0,207,10867,0,0,9,11083,99.9
mh_p_ksads__cond,cond,parent,onset__chld,present,mh_p_ksads__cond__onset__chld__pres_dx,ses-02A,1.0,90,10649,0,0,4,10743,100.0
mh_p_ksads__cond,cond,parent,onset__chld,present,mh_p_ksads__cond__onset__chld__pres_dx,ses-03A,2.0,99,9891,0,0,6,9996,99.9
mh_p_ksads__cond,cond,parent,onset__chld,present,mh_p_ksads__cond__onset__chld__pres_dx,ses-04A,2.0,114,8286,0,0,0,8400,100.0
mh_p_ksads__cond,cond,parent,onset__chld,present,mh_p_ksads__cond__onset__chld__pres_dx,ses-05A,2.0,0,0,0,8056,0,8056,0.0
mh_p_ksads__cond,cond,parent,onset__chld,present,mh_p_ksads__cond__onset__chld__pres_dx,ses-06A,2.0,141,9143,0,0,0,9284,100.0
mh_p_ksads__cond,cond,parent,onset__chld,present,mh_p_ksads__cond__onset__chld__pres_dx,ses-07A,2.0,132,8189,0,0,0,8321,100.0
mh_p_ksads__dep,dep,parent,mdd,partial_remission,mh_p_ksads__dep__mdd__partrem_dx,ses-00A,1.0,19,11686,0,0,14,11719,99.9
mh_p_ksads__dep,dep,parent,mdd,partial_remission,mh_p_ksads__dep__mdd__partrem_dx,ses-01A,1.0,0,0,0,11074,1,11075,0.0
mh_p_ksads__dep,dep,parent,mdd,partial_remission,mh_p_ksads__dep__mdd__partrem_dx,ses-02A,1.0,44,10695,0,0,4,10743,100.0
mh_p_ksads__dep,dep,parent,mdd,partial_remission,mh_p_ksads__dep__mdd__partrem_dx,ses-03A,2.0,0,0,0,9990,0,9990,0.0
mh_p_ksads__dep,dep,parent,mdd,partial_remission,mh_p_ksads__dep__mdd__partrem_dx,ses-04A,2.0,384,8016,0,0,0,8400,100.0
mh_p_ksads__dep,dep,parent,mdd,partial_remission,mh_p_ksads__dep__mdd__partrem_dx,ses-05A,2.0,0,0,0,8056,0,8056,0.0
mh_p_ksads__dep,dep,parent,mdd,partial_remission,mh_p_ksads__dep__mdd__partrem_dx,ses-06A,2.0,548,8736,0,0,0,9284,100.0
mh_p_ksads__dep,dep,parent,mdd,partial_remission,mh_p_ksads__dep__mdd__partrem_dx,ses-07A,2.0,0,0,0,8321,0,8321,0.0
mh_p_ksads__dep,dep,parent,mdd,past,mh_p_ksads__dep__mdd__past_dx,ses-00A,1.0,293,11412,0,0,14,11719,99.9
mh_p_ksads__dep,dep,parent,mdd,past,mh_p_ksads__dep__mdd__past_dx,ses-01A,1.0,0,0,0,11074,1,11075,0.0
mh_p_ksads__dep,dep,parent,mdd,past,mh_p_ksads__dep__mdd__past_dx,ses-02A,1.0,359,10380,0,0,4,10743,100.0
mh_p_ksads__dep,dep,parent,mdd,past,mh_p_ksads__dep__mdd__past_dx,ses-03A,2.0,0,0,0,9990,0,9990,0.0
mh_p_ksads__dep,dep,parent,mdd,past,mh_p_ksads__dep__mdd__past_dx,ses-04A,2.0,142,8258,0,0,0,8400,100.0
mh_p_ksads__dep,dep,parent,mdd,past,mh_p_ksads__dep__mdd__past_dx,ses-05A,2.0,0,0,0,8056,0,8056,0.0
mh_p_ksads__dep,dep,parent,mdd,past,mh_p_ksads__dep__mdd__past_dx,ses-06A,2.0,247,9037,0,0,0,9284,100.0
mh_p_ksads__dep,dep,parent,mdd,past,mh_p_ksads__dep__mdd__past_dx,ses-07A,2.0,0,0,0,8321,0,8321,0.0
mh_p_ksads__dep,dep,parent,mdd,present,mh_p_ksads__dep__mdd__pres_dx,ses-00A,1.0,23,11682,0,0,14,11719,99.9
mh_p_ksads__dep,dep,parent,mdd,present,mh_p_ksads__dep__mdd__pres_dx,ses-01A,1.0,0,0,0,11074,1,11075,0.0
mh_p_ksads__dep,dep,parent,mdd,present,mh_p_ksads__dep__mdd__pres_dx,ses-02A,1.0,41,10698,0,0,4,10743,100.0
mh_p_ksads__dep,dep,parent,mdd,present,mh_p_ksads__dep__mdd__pres_dx,ses-03A,2.0,0,0,0,9990,0,9990,0.0
mh_p_ksads__dep,dep,parent,mdd,present,mh_p_ksads__dep__mdd__pres_dx,ses-04A,2.0,80,8320,0,0,0,8400,100.0
mh_p_ksads__dep,dep,parent,mdd,present,mh_p_ksads__dep__mdd__pres_dx,ses-05A,2.0,0,0,0,8056,0,8056,0.0
mh_p_ksads__dep,dep,parent,mdd,present,mh_p_ksads__dep__mdd__pres_dx,ses-06A,2.0,96,9188,0,0,0,9284,100.0
mh_p_ksads__dep,dep,parent,mdd,present,mh_p_ksads__dep__mdd__pres_dx,ses-07A,2.0,0,0,0,8321,0,8321,0.0
mh_p_ksads__dep,dep,parent,pdd__oth,present,mh_p_ksads__dep__pdd__oth__pres_dx,ses-00A,1.0,0,0,0,0,11719,11719,0.0
mh_p_ksads__dep,dep,parent,pdd__oth,present,mh_p_ksads__dep__pdd__oth__pres_dx,ses-01A,1.0,0,0,0,0,11075,11075,0.0
mh_p_ksads__dep,dep,parent,pdd__oth,present,mh_p_ksads__dep__pdd__oth__pres_dx,ses-02A,1.0,0,0,0,0,10743,10743,0.0
mh_p_ksads__dep,dep,parent,pdd__oth,present,mh_p_ksads__dep__pdd__oth__pres_dx,ses-03A,2.0,0,0,0,9990,0,9990,0.0
mh_p_ksads__dep,dep,parent,pdd__oth,present,mh_p_ksads__dep__pdd__oth__pres_dx,ses-04A,2.0,1,8399,0,0,0,8400,100.0
mh_p_ksads__dep,dep,parent,pdd__oth,present,mh_p_ksads__dep__pdd__oth__pres_dx,ses-05A,2.0,0,0,0,8056,0,8056,0.0
mh_p_ksads__dep,dep,parent,pdd__oth,present,mh_p_ksads__dep__pdd__oth__pres_dx,ses-06A,2.0,3,9281,0,0,0,9284,100.0
mh_p_ksads__dep,dep,parent,pdd__oth,present,mh_p_ksads__dep__pdd__oth__pres_dx,ses-07A,2.0,0,0,0,8321,0,8321,0.0
mh_p_ksads__dep,dep,parent,pdd,partial_remission,mh_p_ksads__dep__pdd__partrem_dx,ses-00A,1.0,0,11705,0,0,14,11719,99.9
mh_p_ksads__dep,dep,parent,pdd,partial_remission,mh_p_ksads__dep__pdd__partrem_dx,ses-01A,1.0,0,0,0,11074,1,11075,0.0
mh_p_ksads__dep,dep,parent,pdd,partial_remission,mh_p_ksads__dep__pdd__partrem_dx,ses-02A,1.0,0,10739,0,0,4,10743,100.0
mh_p_ksads__dep,dep,parent,pdd,partial_remission,mh_p_ksads__dep__pdd__partrem_dx,ses-03A,2.0,0,0,0,9990,0,9990,0.0
mh_p_ksads__dep,dep,parent,pdd,partial_remission,mh_p_ksads__dep__pdd__partrem_dx,ses-04A,2.0,6,8394,0,0,0,8400,100.0
mh_p_ksads__dep,dep,parent,pdd,partial_remission,mh_p_ksads__dep__pdd__partrem_dx,ses-05A,2.0,0,0,0,8056,0,8056,0.0
mh_p_ksads__dep,dep,parent,pdd,partial_remission,mh_p_ksads__dep__pdd__partrem_dx,ses-06A,2.0,6,9278,0,0,0,9284,100.0
mh_p_ksads__dep,dep,parent,pdd,partial_remission,mh_p_ksads__dep__pdd__partrem_dx,ses-07A,2.0,0,0,0,8321,0,8321,0.0
mh_p_ksads__dep,dep,parent,pdd,past,mh_p_ksads__dep__pdd__past_dx,ses-00A,1.0,17,11688,0,0,14,11719,99.9
mh_p_ksads__dep,dep,parent,pdd,past,mh_p_ksads__dep__pdd__past_dx,ses-01A,1.0,0,0,0,11074,1,11075,0.0
mh_p_ksads__dep,dep,parent,pdd,past,mh_p_ksads__dep__pdd__past_dx,ses-02A,1.0,26,10713,0,0,4,10743,100.0
mh_p_ksads__dep,dep,parent,pdd,past,mh_p_ksads__dep__pdd__past_dx,ses-03A,2.0,0,0,0,9990,0,9990,0.0
mh_p_ksads__dep,dep,parent,pdd,past,mh_p_ksads__dep__pdd__past_dx,ses-04A,2.0,16,8384,0,0,0,8400,100.0
mh_p_ksads__dep,dep,parent,pdd,past,mh_p_ksads__dep__pdd__past_dx,ses-05A,2.0,0,0,0,8056,0,8056,0.0
mh_p_ksads__dep,dep,parent,pdd,past,mh_p_ksads__dep__pdd__past_dx,ses-06A,2.0,17,9267,0,0,0,9284,100.0
mh_p_ksads__dep,dep,parent,pdd,past,mh_p_ksads__dep__pdd__past_dx,ses-07A,2.0,0,0,0,8321,0,8321,0.0
mh_p_ksads__dep,dep,parent,pdd,present,mh_p_ksads__dep__pdd__pres_dx,ses-00A,1.0,0,11705,0,0,14,11719,99.9
mh_p_ksads__dep,dep,parent,pdd,present,mh_p_ksads__dep__pdd__pres_dx,ses-01A,1.0,0,0,0,11074,1,11075,0.0
mh_p_ksads__dep,dep,parent,pdd,present,mh_p_ksads__dep__pdd__pres_dx,ses-02A,1.0,0,10739,0,0,4,10743,100.0
mh_p_ksads__dep,dep,parent,pdd,present,mh_p_ksads__dep__pdd__pres_dx,ses-03A,2.0,0,0,0,9990,0,9990,0.0
mh_p_ksads__dep,dep,parent,pdd,present,mh_p_ksads__dep__pdd__pres_dx,ses-04A,2.0,34,8366,0,0,0,8400,100.0
mh_p_ksads__dep,dep,parent,pdd,present,mh_p_ksads__dep__pdd__pres_dx,ses-05A,2.0,0,0,0,8056,0,8056,0.0
mh_p_ksads__dep,dep,parent,pdd,present,mh_p_ksads__dep__pdd__pres_dx,ses-06A,2.0,46,9238,0,0,0,9284,100.0
mh_p_ksads__dep,dep,parent,pdd,present,mh_p_ksads__dep__pdd__pres_dx,ses-07A,2.0,0,0,0,8321,0,8321,0.0
mh_p_ksads__dep,dep,parent,unspec,past,mh_p_ksads__dep__unspec__past_dx,ses-00A,1.0,416,11289,0,0,14,11719,99.9
mh_p_ksads__dep,dep,parent,unspec,past,mh_p_ksads__dep__unspec__past_dx,ses-01A,1.0,0,0,0,11074,1,11075,0.0
mh_p_ksads__dep,dep,parent,unspec,past,mh_p_ksads__dep__unspec__past_dx,ses-02A,1.0,423,10316,0,0,4,10743,100.0
mh_p_ksads__dep,dep,parent,unspec,past,mh_p_ksads__dep__unspec__past_dx,ses-03A,2.0,0,0,0,0,9990,9990,0.0
mh_p_ksads__dep,dep,parent,unspec,past,mh_p_ksads__dep__unspec__past_dx,ses-04A,2.0,0,0,0,0,8400,8400,0.0
mh_p_ksads__dep,dep,parent,unspec,past,mh_p_ksads__dep__unspec__past_dx,ses-05A,2.0,0,0,0,0,8056,8056,0.0
mh_p_ksads__dep,dep,parent,unspec,past,mh_p_ksads__dep__unspec__past_dx,ses-06A,2.0,0,0,0,0,9284,9284,0.0
mh_p_ksads__dep,dep,parent,unspec,past,mh_p_ksads__dep__unspec__past_dx,ses-07A,2.0,0,0,0,0,8321,8321,0.0
mh_p_ksads__dep,dep,parent,unspec,present,mh_p_ksads__dep__unspec__pres_dx,ses-00A,1.0,14,11691,0,0,14,11719,99.9
mh_p_ksads__dep,dep,parent,unspec,present,mh_p_ksads__dep__unspec__pres_dx,ses-01A,1.0,0,0,0,11074,1,11075,0.0
mh_p_ksads__dep,dep,parent,unspec,present,mh_p_ksads__dep__unspec__pres_dx,ses-02A,1.0,0,10739,0,0,4,10743,100.0
mh_p_ksads__dep,dep,parent,unspec,present,mh_p_ksads__dep__unspec__pres_dx,ses-03A,2.0,0,0,0,0,9990,9990,0.0
mh_p_ksads__dep,dep,parent,unspec,present,mh_p_ksads__dep__unspec__pres_dx,ses-04A,2.0,0,0,0,0,8400,8400,0.0
mh_p_ksads__dep,dep,parent,unspec,present,mh_p_ksads__dep__unspec__pres_dx,ses-05A,2.0,0,0,0,0,8056,8056,0.0
mh_p_ksads__dep,dep,parent,unspec,present,mh_p_ksads__dep__unspec__pres_dx,ses-06A,2.0,0,0,0,0,9284,9284,0.0
mh_p_ksads__dep,dep,parent,unspec,present,mh_p_ksads__dep__unspec__pres_dx,ses-07A,2.0,0,0,0,0,8321,8321,0.0
mh_p_ksads__dmdd,dmdd,parent,dmdd,present,mh_p_ksads__dmdd__dmdd__pres_dx,ses-00A,1.0,8,11697,0,0,3,11708,100.0
mh_p_ksads__dmdd,dmdd,parent,dmdd,present,mh_p_ksads__dmdd__dmdd__pres_dx,ses-01A,1.0,0,0,0,11074,0,11074,0.0
mh_p_ksads__dmdd,dmdd,parent,dmdd,present,mh_p_ksads__dmdd__dmdd__pres_dx,ses-02A,1.0,3,10736,0,0,1,10740,100.0
mh_p_ksads__dmdd,dmdd,parent,dmdd,present,mh_p_ksads__dmdd__dmdd__pres_dx,ses-03A,2.0,0,0,0,9990,0,9990,0.0
mh_p_ksads__dmdd,dmdd,parent,dmdd,present,mh_p_ksads__dmdd__dmdd__pres_dx,ses-04A,2.0,40,8360,0,0,0,8400,100.0
mh_p_ksads__dmdd,dmdd,parent,dmdd,present,mh_p_ksads__dmdd__dmdd__pres_dx,ses-05A,2.0,0,0,0,8056,0,8056,0.0
mh_p_ksads__dmdd,dmdd,parent,dmdd,present,mh_p_ksads__dmdd__dmdd__pres_dx,ses-06A,2.0,20,9264,0,0,0,9284,100.0
mh_p_ksads__dmdd,dmdd,parent,dmdd,present,mh_p_ksads__dmdd__dmdd__pres_dx,ses-07A,2.0,0,0,0,8321,0,8321,0.0
mh_p_ksads__ed,ed,parent,an__bingeprg,partial_remission,mh_p_ksads__ed__an__bingeprg__partrem_dx,ses-00A,1.0,0,11705,0,0,14,11719,99.9
mh_p_ksads__ed,ed,parent,an__bingeprg,partial_remission,mh_p_ksads__ed__an__bingeprg__partrem_dx,ses-01A,1.0,1,11073,0,0,9,11083,99.9
mh_p_ksads__ed,ed,parent,an__bingeprg,partial_remission,mh_p_ksads__ed__an__bingeprg__partrem_dx,ses-02A,1.0,0,10739,0,0,4,10743,100.0
mh_p_ksads__ed,ed,parent,an__bingeprg,partial_remission,mh_p_ksads__ed__an__bingeprg__partrem_dx,ses-03A,2.0,0,9990,0,0,6,9996,99.9
mh_p_ksads__ed,ed,parent,an__bingeprg,partial_remission,mh_p_ksads__ed__an__bingeprg__partrem_dx,ses-04A,2.0,0,8400,0,0,0,8400,100.0
mh_p_ksads__ed,ed,parent,an__bingeprg,partial_remission,mh_p_ksads__ed__an__bingeprg__partrem_dx,ses-05A,2.0,0,0,0,8056,0,8056,0.0
mh_p_ksads__ed,ed,parent,an__bingeprg,partial_remission,mh_p_ksads__ed__an__bingeprg__partrem_dx,ses-06A,2.0,0,9284,0,0,0,9284,100.0
mh_p_ksads__ed,ed,parent,an__bingeprg,partial_remission,mh_p_ksads__ed__an__bingeprg__partrem_dx,ses-07A,2.0,0,8321,0,0,0,8321,100.0
mh_p_ksads__ed,ed,parent,an__bingeprg,past,mh_p_ksads__ed__an__bingeprg__past_dx,ses-00A,1.0,0,11705,0,0,14,11719,99.9
mh_p_ksads__ed,ed,parent,an__bingeprg,past,mh_p_ksads__ed__an__bingeprg__past_dx,ses-01A,1.0,0,11074,0,0,9,11083,99.9
mh_p_ksads__ed,ed,parent,an__bingeprg,past,mh_p_ksads__ed__an__bingeprg__past_dx,ses-02A,1.0,0,10739,0,0,4,10743,100.0
mh_p_ksads__ed,ed,parent,an__bingeprg,past,mh_p_ksads__ed__an__bingeprg__past_dx,ses-03A,2.0,0,9990,0,0,6,9996,99.9
mh_p_ksads__ed,ed,parent,an__bingeprg,past,mh_p_ksads__ed__an__bingeprg__past_dx,ses-04A,2.0,0,8400,0,0,0,8400,100.0
mh_p_ksads__ed,ed,parent,an__bingeprg,past,mh_p_ksads__ed__an__bingeprg__past_dx,ses-05A,2.0,0,0,0,8056,0,8056,0.0
mh_p_ksads__ed,ed,parent,an__bingeprg,past,mh_p_ksads__ed__an__bingeprg__past_dx,ses-06A,2.0,1,9283,0,0,0,9284,100.0
mh_p_ksads__ed,ed,parent,an__bingeprg,past,mh_p_ksads__ed__an__bingeprg__past_dx,ses-07A,2.0,1,8320,0,0,0,8321,100.0
mh_p_ksads__ed,ed,parent,an__bingeprg,present,mh_p_ksads__ed__an__bingeprg__pres_dx,ses-00A,1.0,0,11705,0,0,14,11719,99.9
mh_p_ksads__ed,ed,parent,an__bingeprg,present,mh_p_ksads__ed__an__bingeprg__pres_dx,ses-01A,1.0,0,11074,0,0,9,11083,99.9
mh_p_ksads__ed,ed,parent,an__bingeprg,present,mh_p_ksads__ed__an__bingeprg__pres_dx,ses-02A,1.0,1,10738,0,0,4,10743,100.0
mh_p_ksads__ed,ed,parent,an__bingeprg,present,mh_p_ksads__ed__an__bingeprg__pres_dx,ses-03A,2.0,2,9988,0,0,6,9996,99.9
mh_p_ksads__ed,ed,parent,an__bingeprg,present,mh_p_ksads__ed__an__bingeprg__pres_dx,ses-04A,2.0,3,8397,0,0,0,8400,100.0
mh_p_ksads__ed,ed,parent,an__bingeprg,present,mh_p_ksads__ed__an__bingeprg__pres_dx,ses-05A,2.0,0,0,0,8056,0,8056,0.0
mh_p_ksads__ed,ed,parent,an__bingeprg,present,mh_p_ksads__ed__an__bingeprg__pres_dx,ses-06A,2.0,6,9278,0,0,0,9284,100.0
mh_p_ksads__ed,ed,parent,an__bingeprg,present,mh_p_ksads__ed__an__bingeprg__pres_dx,ses-07A,2.0,2,8319,0,0,0,8321,100.0
mh_p_ksads__ed,ed,parent,an__oth,past,mh_p_ksads__ed__an__oth__past_dx,ses-00A,1.0,13,11692,0,0,14,11719,99.9
mh_p_ksads__ed,ed,parent,an__oth,past,mh_p_ksads__ed__an__oth__past_dx,ses-01A,1.0,19,11055,0,0,9,11083,99.9
mh_p_ksads__ed,ed,parent,an__oth,past,mh_p_ksads__ed__an__oth__past_dx,ses-02A,1.0,20,10719,0,0,4,10743,100.0
mh_p_ksads__ed,ed,parent,an__oth,past,mh_p_ksads__ed__an__oth__past_dx,ses-03A,2.0,119,9871,0,0,6,9996,99.9
mh_p_ksads__ed,ed,parent,an__oth,past,mh_p_ksads__ed__an__oth__past_dx,ses-04A,2.0,136,8264,0,0,0,8400,100.0
mh_p_ksads__ed,ed,parent,an__oth,past,mh_p_ksads__ed__an__oth__past_dx,ses-05A,2.0,2,0,0,8054,0,8056,0.0
mh_p_ksads__ed,ed,parent,an__oth,past,mh_p_ksads__ed__an__oth__past_dx,ses-06A,2.0,177,9107,0,0,0,9284,100.0
mh_p_ksads__ed,ed,parent,an__oth,past,mh_p_ksads__ed__an__oth__past_dx,ses-07A,2.0,191,8130,0,0,0,8321,100.0
mh_p_ksads__ed,ed,parent,an__oth,present,mh_p_ksads__ed__an__oth__pres_dx,ses-00A,1.0,2,11703,0,0,14,11719,99.9
mh_p_ksads__ed,ed,parent,an__oth,present,mh_p_ksads__ed__an__oth__pres_dx,ses-01A,1.0,3,11071,0,0,9,11083,99.9
mh_p_ksads__ed,ed,parent,an__oth,present,mh_p_ksads__ed__an__oth__pres_dx,ses-02A,1.0,5,10734,0,0,4,10743,100.0
mh_p_ksads__ed,ed,parent,an__oth,present,mh_p_ksads__ed__an__oth__pres_dx,ses-03A,2.0,247,9743,0,0,6,9996,99.9
mh_p_ksads__ed,ed,parent,an__oth,present,mh_p_ksads__ed__an__oth__pres_dx,ses-04A,2.0,251,8149,0,0,0,8400,100.0
mh_p_ksads__ed,ed,parent,an__oth,present,mh_p_ksads__ed__an__oth__pres_dx,ses-05A,2.0,1,0,0,8055,0,8056,0.0
mh_p_ksads__ed,ed,parent,an__oth,present,mh_p_ksads__ed__an__oth__pres_dx,ses-06A,2.0,293,8991,0,0,0,9284,100.0
mh_p_ksads__ed,ed,parent,an__oth,present,mh_p_ksads__ed__an__oth__pres_dx,ses-07A,2.0,250,8071,0,0,0,8321,100.0
mh_p_ksads__ed,ed,parent,an__restrict,partial_remission,mh_p_ksads__ed__an__restrict__partrem_dx,ses-00A,1.0,0,11705,0,0,14,11719,99.9
mh_p_ksads__ed,ed,parent,an__restrict,partial_remission,mh_p_ksads__ed__an__restrict__partrem_dx,ses-01A,1.0,0,11074,0,0,9,11083,99.9
mh_p_ksads__ed,ed,parent,an__restrict,partial_remission,mh_p_ksads__ed__an__restrict__partrem_dx,ses-02A,1.0,0,10739,0,0,4,10743,100.0
mh_p_ksads__ed,ed,parent,an__restrict,partial_remission,mh_p_ksads__ed__an__restrict__partrem_dx,ses-03A,2.0,0,9990,0,0,6,9996,99.9
mh_p_ksads__ed,ed,parent,an__restrict,partial_remission,mh_p_ksads__ed__an__restrict__partrem_dx,ses-04A,2.0,0,8400,0,0,0,8400,100.0
mh_p_ksads__ed,ed,parent,an__restrict,partial_remission,mh_p_ksads__ed__an__restrict__partrem_dx,ses-05A,2.0,0,0,0,8056,0,8056,0.0
mh_p_ksads__ed,ed,parent,an__restrict,partial_remission,mh_p_ksads__ed__an__restrict__partrem_dx,ses-06A,2.0,2,9282,0,0,0,9284,100.0
mh_p_ksads__ed,ed,parent,an__restrict,partial_remission,mh_p_ksads__ed__an__restrict__partrem_dx,ses-07A,2.0,1,8320,0,0,0,8321,100.0
mh_p_ksads__ed,ed,parent,an__restrict,past,mh_p_ksads__ed__an__restrict__past_dx,ses-00A,1.0,0,11705,0,0,14,11719,99.9
mh_p_ksads__ed,ed,parent,an__restrict,past,mh_p_ksads__ed__an__restrict__past_dx,ses-01A,1.0,0,11074,0,0,9,11083,99.9
mh_p_ksads__ed,ed,parent,an__restrict,past,mh_p_ksads__ed__an__restrict__past_dx,ses-02A,1.0,0,10739,0,0,4,10743,100.0
mh_p_ksads__ed,ed,parent,an__restrict,past,mh_p_ksads__ed__an__restrict__past_dx,ses-03A,2.0,1,9989,0,0,6,9996,99.9
mh_p_ksads__ed,ed,parent,an__restrict,past,mh_p_ksads__ed__an__restrict__past_dx,ses-04A,2.0,5,8395,0,0,0,8400,100.0
mh_p_ksads__ed,ed,parent,an__restrict,past,mh_p_ksads__ed__an__restrict__past_dx,ses-05A,2.0,0,0,0,8056,0,8056,0.0
mh_p_ksads__ed,ed,parent,an__restrict,past,mh_p_ksads__ed__an__restrict__past_dx,ses-06A,2.0,4,9280,0,0,0,9284,100.0
mh_p_ksads__ed,ed,parent,an__restrict,past,mh_p_ksads__ed__an__restrict__past_dx,ses-07A,2.0,10,8311,0,0,0,8321,100.0
mh_p_ksads__ed,ed,parent,an__restrict,present,mh_p_ksads__ed__an__restrict__pres_dx,ses-00A,1.0,0,11705,0,0,14,11719,99.9
mh_p_ksads__ed,ed,parent,an__restrict,present,mh_p_ksads__ed__an__restrict__pres_dx,ses-01A,1.0,0,11074,0,0,9,11083,99.9
mh_p_ksads__ed,ed,parent,an__restrict,present,mh_p_ksads__ed__an__restrict__pres_dx,ses-02A,1.0,0,10739,0,0,4,10743,100.0
mh_p_ksads__ed,ed,parent,an__restrict,present,mh_p_ksads__ed__an__restrict__pres_dx,ses-03A,2.0,1,9989,0,0,6,9996,99.9
mh_p_ksads__ed,ed,parent,an__restrict,present,mh_p_ksads__ed__an__restrict__pres_dx,ses-04A,2.0,9,8391,0,0,0,8400,100.0
mh_p_ksads__ed,ed,parent,an__restrict,present,mh_p_ksads__ed__an__restrict__pres_dx,ses-05A,2.0,0,0,0,8056,0,8056,0.0
mh_p_ksads__ed,ed,parent,an__restrict,present,mh_p_ksads__ed__an__restrict__pres_dx,ses-06A,2.0,10,9274,0,0,0,9284,100.0
mh_p_ksads__ed,ed,parent,an__restrict,present,mh_p_ksads__ed__an__restrict__pres_dx,ses-07A,2.0,15,8306,0,0,0,8321,100.0
mh_p_ksads__ed,ed,parent,binge__oth__mindur,past,mh_p_ksads__ed__binge__oth__mindur__past_dx,ses-00A,1.0,19,11686,0,0,14,11719,99.9
mh_p_ksads__ed,ed,parent,binge__oth__mindur,past,mh_p_ksads__ed__binge__oth__mindur__past_dx,ses-01A,1.0,28,11046,0,0,9,11083,99.9
mh_p_ksads__ed,ed,parent,binge__oth__mindur,past,mh_p_ksads__ed__binge__oth__mindur__past_dx,ses-02A,1.0,14,10725,0,0,4,10743,100.0
mh_p_ksads__ed,ed,parent,binge__oth__mindur,past,mh_p_ksads__ed__binge__oth__mindur__past_dx,ses-03A,2.0,8,9982,0,0,6,9996,99.9
mh_p_ksads__ed,ed,parent,binge__oth__mindur,past,mh_p_ksads__ed__binge__oth__mindur__past_dx,ses-04A,2.0,5,8395,0,0,0,8400,100.0
mh_p_ksads__ed,ed,parent,binge__oth__mindur,past,mh_p_ksads__ed__binge__oth__mindur__past_dx,ses-05A,2.0,0,0,0,8056,0,8056,0.0
mh_p_ksads__ed,ed,parent,binge__oth__mindur,past,mh_p_ksads__ed__binge__oth__mindur__past_dx,ses-06A,2.0,3,9281,0,0,0,9284,100.0
mh_p_ksads__ed,ed,parent,binge__oth__mindur,past,mh_p_ksads__ed__binge__oth__mindur__past_dx,ses-07A,2.0,1,8320,0,0,0,8321,100.0
mh_p_ksads__ed,ed,parent,binge__oth__mindur,present,mh_p_ksads__ed__binge__oth__mindur__pres_dx,ses-00A,1.0,4,11701,0,0,14,11719,99.9
mh_p_ksads__ed,ed,parent,binge__oth__mindur,present,mh_p_ksads__ed__binge__oth__mindur__pres_dx,ses-01A,1.0,6,11068,0,0,9,11083,99.9
mh_p_ksads__ed,ed,parent,binge__oth__mindur,present,mh_p_ksads__ed__binge__oth__mindur__pres_dx,ses-02A,1.0,8,10731,0,0,4,10743,100.0
mh_p_ksads__ed,ed,parent,binge__oth__mindur,present,mh_p_ksads__ed__binge__oth__mindur__pres_dx,ses-03A,2.0,11,9979,0,0,6,9996,99.9
mh_p_ksads__ed,ed,parent,binge__oth__mindur,present,mh_p_ksads__ed__binge__oth__mindur__pres_dx,ses-04A,2.0,33,8367,0,0,0,8400,100.0
mh_p_ksads__ed,ed,parent,binge__oth__mindur,present,mh_p_ksads__ed__binge__oth__mindur__pres_dx,ses-05A,2.0,0,0,0,8056,0,8056,0.0
mh_p_ksads__ed,ed,parent,binge__oth__mindur,present,mh_p_ksads__ed__binge__oth__mindur__pres_dx,ses-06A,2.0,3,9281,0,0,0,9284,100.0
mh_p_ksads__ed,ed,parent,binge__oth__mindur,present,mh_p_ksads__ed__binge__oth__mindur__pres_dx,ses-07A,2.0,3,8318,0,0,0,8321,100.0
mh_p_ksads__ed,ed,parent,binge,partial_remission,mh_p_ksads__ed__binge__partrem_dx,ses-00A,1.0,0,11705,0,0,14,11719,99.9
mh_p_ksads__ed,ed,parent,binge,partial_remission,mh_p_ksads__ed__binge__partrem_dx,ses-01A,1.0,0,11074,0,0,9,11083,99.9
mh_p_ksads__ed,ed,parent,binge,partial_remission,mh_p_ksads__ed__binge__partrem_dx,ses-02A,1.0,0,10739,0,0,4,10743,100.0
mh_p_ksads__ed,ed,parent,binge,partial_remission,mh_p_ksads__ed__binge__partrem_dx,ses-03A,2.0,0,0,0,0,9996,9996,0.0
mh_p_ksads__ed,ed,parent,binge,partial_remission,mh_p_ksads__ed__binge__partrem_dx,ses-04A,2.0,0,0,0,0,8400,8400,0.0
mh_p_ksads__ed,ed,parent,binge,partial_remission,mh_p_ksads__ed__binge__partrem_dx,ses-05A,2.0,0,0,0,0,8056,8056,0.0
mh_p_ksads__ed,ed,parent,binge,partial_remission,mh_p_ksads__ed__binge__partrem_dx,ses-06A,2.0,0,0,0,0,9284,9284,0.0
mh_p_ksads__ed,ed,parent,binge,partial_remission,mh_p_ksads__ed__binge__partrem_dx,ses-07A,2.0,0,0,0,0,8321,8321,0.0
mh_p_ksads__ed,ed,parent,binge,past,mh_p_ksads__ed__binge__past_dx,ses-00A,1.0,43,11662,0,0,14,11719,99.9
mh_p_ksads__ed,ed,parent,binge,past,mh_p_ksads__ed__binge__past_dx,ses-01A,1.0,67,11007,0,0,9,11083,99.9
mh_p_ksads__ed,ed,parent,binge,past,mh_p_ksads__ed__binge__past_dx,ses-02A,1.0,54,10685,0,0,4,10743,100.0
mh_p_ksads__ed,ed,parent,binge,past,mh_p_ksads__ed__binge__past_dx,ses-03A,2.0,3,9987,0,0,6,9996,99.9
mh_p_ksads__ed,ed,parent,binge,past,mh_p_ksads__ed__binge__past_dx,ses-04A,2.0,6,8394,0,0,0,8400,100.0
mh_p_ksads__ed,ed,parent,binge,past,mh_p_ksads__ed__binge__past_dx,ses-05A,2.0,0,0,0,8056,0,8056,0.0
mh_p_ksads__ed,ed,parent,binge,past,mh_p_ksads__ed__binge__past_dx,ses-06A,2.0,10,9274,0,0,0,9284,100.0
mh_p_ksads__ed,ed,parent,binge,past,mh_p_ksads__ed__binge__past_dx,ses-07A,2.0,5,8316,0,0,0,8321,100.0
mh_p_ksads__ed,ed,parent,binge,present,mh_p_ksads__ed__binge__pres_dx,ses-00A,1.0,75,11630,0,0,14,11719,99.9
mh_p_ksads__ed,ed,parent,binge,present,mh_p_ksads__ed__binge__pres_dx,ses-01A,1.0,106,10968,0,0,9,11083,99.9
mh_p_ksads__ed,ed,parent,binge,present,mh_p_ksads__ed__binge__pres_dx,ses-02A,1.0,108,10631,0,0,4,10743,100.0
mh_p_ksads__ed,ed,parent,binge,present,mh_p_ksads__ed__binge__pres_dx,ses-03A,2.0,72,9918,0,0,6,9996,99.9
mh_p_ksads__ed,ed,parent,binge,present,mh_p_ksads__ed__binge__pres_dx,ses-04A,2.0,67,8333,0,0,0,8400,100.0
mh_p_ksads__ed,ed,parent,binge,present,mh_p_ksads__ed__binge__pres_dx,ses-05A,2.0,0,0,0,8056,0,8056,0.0
mh_p_ksads__ed,ed,parent,binge,present,mh_p_ksads__ed__binge__pres_dx,ses-06A,2.0,75,9209,0,0,0,9284,100.0
mh_p_ksads__ed,ed,parent,binge,present,mh_p_ksads__ed__binge__pres_dx,ses-07A,2.0,62,8259,0,0,0,8321,100.0
mh_p_ksads__ed,ed,parent,bulim__oth__mindur,past,mh_p_ksads__ed__bulim__oth__mindur__past_dx,ses-00A,1.0,0,11705,0,0,14,11719,99.9
mh_p_ksads__ed,ed,parent,bulim__oth__mindur,past,mh_p_ksads__ed__bulim__oth__mindur__past_dx,ses-01A,1.0,3,11071,0,0,9,11083,99.9
mh_p_ksads__ed,ed,parent,bulim__oth__mindur,past,mh_p_ksads__ed__bulim__oth__mindur__past_dx,ses-02A,1.0,0,10739,0,0,4,10743,100.0
mh_p_ksads__ed,ed,parent,bulim__oth__mindur,past,mh_p_ksads__ed__bulim__oth__mindur__past_dx,ses-03A,2.0,1,9989,0,0,6,9996,99.9
mh_p_ksads__ed,ed,parent,bulim__oth__mindur,past,mh_p_ksads__ed__bulim__oth__mindur__past_dx,ses-04A,2.0,0,8400,0,0,0,8400,100.0
mh_p_ksads__ed,ed,parent,bulim__oth__mindur,past,mh_p_ksads__ed__bulim__oth__mindur__past_dx,ses-05A,2.0,0,0,0,8056,0,8056,0.0
mh_p_ksads__ed,ed,parent,bulim__oth__mindur,past,mh_p_ksads__ed__bulim__oth__mindur__past_dx,ses-06A,2.0,1,9283,0,0,0,9284,100.0
mh_p_ksads__ed,ed,parent,bulim__oth__mindur,past,mh_p_ksads__ed__bulim__oth__mindur__past_dx,ses-07A,2.0,2,8319,0,0,0,8321,100.0
mh_p_ksads__ed,ed,parent,bulim__oth__mindur,present,mh_p_ksads__ed__bulim__oth__mindur__pres_dx,ses-00A,1.0,7,11698,0,0,14,11719,99.9
mh_p_ksads__ed,ed,parent,bulim__oth__mindur,present,mh_p_ksads__ed__bulim__oth__mindur__pres_dx,ses-01A,1.0,5,11069,0,0,9,11083,99.9
mh_p_ksads__ed,ed,parent,bulim__oth__mindur,present,mh_p_ksads__ed__bulim__oth__mindur__pres_dx,ses-02A,1.0,5,10734,0,0,4,10743,100.0
mh_p_ksads__ed,ed,parent,bulim__oth__mindur,present,mh_p_ksads__ed__bulim__oth__mindur__pres_dx,ses-03A,2.0,7,9983,0,0,6,9996,99.9
mh_p_ksads__ed,ed,parent,bulim__oth__mindur,present,mh_p_ksads__ed__bulim__oth__mindur__pres_dx,ses-04A,2.0,9,8391,0,0,0,8400,100.0
mh_p_ksads__ed,ed,parent,bulim__oth__mindur,present,mh_p_ksads__ed__bulim__oth__mindur__pres_dx,ses-05A,2.0,0,0,0,8056,0,8056,0.0
mh_p_ksads__ed,ed,parent,bulim__oth__mindur,present,mh_p_ksads__ed__bulim__oth__mindur__pres_dx,ses-06A,2.0,18,9266,0,0,0,9284,100.0
mh_p_ksads__ed,ed,parent,bulim__oth__mindur,present,mh_p_ksads__ed__bulim__oth__mindur__pres_dx,ses-07A,2.0,16,8305,0,0,0,8321,100.0
mh_p_ksads__ed,ed,parent,bulim,partial_remission,mh_p_ksads__ed__bulim__partrem_dx,ses-00A,1.0,0,11705,0,0,14,11719,99.9
mh_p_ksads__ed,ed,parent,bulim,partial_remission,mh_p_ksads__ed__bulim__partrem_dx,ses-01A,1.0,0,11074,0,0,9,11083,99.9
mh_p_ksads__ed,ed,parent,bulim,partial_remission,mh_p_ksads__ed__bulim__partrem_dx,ses-02A,1.0,0,10739,0,0,4,10743,100.0
mh_p_ksads__ed,ed,parent,bulim,partial_remission,mh_p_ksads__ed__bulim__partrem_dx,ses-03A,2.0,0,9990,0,0,6,9996,99.9
mh_p_ksads__ed,ed,parent,bulim,partial_remission,mh_p_ksads__ed__bulim__partrem_dx,ses-04A,2.0,0,8400,0,0,0,8400,100.0
mh_p_ksads__ed,ed,parent,bulim,partial_remission,mh_p_ksads__ed__bulim__partrem_dx,ses-05A,2.0,0,0,0,8056,0,8056,0.0
mh_p_ksads__ed,ed,parent,bulim,partial_remission,mh_p_ksads__ed__bulim__partrem_dx,ses-06A,2.0,0,9284,0,0,0,9284,100.0
mh_p_ksads__ed,ed,parent,bulim,partial_remission,mh_p_ksads__ed__bulim__partrem_dx,ses-07A,2.0,0,8321,0,0,0,8321,100.0
mh_p_ksads__ed,ed,parent,bulim,past,mh_p_ksads__ed__bulim__past_dx,ses-00A,1.0,1,11704,0,0,14,11719,99.9
mh_p_ksads__ed,ed,parent,bulim,past,mh_p_ksads__ed__bulim__past_dx,ses-01A,1.0,3,11071,0,0,9,11083,99.9
mh_p_ksads__ed,ed,parent,bulim,past,mh_p_ksads__ed__bulim__past_dx,ses-02A,1.0,3,10736,0,0,4,10743,100.0
mh_p_ksads__ed,ed,parent,bulim,past,mh_p_ksads__ed__bulim__past_dx,ses-03A,2.0,0,9990,0,0,6,9996,99.9
mh_p_ksads__ed,ed,parent,bulim,past,mh_p_ksads__ed__bulim__past_dx,ses-04A,2.0,0,8400,0,0,0,8400,100.0
mh_p_ksads__ed,ed,parent,bulim,past,mh_p_ksads__ed__bulim__past_dx,ses-05A,2.0,0,0,0,8056,0,8056,0.0
mh_p_ksads__ed,ed,parent,bulim,past,mh_p_ksads__ed__bulim__past_dx,ses-06A,2.0,2,9282,0,0,0,9284,100.0
mh_p_ksads__ed,ed,parent,bulim,past,mh_p_ksads__ed__bulim__past_dx,ses-07A,2.0,2,8319,0,0,0,8321,100.0
mh_p_ksads__ed,ed,parent,bulim,present,mh_p_ksads__ed__bulim__pres_dx,ses-00A,1.0,6,11699,0,0,14,11719,99.9
mh_p_ksads__ed,ed,parent,bulim,present,mh_p_ksads__ed__bulim__pres_dx,ses-01A,1.0,6,11068,0,0,9,11083,99.9
mh_p_ksads__ed,ed,parent,bulim,present,mh_p_ksads__ed__bulim__pres_dx,ses-02A,1.0,9,10730,0,0,4,10743,100.0
mh_p_ksads__ed,ed,parent,bulim,present,mh_p_ksads__ed__bulim__pres_dx,ses-03A,2.0,8,9982,0,0,6,9996,99.9
mh_p_ksads__ed,ed,parent,bulim,present,mh_p_ksads__ed__bulim__pres_dx,ses-04A,2.0,15,8385,0,0,0,8400,100.0
mh_p_ksads__ed,ed,parent,bulim,present,mh_p_ksads__ed__bulim__pres_dx,ses-05A,2.0,0,0,0,8056,0,8056,0.0
mh_p_ksads__ed,ed,parent,bulim,present,mh_p_ksads__ed__bulim__pres_dx,ses-06A,2.0,18,9266,0,0,0,9284,100.0
mh_p_ksads__ed,ed,parent,bulim,present,mh_p_ksads__ed__bulim__pres_dx,ses-07A,2.0,19,8302,0,0,0,8321,100.0
mh_p_ksads__gad,gad,parent,oth__mindur,past,mh_p_ksads__gad__oth__mindur__past_dx,ses-00A,1.0,225,11480,0,0,14,11719,99.9
mh_p_ksads__gad,gad,parent,oth__mindur,past,mh_p_ksads__gad__oth__mindur__past_dx,ses-01A,1.0,0,0,0,11074,1,11075,0.0
mh_p_ksads__gad,gad,parent,oth__mindur,past,mh_p_ksads__gad__oth__mindur__past_dx,ses-02A,1.0,215,10524,0,0,4,10743,100.0
mh_p_ksads__gad,gad,parent,oth__mindur,past,mh_p_ksads__gad__oth__mindur__past_dx,ses-03A,2.0,0,0,0,9990,0,9990,0.0
mh_p_ksads__gad,gad,parent,oth__mindur,past,mh_p_ksads__gad__oth__mindur__past_dx,ses-04A,2.0,214,8186,0,0,0,8400,100.0
mh_p_ksads__gad,gad,parent,oth__mindur,past,mh_p_ksads__gad__oth__mindur__past_dx,ses-05A,2.0,0,0,0,8056,0,8056,0.0
mh_p_ksads__gad,gad,parent,oth__mindur,past,mh_p_ksads__gad__oth__mindur__past_dx,ses-06A,2.0,250,9034,0,0,0,9284,100.0
mh_p_ksads__gad,gad,parent,oth__mindur,past,mh_p_ksads__gad__oth__mindur__past_dx,ses-07A,2.0,0,0,0,8321,0,8321,0.0
mh_p_ksads__gad,gad,parent,oth__mindur,present,mh_p_ksads__gad__oth__mindur__pres_dx,ses-00A,1.0,11,11694,0,0,14,11719,99.9
mh_p_ksads__gad,gad,parent,oth__mindur,present,mh_p_ksads__gad__oth__mindur__pres_dx,ses-01A,1.0,0,0,0,11074,1,11075,0.0
mh_p_ksads__gad,gad,parent,oth__mindur,present,mh_p_ksads__gad__oth__mindur__pres_dx,ses-02A,1.0,22,10717,0,0,4,10743,100.0
mh_p_ksads__gad,gad,parent,oth__mindur,present,mh_p_ksads__gad__oth__mindur__pres_dx,ses-03A,2.0,0,0,0,9990,0,9990,0.0
mh_p_ksads__gad,gad,parent,oth__mindur,present,mh_p_ksads__gad__oth__mindur__pres_dx,ses-04A,2.0,12,8388,0,0,0,8400,100.0
mh_p_ksads__gad,gad,parent,oth__mindur,present,mh_p_ksads__gad__oth__mindur__pres_dx,ses-05A,2.0,0,0,0,8056,0,8056,0.0
mh_p_ksads__gad,gad,parent,oth__mindur,present,mh_p_ksads__gad__oth__mindur__pres_dx,ses-06A,2.0,11,9273,0,0,0,9284,100.0
mh_p_ksads__gad,gad,parent,oth__mindur,present,mh_p_ksads__gad__oth__mindur__pres_dx,ses-07A,2.0,0,0,0,8321,0,8321,0.0
mh_p_ksads__gad,gad,parent,,past,mh_p_ksads__gad__past_dx,ses-00A,1.0,440,11265,0,0,14,11719,99.9
mh_p_ksads__gad,gad,parent,,past,mh_p_ksads__gad__past_dx,ses-01A,1.0,0,0,0,11074,1,11075,0.0
mh_p_ksads__gad,gad,parent,,past,mh_p_ksads__gad__past_dx,ses-02A,1.0,416,10323,0,0,4,10743,100.0
mh_p_ksads__gad,gad,parent,,past,mh_p_ksads__gad__past_dx,ses-03A,2.0,0,0,0,9990,0,9990,0.0
mh_p_ksads__gad,gad,parent,,past,mh_p_ksads__gad__past_dx,ses-04A,2.0,268,8132,0,0,0,8400,100.0
mh_p_ksads__gad,gad,parent,,past,mh_p_ksads__gad__past_dx,ses-05A,2.0,0,0,0,8056,0,8056,0.0
mh_p_ksads__gad,gad,parent,,past,mh_p_ksads__gad__past_dx,ses-06A,2.0,348,8936,0,0,0,9284,100.0
mh_p_ksads__gad,gad,parent,,past,mh_p_ksads__gad__past_dx,ses-07A,2.0,0,0,0,8321,0,8321,0.0
mh_p_ksads__gad,gad,parent,,present,mh_p_ksads__gad__pres_dx,ses-00A,1.0,128,11577,0,0,14,11719,99.9
mh_p_ksads__gad,gad,parent,,present,mh_p_ksads__gad__pres_dx,ses-01A,1.0,0,0,0,11074,1,11075,0.0
mh_p_ksads__gad,gad,parent,,present,mh_p_ksads__gad__pres_dx,ses-02A,1.0,110,10629,0,0,4,10743,100.0
mh_p_ksads__gad,gad,parent,,present,mh_p_ksads__gad__pres_dx,ses-03A,2.0,0,0,0,9990,0,9990,0.0
mh_p_ksads__gad,gad,parent,,present,mh_p_ksads__gad__pres_dx,ses-04A,2.0,109,8291,0,0,0,8400,100.0
mh_p_ksads__gad,gad,parent,,present,mh_p_ksads__gad__pres_dx,ses-05A,2.0,0,0,0,8056,0,8056,0.0
mh_p_ksads__gad,gad,parent,,present,mh_p_ksads__gad__pres_dx,ses-06A,2.0,115,9169,0,0,0,9284,100.0
mh_p_ksads__gad,gad,parent,,present,mh_p_ksads__gad__pres_dx,ses-07A,2.0,0,0,0,8321,0,8321,0.0
mh_p_ksads__hom,hom,parent,,past,mh_p_ksads__hom__past_dx,ses-00A,1.0,45,11660,0,0,14,11719,99.9
mh_p_ksads__hom,hom,parent,,past,mh_p_ksads__hom__past_dx,ses-01A,1.0,0,0,0,11074,1,11075,0.0
mh_p_ksads__hom,hom,parent,,past,mh_p_ksads__hom__past_dx,ses-02A,1.0,37,10702,0,0,4,10743,100.0
mh_p_ksads__hom,hom,parent,,past,mh_p_ksads__hom__past_dx,ses-03A,2.0,0,0,0,9990,0,9990,0.0
mh_p_ksads__hom,hom,parent,,past,mh_p_ksads__hom__past_dx,ses-04A,2.0,35,8365,0,0,0,8400,100.0
mh_p_ksads__hom,hom,parent,,past,mh_p_ksads__hom__past_dx,ses-05A,2.0,0,0,0,8056,0,8056,0.0
mh_p_ksads__hom,hom,parent,,past,mh_p_ksads__hom__past_dx,ses-06A,2.0,40,9244,0,0,0,9284,100.0
mh_p_ksads__hom,hom,parent,,past,mh_p_ksads__hom__past_dx,ses-07A,2.0,0,0,0,8321,0,8321,0.0
mh_p_ksads__hom,hom,parent,,present,mh_p_ksads__hom__pres_dx,ses-00A,1.0,37,11668,0,0,14,11719,99.9
mh_p_ksads__hom,hom,parent,,present,mh_p_ksads__hom__pres_dx,ses-01A,1.0,0,0,0,11074,1,11075,0.0
mh_p_ksads__hom,hom,parent,,present,mh_p_ksads__hom__pres_dx,ses-02A,1.0,42,10697,0,0,4,10743,100.0
mh_p_ksads__hom,hom,parent,,present,mh_p_ksads__hom__pres_dx,ses-03A,2.0,0,0,0,9990,0,9990,0.0
mh_p_ksads__hom,hom,parent,,present,mh_p_ksads__hom__pres_dx,ses-04A,2.0,30,8370,0,0,0,8400,100.0
mh_p_ksads__hom,hom,parent,,present,mh_p_ksads__hom__pres_dx,ses-05A,2.0,0,0,0,8056,0,8056,0.0
mh_p_ksads__hom,hom,parent,,present,mh_p_ksads__hom__pres_dx,ses-06A,2.0,36,9248,0,0,0,9284,100.0
mh_p_ksads__hom,hom,parent,,present,mh_p_ksads__hom__pres_dx,ses-07A,2.0,0,0,0,8321,0,8321,0.0
mh_p_ksads__ocd,ocd,parent,oth,past,mh_p_ksads__ocd__oth__past_dx,ses-00A,1.0,126,11579,0,0,14,11719,99.9
mh_p_ksads__ocd,ocd,parent,oth,past,mh_p_ksads__ocd__oth__past_dx,ses-01A,1.0,0,0,0,11074,1,11075,0.0
mh_p_ksads__ocd,ocd,parent,oth,past,mh_p_ksads__ocd__oth__past_dx,ses-02A,1.0,71,10668,0,0,4,10743,100.0
mh_p_ksads__ocd,ocd,parent,oth,past,mh_p_ksads__ocd__oth__past_dx,ses-03A,2.0,0,0,0,9990,0,9990,0.0
mh_p_ksads__ocd,ocd,parent,oth,past,mh_p_ksads__ocd__oth__past_dx,ses-04A,2.0,6,8394,0,0,0,8400,100.0
mh_p_ksads__ocd,ocd,parent,oth,past,mh_p_ksads__ocd__oth__past_dx,ses-05A,2.0,0,0,0,8056,0,8056,0.0
mh_p_ksads__ocd,ocd,parent,oth,past,mh_p_ksads__ocd__oth__past_dx,ses-06A,2.0,4,9280,0,0,0,9284,100.0
mh_p_ksads__ocd,ocd,parent,oth,past,mh_p_ksads__ocd__oth__past_dx,ses-07A,2.0,0,0,0,8321,0,8321,0.0
mh_p_ksads__ocd,ocd,parent,oth,present,mh_p_ksads__ocd__oth__pres_dx,ses-00A,1.0,110,11595,0,0,14,11719,99.9
mh_p_ksads__ocd,ocd,parent,oth,present,mh_p_ksads__ocd__oth__pres_dx,ses-01A,1.0,0,0,0,11074,1,11075,0.0
mh_p_ksads__ocd,ocd,parent,oth,present,mh_p_ksads__ocd__oth__pres_dx,ses-02A,1.0,95,10644,0,0,4,10743,100.0
mh_p_ksads__ocd,ocd,parent,oth,present,mh_p_ksads__ocd__oth__pres_dx,ses-03A,2.0,0,0,0,9990,0,9990,0.0
mh_p_ksads__ocd,ocd,parent,oth,present,mh_p_ksads__ocd__oth__pres_dx,ses-04A,2.0,10,8390,0,0,0,8400,100.0
mh_p_ksads__ocd,ocd,parent,oth,present,mh_p_ksads__ocd__oth__pres_dx,ses-05A,2.0,0,0,0,8056,0,8056,0.0
mh_p_ksads__ocd,ocd,parent,oth,present,mh_p_ksads__ocd__oth__pres_dx,ses-06A,2.0,12,9272,0,0,0,9284,100.0
mh_p_ksads__ocd,ocd,parent,oth,present,mh_p_ksads__ocd__oth__pres_dx,ses-07A,2.0,0,0,0,8321,0,8321,0.0
mh_p_ksads__ocd,ocd,parent,,past,mh_p_ksads__ocd__past_dx,ses-00A,1.0,500,11205,0,0,14,11719,99.9
mh_p_ksads__ocd,ocd,parent,,past,mh_p_ksads__ocd__past_dx,ses-01A,1.0,0,0,0,11074,1,11075,0.0
mh_p_ksads__ocd,ocd,parent,,past,mh_p_ksads__ocd__past_dx,ses-02A,1.0,383,10356,0,0,4,10743,100.0
mh_p_ksads__ocd,ocd,parent,,past,mh_p_ksads__ocd__past_dx,ses-03A,2.0,0,0,0,9990,0,9990,0.0
mh_p_ksads__ocd,ocd,parent,,past,mh_p_ksads__ocd__past_dx,ses-04A,2.0,86,8314,0,0,0,8400,100.0
mh_p_ksads__ocd,ocd,parent,,past,mh_p_ksads__ocd__past_dx,ses-05A,2.0,0,0,0,8056,0,8056,0.0
mh_p_ksads__ocd,ocd,parent,,past,mh_p_ksads__ocd__past_dx,ses-06A,2.0,106,9178,0,0,0,9284,100.0
mh_p_ksads__ocd,ocd,parent,,past,mh_p_ksads__ocd__past_dx,ses-07A,2.0,0,0,0,8321,0,8321,0.0
mh_p_ksads__ocd,ocd,parent,,present,mh_p_ksads__ocd__pres_dx,ses-00A,1.0,897,10808,0,0,14,11719,99.9
mh_p_ksads__ocd,ocd,parent,,present,mh_p_ksads__ocd__pres_dx,ses-01A,1.0,0,0,0,11074,1,11075,0.0
mh_p_ksads__ocd,ocd,parent,,present,mh_p_ksads__ocd__pres_dx,ses-02A,1.0,661,10078,0,0,4,10743,100.0
mh_p_ksads__ocd,ocd,parent,,present,mh_p_ksads__ocd__pres_dx,ses-03A,2.0,0,0,0,9990,0,9990,0.0
mh_p_ksads__ocd,ocd,parent,,present,mh_p_ksads__ocd__pres_dx,ses-04A,2.0,214,8186,0,0,0,8400,100.0
mh_p_ksads__ocd,ocd,parent,,present,mh_p_ksads__ocd__pres_dx,ses-05A,2.0,0,0,0,8056,0,8056,0.0
mh_p_ksads__ocd,ocd,parent,,present,mh_p_ksads__ocd__pres_dx,ses-06A,2.0,241,9043,0,0,0,9284,100.0
mh_p_ksads__ocd,ocd,parent,,present,mh_p_ksads__ocd__pres_dx,ses-07A,2.0,0,0,0,8321,0,8321,0.0
mh_p_ksads__odd,odd,parent,,past,mh_p_ksads__odd__past_dx,ses-00A,1.0,1067,10638,0,0,14,11719,99.9
mh_p_ksads__odd,odd,parent,,past,mh_p_ksads__odd__past_dx,ses-01A,1.0,1242,9832,0,0,9,11083,99.9
mh_p_ksads__odd,odd,parent,,past,mh_p_ksads__odd__past_dx,ses-02A,1.0,922,9817,0,0,4,10743,100.0
mh_p_ksads__odd,odd,parent,,past,mh_p_ksads__odd__past_dx,ses-03A,2.0,0,0,0,9990,0,9990,0.0
mh_p_ksads__odd,odd,parent,,past,mh_p_ksads__odd__past_dx,ses-04A,2.0,78,8322,0,0,0,8400,100.0
mh_p_ksads__odd,odd,parent,,past,mh_p_ksads__odd__past_dx,ses-05A,2.0,0,0,0,8056,0,8056,0.0
mh_p_ksads__odd,odd,parent,,past,mh_p_ksads__odd__past_dx,ses-06A,2.0,0,0,0,9284,0,9284,0.0
mh_p_ksads__odd,odd,parent,,past,mh_p_ksads__odd__past_dx,ses-07A,2.0,473,7848,0,0,0,8321,100.0
mh_p_ksads__odd,odd,parent,,present,mh_p_ksads__odd__pres_dx,ses-00A,1.0,655,11050,0,0,14,11719,99.9
mh_p_ksads__odd,odd,parent,,present,mh_p_ksads__odd__pres_dx,ses-01A,1.0,672,10402,0,0,9,11083,99.9
mh_p_ksads__odd,odd,parent,,present,mh_p_ksads__odd__pres_dx,ses-02A,1.0,516,10223,0,0,4,10743,100.0
mh_p_ksads__odd,odd,parent,,present,mh_p_ksads__odd__pres_dx,ses-03A,2.0,0,0,0,9990,0,9990,0.0
mh_p_ksads__odd,odd,parent,,present,mh_p_ksads__odd__pres_dx,ses-04A,2.0,420,7980,0,0,0,8400,100.0
mh_p_ksads__odd,odd,parent,,present,mh_p_ksads__odd__pres_dx,ses-05A,2.0,0,0,0,8056,0,8056,0.0
mh_p_ksads__odd,odd,parent,,present,mh_p_ksads__odd__pres_dx,ses-06A,2.0,0,0,0,9284,0,9284,0.0
mh_p_ksads__odd,odd,parent,,present,mh_p_ksads__odd__pres_dx,ses-07A,2.0,222,8099,0,0,0,8321,100.0
mh_p_ksads__panic,panic,parent,oth,past,mh_p_ksads__panic__oth__past_dx,ses-00A,1.0,88,11617,0,0,14,11719,99.9
mh_p_ksads__panic,panic,parent,oth,past,mh_p_ksads__panic__oth__past_dx,ses-01A,1.0,0,0,0,11074,1,11075,0.0
mh_p_ksads__panic,panic,parent,oth,past,mh_p_ksads__panic__oth__past_dx,ses-02A,1.0,126,10613,0,0,4,10743,100.0
mh_p_ksads__panic,panic,parent,oth,past,mh_p_ksads__panic__oth__past_dx,ses-03A,2.0,0,0,0,9990,0,9990,0.0
mh_p_ksads__panic,panic,parent,oth,past,mh_p_ksads__panic__oth__past_dx,ses-04A,2.0,69,8331,0,0,0,8400,100.0
mh_p_ksads__panic,panic,parent,oth,past,mh_p_ksads__panic__oth__past_dx,ses-05A,2.0,0,0,0,8056,0,8056,0.0
mh_p_ksads__panic,panic,parent,oth,past,mh_p_ksads__panic__oth__past_dx,ses-06A,2.0,92,9192,0,0,0,9284,100.0
mh_p_ksads__panic,panic,parent,oth,past,mh_p_ksads__panic__oth__past_dx,ses-07A,2.0,0,0,0,8321,0,8321,0.0
mh_p_ksads__panic,panic,parent,oth,present,mh_p_ksads__panic__oth__pres_dx,ses-00A,1.0,13,11692,0,0,14,11719,99.9
mh_p_ksads__panic,panic,parent,oth,present,mh_p_ksads__panic__oth__pres_dx,ses-01A,1.0,0,0,0,11074,1,11075,0.0
mh_p_ksads__panic,panic,parent,oth,present,mh_p_ksads__panic__oth__pres_dx,ses-02A,1.0,26,10713,0,0,4,10743,100.0
mh_p_ksads__panic,panic,parent,oth,present,mh_p_ksads__panic__oth__pres_dx,ses-03A,2.0,0,0,0,9990,0,9990,0.0
mh_p_ksads__panic,panic,parent,oth,present,mh_p_ksads__panic__oth__pres_dx,ses-04A,2.0,19,8381,0,0,0,8400,100.0
mh_p_ksads__panic,panic,parent,oth,present,mh_p_ksads__panic__oth__pres_dx,ses-05A,2.0,0,0,0,8056,0,8056,0.0
mh_p_ksads__panic,panic,parent,oth,present,mh_p_ksads__panic__oth__pres_dx,ses-06A,2.0,14,9270,0,0,0,9284,100.0
mh_p_ksads__panic,panic,parent,oth,present,mh_p_ksads__panic__oth__pres_dx,ses-07A,2.0,0,0,0,8321,0,8321,0.0
mh_p_ksads__panic,panic,parent,,partial_remission,mh_p_ksads__panic__partrem_dx,ses-00A,1.0,0,0,0,0,11719,11719,0.0
mh_p_ksads__panic,panic,parent,,partial_remission,mh_p_ksads__panic__partrem_dx,ses-01A,1.0,0,0,0,0,11075,11075,0.0
mh_p_ksads__panic,panic,parent,,partial_remission,mh_p_ksads__panic__partrem_dx,ses-02A,1.0,0,0,0,0,10743,10743,0.0
mh_p_ksads__panic,panic,parent,,partial_remission,mh_p_ksads__panic__partrem_dx,ses-03A,2.0,0,0,0,9990,0,9990,0.0
mh_p_ksads__panic,panic,parent,,partial_remission,mh_p_ksads__panic__partrem_dx,ses-04A,2.0,30,8370,0,0,0,8400,100.0
mh_p_ksads__panic,panic,parent,,partial_remission,mh_p_ksads__panic__partrem_dx,ses-05A,2.0,0,0,0,8056,0,8056,0.0
mh_p_ksads__panic,panic,parent,,partial_remission,mh_p_ksads__panic__partrem_dx,ses-06A,2.0,55,9229,0,0,0,9284,100.0
mh_p_ksads__panic,panic,parent,,partial_remission,mh_p_ksads__panic__partrem_dx,ses-07A,2.0,0,0,0,8321,0,8321,0.0
mh_p_ksads__panic,panic,parent,,past,mh_p_ksads__panic__past_dx,ses-00A,1.0,30,11675,0,0,14,11719,99.9
mh_p_ksads__panic,panic,parent,,past,mh_p_ksads__panic__past_dx,ses-01A,1.0,0,0,0,11074,1,11075,0.0
mh_p_ksads__panic,panic,parent,,past,mh_p_ksads__panic__past_dx,ses-02A,1.0,54,10685,0,0,4,10743,100.0
mh_p_ksads__panic,panic,parent,,past,mh_p_ksads__panic__past_dx,ses-03A,2.0,0,0,0,9990,0,9990,0.0
mh_p_ksads__panic,panic,parent,,past,mh_p_ksads__panic__past_dx,ses-04A,2.0,63,8337,0,0,0,8400,100.0
mh_p_ksads__panic,panic,parent,,past,mh_p_ksads__panic__past_dx,ses-05A,2.0,0,0,0,8056,0,8056,0.0
mh_p_ksads__panic,panic,parent,,past,mh_p_ksads__panic__past_dx,ses-06A,2.0,146,9138,0,0,0,9284,100.0
mh_p_ksads__panic,panic,parent,,past,mh_p_ksads__panic__past_dx,ses-07A,2.0,0,0,0,8321,0,8321,0.0
mh_p_ksads__panic,panic,parent,,present,mh_p_ksads__panic__pres_dx,ses-00A,1.0,5,11700,0,0,14,11719,99.9
mh_p_ksads__panic,panic,parent,,present,mh_p_ksads__panic__pres_dx,ses-01A,1.0,0,0,0,11074,1,11075,0.0
mh_p_ksads__panic,panic,parent,,present,mh_p_ksads__panic__pres_dx,ses-02A,1.0,8,10731,0,0,4,10743,100.0
mh_p_ksads__panic,panic,parent,,present,mh_p_ksads__panic__pres_dx,ses-03A,2.0,0,0,0,9990,0,9990,0.0
mh_p_ksads__panic,panic,parent,,present,mh_p_ksads__panic__pres_dx,ses-04A,2.0,42,8358,0,0,0,8400,100.0
mh_p_ksads__panic,panic,parent,,present,mh_p_ksads__panic__pres_dx,ses-05A,2.0,0,0,0,8056,0,8056,0.0
mh_p_ksads__panic,panic,parent,,present,mh_p_ksads__panic__pres_dx,ses-06A,2.0,47,9237,0,0,0,9284,100.0
mh_p_ksads__panic,panic,parent,,present,mh_p_ksads__panic__pres_dx,ses-07A,2.0,0,0,0,8321,0,8321,0.0
mh_p_ksads__phobia,phobia,parent,,past,mh_p_ksads__phobia__past_dx,ses-00A,1.0,2693,9012,0,0,14,11719,99.9
mh_p_ksads__phobia,phobia,parent,,past,mh_p_ksads__phobia__past_dx,ses-01A,1.0,0,0,0,11074,1,11075,0.0
mh_p_ksads__phobia,phobia,parent,,past,mh_p_ksads__phobia__past_dx,ses-02A,1.0,2170,8569,0,0,4,10743,100.0
mh_p_ksads__phobia,phobia,parent,,past,mh_p_ksads__phobia__past_dx,ses-03A,2.0,0,0,0,9990,0,9990,0.0
mh_p_ksads__phobia,phobia,parent,,past,mh_p_ksads__phobia__past_dx,ses-04A,2.0,1646,6754,0,0,0,8400,100.0
mh_p_ksads__phobia,phobia,parent,,past,mh_p_ksads__phobia__past_dx,ses-05A,2.0,0,0,0,8056,0,8056,0.0
mh_p_ksads__phobia,phobia,parent,,past,mh_p_ksads__phobia__past_dx,ses-06A,2.0,0,0,0,9284,0,9284,0.0
mh_p_ksads__phobia,phobia,parent,,past,mh_p_ksads__phobia__past_dx,ses-07A,2.0,0,0,0,8321,0,8321,0.0
mh_p_ksads__phobia,phobia,parent,,present,mh_p_ksads__phobia__pres_dx,ses-00A,1.0,1033,10672,0,0,14,11719,99.9
mh_p_ksads__phobia,phobia,parent,,present,mh_p_ksads__phobia__pres_dx,ses-01A,1.0,0,0,0,11074,1,11075,0.0
mh_p_ksads__phobia,phobia,parent,,present,mh_p_ksads__phobia__pres_dx,ses-02A,1.0,649,10090,0,0,4,10743,100.0
mh_p_ksads__phobia,phobia,parent,,present,mh_p_ksads__phobia__pres_dx,ses-03A,2.0,0,0,0,9990,0,9990,0.0
mh_p_ksads__phobia,phobia,parent,,present,mh_p_ksads__phobia__pres_dx,ses-04A,2.0,346,8054,0,0,0,8400,100.0
mh_p_ksads__phobia,phobia,parent,,present,mh_p_ksads__phobia__pres_dx,ses-05A,2.0,0,0,0,8056,0,8056,0.0
mh_p_ksads__phobia,phobia,parent,,present,mh_p_ksads__phobia__pres_dx,ses-06A,2.0,0,0,0,9284,0,9284,0.0
mh_p_ksads__phobia,phobia,parent,,present,mh_p_ksads__phobia__pres_dx,ses-07A,2.0,0,0,0,8321,0,8321,0.0
mh_p_ksads__psych,psych,parent,aps,past,mh_p_ksads__psych__aps__past_dx,ses-00A,1.0,96,11609,0,0,14,11719,99.9
mh_p_ksads__psych,psych,parent,aps,past,mh_p_ksads__psych__aps__past_dx,ses-01A,1.0,134,10940,0,0,9,11083,99.9
mh_p_ksads__psych,psych,parent,aps,past,mh_p_ksads__psych__aps__past_dx,ses-02A,1.0,74,10665,0,0,4,10743,100.0
mh_p_ksads__psych,psych,parent,aps,past,mh_p_ksads__psych__aps__past_dx,ses-03A,2.0,0,0,0,0,9996,9996,0.0
mh_p_ksads__psych,psych,parent,aps,past,mh_p_ksads__psych__aps__past_dx,ses-04A,2.0,0,0,0,0,8400,8400,0.0
mh_p_ksads__psych,psych,parent,aps,past,mh_p_ksads__psych__aps__past_dx,ses-05A,2.0,0,0,0,0,8056,8056,0.0
mh_p_ksads__psych,psych,parent,aps,past,mh_p_ksads__psych__aps__past_dx,ses-06A,2.0,0,0,0,0,9284,9284,0.0
mh_p_ksads__psych,psych,parent,aps,past,mh_p_ksads__psych__aps__past_dx,ses-07A,2.0,0,0,0,0,8321,8321,0.0
mh_p_ksads__psych,psych,parent,aps,present,mh_p_ksads__psych__aps__pres_dx,ses-00A,1.0,139,11566,0,0,14,11719,99.9
mh_p_ksads__psych,psych,parent,aps,present,mh_p_ksads__psych__aps__pres_dx,ses-01A,1.0,188,10886,0,0,9,11083,99.9
mh_p_ksads__psych,psych,parent,aps,present,mh_p_ksads__psych__aps__pres_dx,ses-02A,1.0,106,10633,0,0,4,10743,100.0
mh_p_ksads__psych,psych,parent,aps,present,mh_p_ksads__psych__aps__pres_dx,ses-03A,2.0,0,0,0,0,9996,9996,0.0
mh_p_ksads__psych,psych,parent,aps,present,mh_p_ksads__psych__aps__pres_dx,ses-04A,2.0,0,0,0,0,8400,8400,0.0
mh_p_ksads__psych,psych,parent,aps,present,mh_p_ksads__psych__aps__pres_dx,ses-05A,2.0,0,0,0,0,8056,8056,0.0
mh_p_ksads__psych,psych,parent,aps,present,mh_p_ksads__psych__aps__pres_dx,ses-06A,2.0,0,0,0,0,9284,9284,0.0
mh_p_ksads__psych,psych,parent,aps,present,mh_p_ksads__psych__aps__pres_dx,ses-07A,2.0,0,0,0,0,8321,8321,0.0
mh_p_ksads__psych,psych,parent,delus,past,mh_p_ksads__psych__delus__past_dx,ses-00A,1.0,183,11522,0,0,14,11719,99.9
mh_p_ksads__psych,psych,parent,delus,past,mh_p_ksads__psych__delus__past_dx,ses-01A,1.0,234,10840,0,0,9,11083,99.9
mh_p_ksads__psych,psych,parent,delus,past,mh_p_ksads__psych__delus__past_dx,ses-02A,1.0,128,10611,0,0,4,10743,100.0
mh_p_ksads__psych,psych,parent,delus,past,mh_p_ksads__psych__delus__past_dx,ses-03A,2.0,0,0,0,0,9996,9996,0.0
mh_p_ksads__psych,psych,parent,delus,past,mh_p_ksads__psych__delus__past_dx,ses-04A,2.0,0,0,0,0,8400,8400,0.0
mh_p_ksads__psych,psych,parent,delus,past,mh_p_ksads__psych__delus__past_dx,ses-05A,2.0,0,0,0,0,8056,8056,0.0
mh_p_ksads__psych,psych,parent,delus,past,mh_p_ksads__psych__delus__past_dx,ses-06A,2.0,0,0,0,0,9284,9284,0.0
mh_p_ksads__psych,psych,parent,delus,past,mh_p_ksads__psych__delus__past_dx,ses-07A,2.0,0,0,0,0,8321,8321,0.0
mh_p_ksads__psych,psych,parent,delus,present,mh_p_ksads__psych__delus__pres_dx,ses-00A,1.0,74,11631,0,0,14,11719,99.9
mh_p_ksads__psych,psych,parent,delus,present,mh_p_ksads__psych__delus__pres_dx,ses-01A,1.0,117,10957,0,0,9,11083,99.9
mh_p_ksads__psych,psych,parent,delus,present,mh_p_ksads__psych__delus__pres_dx,ses-02A,1.0,57,10682,0,0,4,10743,100.0
mh_p_ksads__psych,psych,parent,delus,present,mh_p_ksads__psych__delus__pres_dx,ses-03A,2.0,0,0,0,0,9996,9996,0.0
mh_p_ksads__psych,psych,parent,delus,present,mh_p_ksads__psych__delus__pres_dx,ses-04A,2.0,0,0,0,0,8400,8400,0.0
mh_p_ksads__psych,psych,parent,delus,present,mh_p_ksads__psych__delus__pres_dx,ses-05A,2.0,0,0,0,0,8056,8056,0.0
mh_p_ksads__psych,psych,parent,delus,present,mh_p_ksads__psych__delus__pres_dx,ses-06A,2.0,0,0,0,0,9284,9284,0.0
mh_p_ksads__psych,psych,parent,delus,present,mh_p_ksads__psych__delus__pres_dx,ses-07A,2.0,0,0,0,0,8321,8321,0.0
mh_p_ksads__psych,psych,parent,hlcn,past,mh_p_ksads__psych__hlcn__past_dx,ses-00A,1.0,52,11653,0,0,14,11719,99.9
mh_p_ksads__psych,psych,parent,hlcn,past,mh_p_ksads__psych__hlcn__past_dx,ses-01A,1.0,65,11009,0,0,9,11083,99.9
mh_p_ksads__psych,psych,parent,hlcn,past,mh_p_ksads__psych__hlcn__past_dx,ses-02A,1.0,60,10679,0,0,4,10743,100.0
mh_p_ksads__psych,psych,parent,hlcn,past,mh_p_ksads__psych__hlcn__past_dx,ses-03A,2.0,0,0,0,0,9996,9996,0.0
mh_p_ksads__psych,psych,parent,hlcn,past,mh_p_ksads__psych__hlcn__past_dx,ses-04A,2.0,0,0,0,0,8400,8400,0.0
mh_p_ksads__psych,psych,parent,hlcn,past,mh_p_ksads__psych__hlcn__past_dx,ses-05A,2.0,0,0,0,0,8056,8056,0.0
mh_p_ksads__psych,psych,parent,hlcn,past,mh_p_ksads__psych__hlcn__past_dx,ses-06A,2.0,0,0,0,0,9284,9284,0.0
mh_p_ksads__psych,psych,parent,hlcn,past,mh_p_ksads__psych__hlcn__past_dx,ses-07A,2.0,0,0,0,0,8321,8321,0.0
mh_p_ksads__psych,psych,parent,hlcn,present,mh_p_ksads__psych__hlcn__pres_dx,ses-00A,1.0,11,11694,0,0,14,11719,99.9
mh_p_ksads__psych,psych,parent,hlcn,present,mh_p_ksads__psych__hlcn__pres_dx,ses-01A,1.0,16,11058,0,0,9,11083,99.9
mh_p_ksads__psych,psych,parent,hlcn,present,mh_p_ksads__psych__hlcn__pres_dx,ses-02A,1.0,14,10725,0,0,4,10743,100.0
mh_p_ksads__psych,psych,parent,hlcn,present,mh_p_ksads__psych__hlcn__pres_dx,ses-03A,2.0,0,0,0,0,9996,9996,0.0
mh_p_ksads__psych,psych,parent,hlcn,present,mh_p_ksads__psych__hlcn__pres_dx,ses-04A,2.0,0,0,0,0,8400,8400,0.0
mh_p_ksads__psych,psych,parent,hlcn,present,mh_p_ksads__psych__hlcn__pres_dx,ses-05A,2.0,0,0,0,0,8056,8056,0.0
mh_p_ksads__psych,psych,parent,hlcn,present,mh_p_ksads__psych__hlcn__pres_dx,ses-06A,2.0,0,0,0,0,9284,9284,0.0
mh_p_ksads__psych,psych,parent,hlcn,present,mh_p_ksads__psych__hlcn__pres_dx,ses-07A,2.0,0,0,0,0,8321,8321,0.0
mh_p_ksads__psych,psych,parent,oth,present,mh_p_ksads__psych__oth__pres_dx,ses-00A,1.0,0,0,0,0,11719,11719,0.0
mh_p_ksads__psych,psych,parent,oth,present,mh_p_ksads__psych__oth__pres_dx,ses-01A,1.0,0,0,0,0,11083,11083,0.0
mh_p_ksads__psych,psych,parent,oth,present,mh_p_ksads__psych__oth__pres_dx,ses-02A,1.0,0,0,0,0,10743,10743,0.0
mh_p_ksads__psych,psych,parent,oth,present,mh_p_ksads__psych__oth__pres_dx,ses-03A,2.0,13,9977,0,0,6,9996,99.9
mh_p_ksads__psych,psych,parent,oth,present,mh_p_ksads__psych__oth__pres_dx,ses-04A,2.0,12,8388,0,0,0,8400,100.0
mh_p_ksads__psych,psych,parent,oth,present,mh_p_ksads__psych__oth__pres_dx,ses-05A,2.0,0,0,0,8056,0,8056,0.0
mh_p_ksads__psych,psych,parent,oth,present,mh_p_ksads__psych__oth__pres_dx,ses-06A,2.0,8,9276,0,0,0,9284,100.0
mh_p_ksads__psych,psych,parent,oth,present,mh_p_ksads__psych__oth__pres_dx,ses-07A,2.0,3,8318,0,0,0,8321,100.0
mh_p_ksads__psych,psych,parent,schiz__oth,past,mh_p_ksads__psych__schiz__oth__past_dx,ses-00A,1.0,59,11646,0,0,14,11719,99.9
mh_p_ksads__psych,psych,parent,schiz__oth,past,mh_p_ksads__psych__schiz__oth__past_dx,ses-01A,1.0,79,10995,0,0,9,11083,99.9
mh_p_ksads__psych,psych,parent,schiz__oth,past,mh_p_ksads__psych__schiz__oth__past_dx,ses-02A,1.0,61,10678,0,0,4,10743,100.0
mh_p_ksads__psych,psych,parent,schiz__oth,past,mh_p_ksads__psych__schiz__oth__past_dx,ses-03A,2.0,0,0,0,0,9996,9996,0.0
mh_p_ksads__psych,psych,parent,schiz__oth,past,mh_p_ksads__psych__schiz__oth__past_dx,ses-04A,2.0,0,0,0,0,8400,8400,0.0
mh_p_ksads__psych,psych,parent,schiz__oth,past,mh_p_ksads__psych__schiz__oth__past_dx,ses-05A,2.0,0,0,0,0,8056,8056,0.0
mh_p_ksads__psych,psych,parent,schiz__oth,past,mh_p_ksads__psych__schiz__oth__past_dx,ses-06A,2.0,0,0,0,0,9284,9284,0.0
mh_p_ksads__psych,psych,parent,schiz__oth,past,mh_p_ksads__psych__schiz__oth__past_dx,ses-07A,2.0,0,0,0,0,8321,8321,0.0
mh_p_ksads__psych,psych,parent,schiz__oth,present,mh_p_ksads__psych__schiz__oth__pres_dx,ses-00A,1.0,33,11672,0,0,14,11719,99.9
mh_p_ksads__psych,psych,parent,schiz__oth,present,mh_p_ksads__psych__schiz__oth__pres_dx,ses-01A,1.0,57,11017,0,0,9,11083,99.9
mh_p_ksads__psych,psych,parent,schiz__oth,present,mh_p_ksads__psych__schiz__oth__pres_dx,ses-02A,1.0,34,10705,0,0,4,10743,100.0
mh_p_ksads__psych,psych,parent,schiz__oth,present,mh_p_ksads__psych__schiz__oth__pres_dx,ses-03A,2.0,0,0,0,0,9996,9996,0.0
mh_p_ksads__psych,psych,parent,schiz__oth,present,mh_p_ksads__psych__schiz__oth__pres_dx,ses-04A,2.0,0,0,0,0,8400,8400,0.0
mh_p_ksads__psych,psych,parent,schiz__oth,present,mh_p_ksads__psych__schiz__oth__pres_dx,ses-05A,2.0,0,0,0,0,8056,8056,0.0
mh_p_ksads__psych,psych,parent,schiz__oth,present,mh_p_ksads__psych__schiz__oth__pres_dx,ses-06A,2.0,0,0,0,0,9284,9284,0.0
mh_p_ksads__psych,psych,parent,schiz__oth,present,mh_p_ksads__psych__schiz__oth__pres_dx,ses-07A,2.0,0,0,0,0,8321,8321,0.0
mh_p_ksads__psych,psych,parent,schiz,present,mh_p_ksads__psych__schiz__pres_dx,ses-00A,1.0,0,0,0,0,11719,11719,0.0
mh_p_ksads__psych,psych,parent,schiz,present,mh_p_ksads__psych__schiz__pres_dx,ses-01A,1.0,0,0,0,0,11083,11083,0.0
mh_p_ksads__psych,psych,parent,schiz,present,mh_p_ksads__psych__schiz__pres_dx,ses-02A,1.0,0,0,0,0,10743,10743,0.0
mh_p_ksads__psych,psych,parent,schiz,present,mh_p_ksads__psych__schiz__pres_dx,ses-03A,2.0,7,9983,0,0,6,9996,99.9
mh_p_ksads__psych,psych,parent,schiz,present,mh_p_ksads__psych__schiz__pres_dx,ses-04A,2.0,11,8389,0,0,0,8400,100.0
mh_p_ksads__psych,psych,parent,schiz,present,mh_p_ksads__psych__schiz__pres_dx,ses-05A,2.0,0,0,0,8056,0,8056,0.0
mh_p_ksads__psych,psych,parent,schiz,present,mh_p_ksads__psych__schiz__pres_dx,ses-06A,2.0,12,9272,0,0,0,9284,100.0
mh_p_ksads__psych,psych,parent,schiz,present,mh_p_ksads__psych__schiz__pres_dx,ses-07A,2.0,13,8308,0,0,0,8321,100.0
mh_p_ksads__psych,psych,parent,schizaffct,present,mh_p_ksads__psych__schizaffct__pres_dx,ses-00A,1.0,0,0,0,0,11719,11719,0.0
mh_p_ksads__psych,psych,parent,schizaffct,present,mh_p_ksads__psych__schizaffct__pres_dx,ses-01A,1.0,0,0,0,0,11083,11083,0.0
mh_p_ksads__psych,psych,parent,schizaffct,present,mh_p_ksads__psych__schizaffct__pres_dx,ses-02A,1.0,0,0,0,0,10743,10743,0.0
mh_p_ksads__psych,psych,parent,schizaffct,present,mh_p_ksads__psych__schizaffct__pres_dx,ses-03A,2.0,0,9990,0,0,6,9996,99.9
mh_p_ksads__psych,psych,parent,schizaffct,present,mh_p_ksads__psych__schizaffct__pres_dx,ses-04A,2.0,0,8400,0,0,0,8400,100.0
mh_p_ksads__psych,psych,parent,schizaffct,present,mh_p_ksads__psych__schizaffct__pres_dx,ses-05A,2.0,0,0,0,8056,0,8056,0.0
mh_p_ksads__psych,psych,parent,schizaffct,present,mh_p_ksads__psych__schizaffct__pres_dx,ses-06A,2.0,0,9284,0,0,0,9284,100.0
mh_p_ksads__psych,psych,parent,schizaffct,present,mh_p_ksads__psych__schizaffct__pres_dx,ses-07A,2.0,0,8321,0,0,0,8321,100.0
mh_p_ksads__psych,psych,parent,schizform,present,mh_p_ksads__psych__schizform__pres_dx,ses-00A,1.0,0,0,0,0,11719,11719,0.0
mh_p_ksads__psych,psych,parent,schizform,present,mh_p_ksads__psych__schizform__pres_dx,ses-01A,1.0,0,0,0,0,11083,11083,0.0
mh_p_ksads__psych,psych,parent,schizform,present,mh_p_ksads__psych__schizform__pres_dx,ses-02A,1.0,0,0,0,0,10743,10743,0.0
mh_p_ksads__psych,psych,parent,schizform,present,mh_p_ksads__psych__schizform__pres_dx,ses-03A,2.0,0,9990,0,0,6,9996,99.9
mh_p_ksads__psych,psych,parent,schizform,present,mh_p_ksads__psych__schizform__pres_dx,ses-04A,2.0,4,8396,0,0,0,8400,100.0
mh_p_ksads__psych,psych,parent,schizform,present,mh_p_ksads__psych__schizform__pres_dx,ses-05A,2.0,0,0,0,8056,0,8056,0.0
mh_p_ksads__psych,psych,parent,schizform,present,mh_p_ksads__psych__schizform__pres_dx,ses-06A,2.0,5,9279,0,0,0,9284,100.0
mh_p_ksads__psych,psych,parent,schizform,present,mh_p_ksads__psych__schizform__pres_dx,ses-07A,2.0,5,8316,0,0,0,8321,100.0
mh_p_ksads__ptsd,ptsd,parent,oth,past,mh_p_ksads__ptsd__oth__past_dx,ses-00A,1.0,312,11393,0,0,14,11719,99.9
mh_p_ksads__ptsd,ptsd,parent,oth,past,mh_p_ksads__ptsd__oth__past_dx,ses-01A,1.0,0,0,0,11074,1,11075,0.0
mh_p_ksads__ptsd,ptsd,parent,oth,past,mh_p_ksads__ptsd__oth__past_dx,ses-02A,1.0,217,10522,0,0,4,10743,100.0
mh_p_ksads__ptsd,ptsd,parent,oth,past,mh_p_ksads__ptsd__oth__past_dx,ses-03A,2.0,0,0,0,9990,0,9990,0.0
mh_p_ksads__ptsd,ptsd,parent,oth,past,mh_p_ksads__ptsd__oth__past_dx,ses-04A,2.0,83,8317,0,0,0,8400,100.0
mh_p_ksads__ptsd,ptsd,parent,oth,past,mh_p_ksads__ptsd__oth__past_dx,ses-05A,2.0,0,0,0,8056,0,8056,0.0
mh_p_ksads__ptsd,ptsd,parent,oth,past,mh_p_ksads__ptsd__oth__past_dx,ses-06A,2.0,208,9076,0,0,0,9284,100.0
mh_p_ksads__ptsd,ptsd,parent,oth,past,mh_p_ksads__ptsd__oth__past_dx,ses-07A,2.0,0,0,0,8321,0,8321,0.0
mh_p_ksads__ptsd,ptsd,parent,oth,present,mh_p_ksads__ptsd__oth__pres_dx,ses-00A,1.0,56,11649,0,0,14,11719,99.9
mh_p_ksads__ptsd,ptsd,parent,oth,present,mh_p_ksads__ptsd__oth__pres_dx,ses-01A,1.0,0,0,0,11074,1,11075,0.0
mh_p_ksads__ptsd,ptsd,parent,oth,present,mh_p_ksads__ptsd__oth__pres_dx,ses-02A,1.0,51,10688,0,0,4,10743,100.0
mh_p_ksads__ptsd,ptsd,parent,oth,present,mh_p_ksads__ptsd__oth__pres_dx,ses-03A,2.0,0,0,0,9990,0,9990,0.0
mh_p_ksads__ptsd,ptsd,parent,oth,present,mh_p_ksads__ptsd__oth__pres_dx,ses-04A,2.0,20,8380,0,0,0,8400,100.0
mh_p_ksads__ptsd,ptsd,parent,oth,present,mh_p_ksads__ptsd__oth__pres_dx,ses-05A,2.0,0,0,0,8056,0,8056,0.0
mh_p_ksads__ptsd,ptsd,parent,oth,present,mh_p_ksads__ptsd__oth__pres_dx,ses-06A,2.0,27,9257,0,0,0,9284,100.0
mh_p_ksads__ptsd,ptsd,parent,oth,present,mh_p_ksads__ptsd__oth__pres_dx,ses-07A,2.0,0,0,0,8321,0,8321,0.0
mh_p_ksads__ptsd,ptsd,parent,,partial_remission,mh_p_ksads__ptsd__partrem_dx,ses-00A,1.0,0,0,0,0,11719,11719,0.0
mh_p_ksads__ptsd,ptsd,parent,,partial_remission,mh_p_ksads__ptsd__partrem_dx,ses-01A,1.0,0,0,0,0,11075,11075,0.0
mh_p_ksads__ptsd,ptsd,parent,,partial_remission,mh_p_ksads__ptsd__partrem_dx,ses-02A,1.0,0,0,0,0,10743,10743,0.0
mh_p_ksads__ptsd,ptsd,parent,,partial_remission,mh_p_ksads__ptsd__partrem_dx,ses-03A,2.0,0,0,0,9990,0,9990,0.0
mh_p_ksads__ptsd,ptsd,parent,,partial_remission,mh_p_ksads__ptsd__partrem_dx,ses-04A,2.0,71,8329,0,0,0,8400,100.0
mh_p_ksads__ptsd,ptsd,parent,,partial_remission,mh_p_ksads__ptsd__partrem_dx,ses-05A,2.0,0,0,0,8056,0,8056,0.0
mh_p_ksads__ptsd,ptsd,parent,,partial_remission,mh_p_ksads__ptsd__partrem_dx,ses-06A,2.0,126,9158,0,0,0,9284,100.0
mh_p_ksads__ptsd,ptsd,parent,,partial_remission,mh_p_ksads__ptsd__partrem_dx,ses-07A,2.0,0,0,0,8321,0,8321,0.0
mh_p_ksads__ptsd,ptsd,parent,,past,mh_p_ksads__ptsd__past_dx,ses-00A,1.0,1,11704,0,0,14,11719,99.9
mh_p_ksads__ptsd,ptsd,parent,,past,mh_p_ksads__ptsd__past_dx,ses-01A,1.0,0,0,0,11074,1,11075,0.0
mh_p_ksads__ptsd,ptsd,parent,,past,mh_p_ksads__ptsd__past_dx,ses-02A,1.0,70,10669,0,0,4,10743,100.0
mh_p_ksads__ptsd,ptsd,parent,,past,mh_p_ksads__ptsd__past_dx,ses-03A,2.0,0,0,0,9990,0,9990,0.0
mh_p_ksads__ptsd,ptsd,parent,,past,mh_p_ksads__ptsd__past_dx,ses-04A,2.0,177,8223,0,0,0,8400,100.0
mh_p_ksads__ptsd,ptsd,parent,,past,mh_p_ksads__ptsd__past_dx,ses-05A,2.0,0,0,0,8056,0,8056,0.0
mh_p_ksads__ptsd,ptsd,parent,,past,mh_p_ksads__ptsd__past_dx,ses-06A,2.0,309,8975,0,0,0,9284,100.0
mh_p_ksads__ptsd,ptsd,parent,,past,mh_p_ksads__ptsd__past_dx,ses-07A,2.0,0,0,0,8321,0,8321,0.0
mh_p_ksads__ptsd,ptsd,parent,,present,mh_p_ksads__ptsd__pres_dx,ses-00A,1.0,0,11705,0,0,14,11719,99.9
mh_p_ksads__ptsd,ptsd,parent,,present,mh_p_ksads__ptsd__pres_dx,ses-01A,1.0,0,0,0,11074,1,11075,0.0
mh_p_ksads__ptsd,ptsd,parent,,present,mh_p_ksads__ptsd__pres_dx,ses-02A,1.0,0,10739,0,0,4,10743,100.0
mh_p_ksads__ptsd,ptsd,parent,,present,mh_p_ksads__ptsd__pres_dx,ses-03A,2.0,0,0,0,9990,0,9990,0.0
mh_p_ksads__ptsd,ptsd,parent,,present,mh_p_ksads__ptsd__pres_dx,ses-04A,2.0,9,8391,0,0,0,8400,100.0
mh_p_ksads__ptsd,ptsd,parent,,present,mh_p_ksads__ptsd__pres_dx,ses-05A,2.0,0,0,0,8056,0,8056,0.0
mh_p_ksads__ptsd,ptsd,parent,,present,mh_p_ksads__ptsd__pres_dx,ses-06A,2.0,9,9275,0,0,0,9284,100.0
mh_p_ksads__ptsd,ptsd,parent,,present,mh_p_ksads__ptsd__pres_dx,ses-07A,2.0,0,0,0,8321,0,8321,0.0
mh_p_ksads__sepanx,sepanx,parent,oth,past,mh_p_ksads__sepanx__oth__past_dx,ses-00A,1.0,549,11156,0,0,14,11719,99.9
mh_p_ksads__sepanx,sepanx,parent,oth,past,mh_p_ksads__sepanx__oth__past_dx,ses-01A,1.0,0,0,0,11074,1,11075,0.0
mh_p_ksads__sepanx,sepanx,parent,oth,past,mh_p_ksads__sepanx__oth__past_dx,ses-02A,1.0,331,10408,0,0,4,10743,100.0
mh_p_ksads__sepanx,sepanx,parent,oth,past,mh_p_ksads__sepanx__oth__past_dx,ses-03A,2.0,0,0,0,9990,0,9990,0.0
mh_p_ksads__sepanx,sepanx,parent,oth,past,mh_p_ksads__sepanx__oth__past_dx,ses-04A,2.0,0,0,0,8400,0,8400,0.0
mh_p_ksads__sepanx,sepanx,parent,oth,past,mh_p_ksads__sepanx__oth__past_dx,ses-05A,2.0,0,0,0,8056,0,8056,0.0
mh_p_ksads__sepanx,sepanx,parent,oth,past,mh_p_ksads__sepanx__oth__past_dx,ses-06A,2.0,0,0,0,9284,0,9284,0.0
mh_p_ksads__sepanx,sepanx,parent,oth,past,mh_p_ksads__sepanx__oth__past_dx,ses-07A,2.0,0,0,0,8321,0,8321,0.0
mh_p_ksads__sepanx,sepanx,parent,oth,present,mh_p_ksads__sepanx__oth__pres_dx,ses-00A,1.0,52,11653,0,0,14,11719,99.9
mh_p_ksads__sepanx,sepanx,parent,oth,present,mh_p_ksads__sepanx__oth__pres_dx,ses-01A,1.0,0,0,0,11074,1,11075,0.0
mh_p_ksads__sepanx,sepanx,parent,oth,present,mh_p_ksads__sepanx__oth__pres_dx,ses-02A,1.0,29,10710,0,0,4,10743,100.0
mh_p_ksads__sepanx,sepanx,parent,oth,present,mh_p_ksads__sepanx__oth__pres_dx,ses-03A,2.0,0,0,0,9990,0,9990,0.0
mh_p_ksads__sepanx,sepanx,parent,oth,present,mh_p_ksads__sepanx__oth__pres_dx,ses-04A,2.0,0,0,0,8400,0,8400,0.0
mh_p_ksads__sepanx,sepanx,parent,oth,present,mh_p_ksads__sepanx__oth__pres_dx,ses-05A,2.0,0,0,0,8056,0,8056,0.0
mh_p_ksads__sepanx,sepanx,parent,oth,present,mh_p_ksads__sepanx__oth__pres_dx,ses-06A,2.0,0,0,0,9284,0,9284,0.0
mh_p_ksads__sepanx,sepanx,parent,oth,present,mh_p_ksads__sepanx__oth__pres_dx,ses-07A,2.0,0,0,0,8321,0,8321,0.0
mh_p_ksads__sepanx,sepanx,parent,,past,mh_p_ksads__sepanx__past_dx,ses-00A,1.0,1043,10662,0,0,14,11719,99.9
mh_p_ksads__sepanx,sepanx,parent,,past,mh_p_ksads__sepanx__past_dx,ses-01A,1.0,0,0,0,11074,1,11075,0.0
mh_p_ksads__sepanx,sepanx,parent,,past,mh_p_ksads__sepanx__past_dx,ses-02A,1.0,606,10133,0,0,4,10743,100.0
mh_p_ksads__sepanx,sepanx,parent,,past,mh_p_ksads__sepanx__past_dx,ses-03A,2.0,0,0,0,9990,0,9990,0.0
mh_p_ksads__sepanx,sepanx,parent,,past,mh_p_ksads__sepanx__past_dx,ses-04A,2.0,0,0,0,8400,0,8400,0.0
mh_p_ksads__sepanx,sepanx,parent,,past,mh_p_ksads__sepanx__past_dx,ses-05A,2.0,0,0,0,8056,0,8056,0.0
mh_p_ksads__sepanx,sepanx,parent,,past,mh_p_ksads__sepanx__past_dx,ses-06A,2.0,0,0,0,9284,0,9284,0.0
mh_p_ksads__sepanx,sepanx,parent,,past,mh_p_ksads__sepanx__past_dx,ses-07A,2.0,0,0,0,8321,0,8321,0.0
mh_p_ksads__sepanx,sepanx,parent,,present,mh_p_ksads__sepanx__pres_dx,ses-00A,1.0,48,11657,0,0,14,11719,99.9
mh_p_ksads__sepanx,sepanx,parent,,present,mh_p_ksads__sepanx__pres_dx,ses-01A,1.0,0,0,0,11074,1,11075,0.0
mh_p_ksads__sepanx,sepanx,parent,,present,mh_p_ksads__sepanx__pres_dx,ses-02A,1.0,27,10712,0,0,4,10743,100.0
mh_p_ksads__sepanx,sepanx,parent,,present,mh_p_ksads__sepanx__pres_dx,ses-03A,2.0,0,0,0,9990,0,9990,0.0
mh_p_ksads__sepanx,sepanx,parent,,present,mh_p_ksads__sepanx__pres_dx,ses-04A,2.0,0,0,0,8400,0,8400,0.0
mh_p_ksads__sepanx,sepanx,parent,,present,mh_p_ksads__sepanx__pres_dx,ses-05A,2.0,0,0,0,8056,0,8056,0.0
mh_p_ksads__sepanx,sepanx,parent,,present,mh_p_ksads__sepanx__pres_dx,ses-06A,2.0,0,0,0,9284,0,9284,0.0
mh_p_ksads__sepanx,sepanx,parent,,present,mh_p_ksads__sepanx__pres_dx,ses-07A,2.0,0,0,0,8321,0,8321,0.0
mh_p_ksads__sleep,sleep,parent,prob,past,mh_p_ksads__sleep__prob__past_dx,ses-00A,1.0,1035,10670,0,0,14,11719,99.9
mh_p_ksads__sleep,sleep,parent,prob,past,mh_p_ksads__sleep__prob__past_dx,ses-01A,1.0,0,0,0,11074,1,11075,0.0
mh_p_ksads__sleep,sleep,parent,prob,past,mh_p_ksads__sleep__prob__past_dx,ses-02A,1.0,953,9786,0,0,4,10743,100.0
mh_p_ksads__sleep,sleep,parent,prob,past,mh_p_ksads__sleep__prob__past_dx,ses-03A,2.0,0,0,0,9990,0,9990,0.0
mh_p_ksads__sleep,sleep,parent,prob,past,mh_p_ksads__sleep__prob__past_dx,ses-04A,2.0,634,7766,0,0,0,8400,100.0
mh_p_ksads__sleep,sleep,parent,prob,past,mh_p_ksads__sleep__prob__past_dx,ses-05A,2.0,0,0,0,8056,0,8056,0.0
mh_p_ksads__sleep,sleep,parent,prob,past,mh_p_ksads__sleep__prob__past_dx,ses-06A,2.0,719,8565,0,0,0,9284,100.0
mh_p_ksads__sleep,sleep,parent,prob,past,mh_p_ksads__sleep__prob__past_dx,ses-07A,2.0,0,0,0,8321,0,8321,0.0
mh_p_ksads__sleep,sleep,parent,prob,present,mh_p_ksads__sleep__prob__pres_dx,ses-00A,1.0,285,11420,0,0,14,11719,99.9
mh_p_ksads__sleep,sleep,parent,prob,present,mh_p_ksads__sleep__prob__pres_dx,ses-01A,1.0,0,0,0,11074,1,11075,0.0
mh_p_ksads__sleep,sleep,parent,prob,present,mh_p_ksads__sleep__prob__pres_dx,ses-02A,1.0,291,10448,0,0,4,10743,100.0
mh_p_ksads__sleep,sleep,parent,prob,present,mh_p_ksads__sleep__prob__pres_dx,ses-03A,2.0,0,0,0,9990,0,9990,0.0
mh_p_ksads__sleep,sleep,parent,prob,present,mh_p_ksads__sleep__prob__pres_dx,ses-04A,2.0,241,8159,0,0,0,8400,100.0
mh_p_ksads__sleep,sleep,parent,prob,present,mh_p_ksads__sleep__prob__pres_dx,ses-05A,2.0,0,0,0,8056,0,8056,0.0
mh_p_ksads__sleep,sleep,parent,prob,present,mh_p_ksads__sleep__prob__pres_dx,ses-06A,2.0,231,9053,0,0,0,9284,100.0
mh_p_ksads__sleep,sleep,parent,prob,present,mh_p_ksads__sleep__prob__pres_dx,ses-07A,2.0,0,0,0,8321,0,8321,0.0
mh_p_ksads__socanx,socanx,parent,oth__mindur,past,mh_p_ksads__socanx__oth__mindur__past_dx,ses-00A,1.0,129,11576,0,0,14,11719,99.9
mh_p_ksads__socanx,socanx,parent,oth__mindur,past,mh_p_ksads__socanx__oth__mindur__past_dx,ses-01A,1.0,0,0,0,11074,1,11075,0.0
mh_p_ksads__socanx,socanx,parent,oth__mindur,past,mh_p_ksads__socanx__oth__mindur__past_dx,ses-02A,1.0,122,10617,0,0,4,10743,100.0
mh_p_ksads__socanx,socanx,parent,oth__mindur,past,mh_p_ksads__socanx__oth__mindur__past_dx,ses-03A,2.0,0,0,0,9990,0,9990,0.0
mh_p_ksads__socanx,socanx,parent,oth__mindur,past,mh_p_ksads__socanx__oth__mindur__past_dx,ses-04A,2.0,47,8353,0,0,0,8400,100.0
mh_p_ksads__socanx,socanx,parent,oth__mindur,past,mh_p_ksads__socanx__oth__mindur__past_dx,ses-05A,2.0,0,0,0,8056,0,8056,0.0
mh_p_ksads__socanx,socanx,parent,oth__mindur,past,mh_p_ksads__socanx__oth__mindur__past_dx,ses-06A,2.0,57,9227,0,0,0,9284,100.0
mh_p_ksads__socanx,socanx,parent,oth__mindur,past,mh_p_ksads__socanx__oth__mindur__past_dx,ses-07A,2.0,0,0,0,8321,0,8321,0.0
mh_p_ksads__socanx,socanx,parent,oth__mindur,present,mh_p_ksads__socanx__oth__mindur__pres_dx,ses-00A,1.0,0,11705,0,0,14,11719,99.9
mh_p_ksads__socanx,socanx,parent,oth__mindur,present,mh_p_ksads__socanx__oth__mindur__pres_dx,ses-01A,1.0,0,0,0,11074,1,11075,0.0
mh_p_ksads__socanx,socanx,parent,oth__mindur,present,mh_p_ksads__socanx__oth__mindur__pres_dx,ses-02A,1.0,0,10739,0,0,4,10743,100.0
mh_p_ksads__socanx,socanx,parent,oth__mindur,present,mh_p_ksads__socanx__oth__mindur__pres_dx,ses-03A,2.0,0,0,0,9990,0,9990,0.0
mh_p_ksads__socanx,socanx,parent,oth__mindur,present,mh_p_ksads__socanx__oth__mindur__pres_dx,ses-04A,2.0,13,8387,0,0,0,8400,100.0
mh_p_ksads__socanx,socanx,parent,oth__mindur,present,mh_p_ksads__socanx__oth__mindur__pres_dx,ses-05A,2.0,0,0,0,8056,0,8056,0.0
mh_p_ksads__socanx,socanx,parent,oth__mindur,present,mh_p_ksads__socanx__oth__mindur__pres_dx,ses-06A,2.0,7,9277,0,0,0,9284,100.0
mh_p_ksads__socanx,socanx,parent,oth__mindur,present,mh_p_ksads__socanx__oth__mindur__pres_dx,ses-07A,2.0,0,0,0,8321,0,8321,0.0
mh_p_ksads__socanx,socanx,parent,,past,mh_p_ksads__socanx__past_dx,ses-00A,1.0,503,11202,0,0,14,11719,99.9
mh_p_ksads__socanx,socanx,parent,,past,mh_p_ksads__socanx__past_dx,ses-01A,1.0,0,0,0,11074,1,11075,0.0
mh_p_ksads__socanx,socanx,parent,,past,mh_p_ksads__socanx__past_dx,ses-02A,1.0,451,10288,0,0,4,10743,100.0
mh_p_ksads__socanx,socanx,parent,,past,mh_p_ksads__socanx__past_dx,ses-03A,2.0,0,0,0,9990,0,9990,0.0
mh_p_ksads__socanx,socanx,parent,,past,mh_p_ksads__socanx__past_dx,ses-04A,2.0,167,8233,0,0,0,8400,100.0
mh_p_ksads__socanx,socanx,parent,,past,mh_p_ksads__socanx__past_dx,ses-05A,2.0,0,0,0,8056,0,8056,0.0
mh_p_ksads__socanx,socanx,parent,,past,mh_p_ksads__socanx__past_dx,ses-06A,2.0,234,9050,0,0,0,9284,100.0
mh_p_ksads__socanx,socanx,parent,,past,mh_p_ksads__socanx__past_dx,ses-07A,2.0,0,0,0,8321,0,8321,0.0
mh_p_ksads__socanx,socanx,parent,,present,mh_p_ksads__socanx__pres_dx,ses-00A,1.0,110,11595,0,0,14,11719,99.9
mh_p_ksads__socanx,socanx,parent,,present,mh_p_ksads__socanx__pres_dx,ses-01A,1.0,0,0,0,11074,1,11075,0.0
mh_p_ksads__socanx,socanx,parent,,present,mh_p_ksads__socanx__pres_dx,ses-02A,1.0,109,10630,0,0,4,10743,100.0
mh_p_ksads__socanx,socanx,parent,,present,mh_p_ksads__socanx__pres_dx,ses-03A,2.0,0,0,0,9990,0,9990,0.0
mh_p_ksads__socanx,socanx,parent,,present,mh_p_ksads__socanx__pres_dx,ses-04A,2.0,305,8095,0,0,0,8400,100.0
mh_p_ksads__socanx,socanx,parent,,present,mh_p_ksads__socanx__pres_dx,ses-05A,2.0,0,0,0,8056,0,8056,0.0
mh_p_ksads__socanx,socanx,parent,,present,mh_p_ksads__socanx__pres_dx,ses-06A,2.0,359,8925,0,0,0,9284,100.0
mh_p_ksads__socanx,socanx,parent,,present,mh_p_ksads__socanx__pres_dx,ses-07A,2.0,0,0,0,8321,0,8321,0.0
mh_p_ksads__suic,suic,parent,actv__int,past,mh_p_ksads__suic__actv__int__past_dx,ses-00A,1.0,43,11662,0,0,14,11719,99.9
mh_p_ksads__suic,suic,parent,actv__int,past,mh_p_ksads__suic__actv__int__past_dx,ses-01A,1.0,0,0,0,11074,1,11075,0.0
mh_p_ksads__suic,suic,parent,actv__int,past,mh_p_ksads__suic__actv__int__past_dx,ses-02A,1.0,68,10671,0,0,4,10743,100.0
mh_p_ksads__suic,suic,parent,actv__int,past,mh_p_ksads__suic__actv__int__past_dx,ses-03A,2.0,0,0,0,9990,0,9990,0.0
mh_p_ksads__suic,suic,parent,actv__int,past,mh_p_ksads__suic__actv__int__past_dx,ses-04A,2.0,91,8309,0,0,0,8400,100.0
mh_p_ksads__suic,suic,parent,actv__int,past,mh_p_ksads__suic__actv__int__past_dx,ses-05A,2.0,0,0,0,8056,0,8056,0.0
mh_p_ksads__suic,suic,parent,actv__int,past,mh_p_ksads__suic__actv__int__past_dx,ses-06A,2.0,154,9130,0,0,0,9284,100.0
mh_p_ksads__suic,suic,parent,actv__int,past,mh_p_ksads__suic__actv__int__past_dx,ses-07A,2.0,0,0,0,8321,0,8321,0.0
mh_p_ksads__suic,suic,parent,actv__int,present,mh_p_ksads__suic__actv__int__pres_dx,ses-00A,1.0,9,11696,0,0,14,11719,99.9
mh_p_ksads__suic,suic,parent,actv__int,present,mh_p_ksads__suic__actv__int__pres_dx,ses-01A,1.0,0,0,0,11074,1,11075,0.0
mh_p_ksads__suic,suic,parent,actv__int,present,mh_p_ksads__suic__actv__int__pres_dx,ses-02A,1.0,11,10728,0,0,4,10743,100.0
mh_p_ksads__suic,suic,parent,actv__int,present,mh_p_ksads__suic__actv__int__pres_dx,ses-03A,2.0,0,0,0,9990,0,9990,0.0
mh_p_ksads__suic,suic,parent,actv__int,present,mh_p_ksads__suic__actv__int__pres_dx,ses-04A,2.0,17,8383,0,0,0,8400,100.0
mh_p_ksads__suic,suic,parent,actv__int,present,mh_p_ksads__suic__actv__int__pres_dx,ses-05A,2.0,0,0,0,8056,0,8056,0.0
mh_p_ksads__suic,suic,parent,actv__int,present,mh_p_ksads__suic__actv__int__pres_dx,ses-06A,2.0,11,9273,0,0,0,9284,100.0
mh_p_ksads__suic,suic,parent,actv__int,present,mh_p_ksads__suic__actv__int__pres_dx,ses-07A,2.0,0,0,0,8321,0,8321,0.0
mh_p_ksads__suic,suic,parent,actv__mthd,past,mh_p_ksads__suic__actv__mthd__past_dx,ses-00A,1.0,98,11607,0,0,14,11719,99.9
mh_p_ksads__suic,suic,parent,actv__mthd,past,mh_p_ksads__suic__actv__mthd__past_dx,ses-01A,1.0,0,0,0,11074,1,11075,0.0
mh_p_ksads__suic,suic,parent,actv__mthd,past,mh_p_ksads__suic__actv__mthd__past_dx,ses-02A,1.0,147,10592,0,0,4,10743,100.0
mh_p_ksads__suic,suic,parent,actv__mthd,past,mh_p_ksads__suic__actv__mthd__past_dx,ses-03A,2.0,0,0,0,9990,0,9990,0.0
mh_p_ksads__suic,suic,parent,actv__mthd,past,mh_p_ksads__suic__actv__mthd__past_dx,ses-04A,2.0,173,8227,0,0,0,8400,100.0
mh_p_ksads__suic,suic,parent,actv__mthd,past,mh_p_ksads__suic__actv__mthd__past_dx,ses-05A,2.0,0,0,0,8056,0,8056,0.0
mh_p_ksads__suic,suic,parent,actv__mthd,past,mh_p_ksads__suic__actv__mthd__past_dx,ses-06A,2.0,247,9037,0,0,0,9284,100.0
mh_p_ksads__suic,suic,parent,actv__mthd,past,mh_p_ksads__suic__actv__mthd__past_dx,ses-07A,2.0,0,0,0,8321,0,8321,0.0
mh_p_ksads__suic,suic,parent,actv__mthd,present,mh_p_ksads__suic__actv__mthd__pres_dx,ses-00A,1.0,20,11685,0,0,14,11719,99.9
mh_p_ksads__suic,suic,parent,actv__mthd,present,mh_p_ksads__suic__actv__mthd__pres_dx,ses-01A,1.0,0,0,0,11074,1,11075,0.0
mh_p_ksads__suic,suic,parent,actv__mthd,present,mh_p_ksads__suic__actv__mthd__pres_dx,ses-02A,1.0,28,10711,0,0,4,10743,100.0
mh_p_ksads__suic,suic,parent,actv__mthd,present,mh_p_ksads__suic__actv__mthd__pres_dx,ses-03A,2.0,0,0,0,9990,0,9990,0.0
mh_p_ksads__suic,suic,parent,actv__mthd,present,mh_p_ksads__suic__actv__mthd__pres_dx,ses-04A,2.0,47,8353,0,0,0,8400,100.0
mh_p_ksads__suic,suic,parent,actv__mthd,present,mh_p_ksads__suic__actv__mthd__pres_dx,ses-05A,2.0,0,0,0,8056,0,8056,0.0
mh_p_ksads__suic,suic,parent,actv__mthd,present,mh_p_ksads__suic__actv__mthd__pres_dx,ses-06A,2.0,47,9237,0,0,0,9284,100.0
mh_p_ksads__suic,suic,parent,actv__mthd,present,mh_p_ksads__suic__actv__mthd__pres_dx,ses-07A,2.0,0,0,0,8321,0,8321,0.0
mh_p_ksads__suic,suic,parent,actv,past,mh_p_ksads__suic__actv__past_dx,ses-00A,1.0,369,11336,0,0,14,11719,99.9
mh_p_ksads__suic,suic,parent,actv,past,mh_p_ksads__suic__actv__past_dx,ses-01A,1.0,0,0,0,11074,1,11075,0.0
mh_p_ksads__suic,suic,parent,actv,past,mh_p_ksads__suic__actv__past_dx,ses-02A,1.0,544,10195,0,0,4,10743,100.0
mh_p_ksads__suic,suic,parent,actv,past,mh_p_ksads__suic__actv__past_dx,ses-03A,2.0,0,0,0,9990,0,9990,0.0
mh_p_ksads__suic,suic,parent,actv,past,mh_p_ksads__suic__actv__past_dx,ses-04A,2.0,673,7727,0,0,0,8400,100.0
mh_p_ksads__suic,suic,parent,actv,past,mh_p_ksads__suic__actv__past_dx,ses-05A,2.0,0,0,0,8056,0,8056,0.0
mh_p_ksads__suic,suic,parent,actv,past,mh_p_ksads__suic__actv__past_dx,ses-06A,2.0,895,8389,0,0,0,9284,100.0
mh_p_ksads__suic,suic,parent,actv,past,mh_p_ksads__suic__actv__past_dx,ses-07A,2.0,0,0,0,8321,0,8321,0.0
mh_p_ksads__suic,suic,parent,actv__plan,past,mh_p_ksads__suic__actv__plan__past_dx,ses-00A,1.0,16,11689,0,0,14,11719,99.9
mh_p_ksads__suic,suic,parent,actv__plan,past,mh_p_ksads__suic__actv__plan__past_dx,ses-01A,1.0,0,0,0,11074,1,11075,0.0
mh_p_ksads__suic,suic,parent,actv__plan,past,mh_p_ksads__suic__actv__plan__past_dx,ses-02A,1.0,33,10706,0,0,4,10743,100.0
mh_p_ksads__suic,suic,parent,actv__plan,past,mh_p_ksads__suic__actv__plan__past_dx,ses-03A,2.0,0,0,0,9990,0,9990,0.0
mh_p_ksads__suic,suic,parent,actv__plan,past,mh_p_ksads__suic__actv__plan__past_dx,ses-04A,2.0,46,8354,0,0,0,8400,100.0
mh_p_ksads__suic,suic,parent,actv__plan,past,mh_p_ksads__suic__actv__plan__past_dx,ses-05A,2.0,0,0,0,8056,0,8056,0.0
mh_p_ksads__suic,suic,parent,actv__plan,past,mh_p_ksads__suic__actv__plan__past_dx,ses-06A,2.0,72,9212,0,0,0,9284,100.0
mh_p_ksads__suic,suic,parent,actv__plan,past,mh_p_ksads__suic__actv__plan__past_dx,ses-07A,2.0,0,0,0,8321,0,8321,0.0
mh_p_ksads__suic,suic,parent,actv__plan,present,mh_p_ksads__suic__actv__plan__pres_dx,ses-00A,1.0,4,11701,0,0,14,11719,99.9
mh_p_ksads__suic,suic,parent,actv__plan,present,mh_p_ksads__suic__actv__plan__pres_dx,ses-01A,1.0,0,0,0,11074,1,11075,0.0
mh_p_ksads__suic,suic,parent,actv__plan,present,mh_p_ksads__suic__actv__plan__pres_dx,ses-02A,1.0,9,10730,0,0,4,10743,100.0
mh_p_ksads__suic,suic,parent,actv__plan,present,mh_p_ksads__suic__actv__plan__pres_dx,ses-03A,2.0,0,0,0,9990,0,9990,0.0
mh_p_ksads__suic,suic,parent,actv__plan,present,mh_p_ksads__suic__actv__plan__pres_dx,ses-04A,2.0,12,8388,0,0,0,8400,100.0
mh_p_ksads__suic,suic,parent,actv__plan,present,mh_p_ksads__suic__actv__plan__pres_dx,ses-05A,2.0,0,0,0,8056,0,8056,0.0
mh_p_ksads__suic,suic,parent,actv__plan,present,mh_p_ksads__suic__actv__plan__pres_dx,ses-06A,2.0,6,9278,0,0,0,9284,100.0
mh_p_ksads__suic,suic,parent,actv__plan,present,mh_p_ksads__suic__actv__plan__pres_dx,ses-07A,2.0,0,0,0,8321,0,8321,0.0
mh_p_ksads__suic,suic,parent,actv,present,mh_p_ksads__suic__actv__pres_dx,ses-00A,1.0,132,11573,0,0,14,11719,99.9
mh_p_ksads__suic,suic,parent,actv,present,mh_p_ksads__suic__actv__pres_dx,ses-01A,1.0,0,0,0,11074,1,11075,0.0
mh_p_ksads__suic,suic,parent,actv,present,mh_p_ksads__suic__actv__pres_dx,ses-02A,1.0,143,10596,0,0,4,10743,100.0
mh_p_ksads__suic,suic,parent,actv,present,mh_p_ksads__suic__actv__pres_dx,ses-03A,2.0,0,0,0,9990,0,9990,0.0
mh_p_ksads__suic,suic,parent,actv,present,mh_p_ksads__suic__actv__pres_dx,ses-04A,2.0,187,8213,0,0,0,8400,100.0
mh_p_ksads__suic,suic,parent,actv,present,mh_p_ksads__suic__actv__pres_dx,ses-05A,2.0,0,0,0,8056,0,8056,0.0
mh_p_ksads__suic,suic,parent,actv,present,mh_p_ksads__suic__actv__pres_dx,ses-06A,2.0,180,9104,0,0,0,9284,100.0
mh_p_ksads__suic,suic,parent,actv,present,mh_p_ksads__suic__actv__pres_dx,ses-07A,2.0,0,0,0,8321,0,8321,0.0
mh_p_ksads__suic,suic,parent,atmpt__abrt,past,mh_p_ksads__suic__atmpt__abrt__past_dx,ses-00A,1.0,9,11696,0,0,14,11719,99.9
mh_p_ksads__suic,suic,parent,atmpt__abrt,past,mh_p_ksads__suic__atmpt__abrt__past_dx,ses-01A,1.0,0,0,0,11074,1,11075,0.0
mh_p_ksads__suic,suic,parent,atmpt__abrt,past,mh_p_ksads__suic__atmpt__abrt__past_dx,ses-02A,1.0,7,10732,0,0,4,10743,100.0
mh_p_ksads__suic,suic,parent,atmpt__abrt,past,mh_p_ksads__suic__atmpt__abrt__past_dx,ses-03A,2.0,0,0,0,9990,0,9990,0.0
mh_p_ksads__suic,suic,parent,atmpt__abrt,past,mh_p_ksads__suic__atmpt__abrt__past_dx,ses-04A,2.0,25,8375,0,0,0,8400,100.0
mh_p_ksads__suic,suic,parent,atmpt__abrt,past,mh_p_ksads__suic__atmpt__abrt__past_dx,ses-05A,2.0,0,0,0,8056,0,8056,0.0
mh_p_ksads__suic,suic,parent,atmpt__abrt,past,mh_p_ksads__suic__atmpt__abrt__past_dx,ses-06A,2.0,27,9257,0,0,0,9284,100.0
mh_p_ksads__suic,suic,parent,atmpt__abrt,past,mh_p_ksads__suic__atmpt__abrt__past_dx,ses-07A,2.0,0,0,0,8321,0,8321,0.0
mh_p_ksads__suic,suic,parent,atmpt__abrt,present,mh_p_ksads__suic__atmpt__abrt__pres_dx,ses-00A,1.0,1,11704,0,0,14,11719,99.9
mh_p_ksads__suic,suic,parent,atmpt__abrt,present,mh_p_ksads__suic__atmpt__abrt__pres_dx,ses-01A,1.0,0,0,0,11074,1,11075,0.0
mh_p_ksads__suic,suic,parent,atmpt__abrt,present,mh_p_ksads__suic__atmpt__abrt__pres_dx,ses-02A,1.0,3,10736,0,0,4,10743,100.0
mh_p_ksads__suic,suic,parent,atmpt__abrt,present,mh_p_ksads__suic__atmpt__abrt__pres_dx,ses-03A,2.0,0,0,0,9990,0,9990,0.0
mh_p_ksads__suic,suic,parent,atmpt__abrt,present,mh_p_ksads__suic__atmpt__abrt__pres_dx,ses-04A,2.0,3,8397,0,0,0,8400,100.0
mh_p_ksads__suic,suic,parent,atmpt__abrt,present,mh_p_ksads__suic__atmpt__abrt__pres_dx,ses-05A,2.0,0,0,0,8056,0,8056,0.0
mh_p_ksads__suic,suic,parent,atmpt__abrt,present,mh_p_ksads__suic__atmpt__abrt__pres_dx,ses-06A,2.0,1,9283,0,0,0,9284,100.0
mh_p_ksads__suic,suic,parent,atmpt__abrt,present,mh_p_ksads__suic__atmpt__abrt__pres_dx,ses-07A,2.0,0,0,0,8321,0,8321,0.0
mh_p_ksads__suic,suic,parent,atmpt__intr,past,mh_p_ksads__suic__atmpt__intr__past_dx,ses-00A,1.0,7,11698,0,0,14,11719,99.9
mh_p_ksads__suic,suic,parent,atmpt__intr,past,mh_p_ksads__suic__atmpt__intr__past_dx,ses-01A,1.0,0,0,0,11074,1,11075,0.0
mh_p_ksads__suic,suic,parent,atmpt__intr,past,mh_p_ksads__suic__atmpt__intr__past_dx,ses-02A,1.0,8,10731,0,0,4,10743,100.0
mh_p_ksads__suic,suic,parent,atmpt__intr,past,mh_p_ksads__suic__atmpt__intr__past_dx,ses-03A,2.0,0,0,0,9990,0,9990,0.0
mh_p_ksads__suic,suic,parent,atmpt__intr,past,mh_p_ksads__suic__atmpt__intr__past_dx,ses-04A,2.0,8,8392,0,0,0,8400,100.0
mh_p_ksads__suic,suic,parent,atmpt__intr,past,mh_p_ksads__suic__atmpt__intr__past_dx,ses-05A,2.0,0,0,0,8056,0,8056,0.0
mh_p_ksads__suic,suic,parent,atmpt__intr,past,mh_p_ksads__suic__atmpt__intr__past_dx,ses-06A,2.0,10,9274,0,0,0,9284,100.0
mh_p_ksads__suic,suic,parent,atmpt__intr,past,mh_p_ksads__suic__atmpt__intr__past_dx,ses-07A,2.0,0,0,0,8321,0,8321,0.0
mh_p_ksads__suic,suic,parent,atmpt__intr,present,mh_p_ksads__suic__atmpt__intr__pres_dx,ses-00A,1.0,0,11705,0,0,14,11719,99.9
mh_p_ksads__suic,suic,parent,atmpt__intr,present,mh_p_ksads__suic__atmpt__intr__pres_dx,ses-01A,1.0,0,0,0,11074,1,11075,0.0
mh_p_ksads__suic,suic,parent,atmpt__intr,present,mh_p_ksads__suic__atmpt__intr__pres_dx,ses-02A,1.0,1,10738,0,0,4,10743,100.0
mh_p_ksads__suic,suic,parent,atmpt__intr,present,mh_p_ksads__suic__atmpt__intr__pres_dx,ses-03A,2.0,0,0,0,9990,0,9990,0.0
mh_p_ksads__suic,suic,parent,atmpt__intr,present,mh_p_ksads__suic__atmpt__intr__pres_dx,ses-04A,2.0,1,8399,0,0,0,8400,100.0
mh_p_ksads__suic,suic,parent,atmpt__intr,present,mh_p_ksads__suic__atmpt__intr__pres_dx,ses-05A,2.0,0,0,0,8056,0,8056,0.0
mh_p_ksads__suic,suic,parent,atmpt__intr,present,mh_p_ksads__suic__atmpt__intr__pres_dx,ses-06A,2.0,1,9283,0,0,0,9284,100.0
mh_p_ksads__suic,suic,parent,atmpt__intr,present,mh_p_ksads__suic__atmpt__intr__pres_dx,ses-07A,2.0,0,0,0,8321,0,8321,0.0
mh_p_ksads__suic,suic,parent,atmpt,past,mh_p_ksads__suic__atmpt__past_dx,ses-00A,1.0,32,11673,0,0,14,11719,99.9
mh_p_ksads__suic,suic,parent,atmpt,past,mh_p_ksads__suic__atmpt__past_dx,ses-01A,1.0,0,0,0,11074,1,11075,0.0
mh_p_ksads__suic,suic,parent,atmpt,past,mh_p_ksads__suic__atmpt__past_dx,ses-02A,1.0,64,10675,0,0,4,10743,100.0
mh_p_ksads__suic,suic,parent,atmpt,past,mh_p_ksads__suic__atmpt__past_dx,ses-03A,2.0,0,0,0,9990,0,9990,0.0
mh_p_ksads__suic,suic,parent,atmpt,past,mh_p_ksads__suic__atmpt__past_dx,ses-04A,2.0,125,8275,0,0,0,8400,100.0
mh_p_ksads__suic,suic,parent,atmpt,past,mh_p_ksads__suic__atmpt__past_dx,ses-05A,2.0,0,0,0,8056,0,8056,0.0
mh_p_ksads__suic,suic,parent,atmpt,past,mh_p_ksads__suic__atmpt__past_dx,ses-06A,2.0,267,9017,0,0,0,9284,100.0
mh_p_ksads__suic,suic,parent,atmpt,past,mh_p_ksads__suic__atmpt__past_dx,ses-07A,2.0,0,0,0,8321,0,8321,0.0
mh_p_ksads__suic,suic,parent,atmpt,present,mh_p_ksads__suic__atmpt__pres_dx,ses-00A,1.0,7,11698,0,0,14,11719,99.9
mh_p_ksads__suic,suic,parent,atmpt,present,mh_p_ksads__suic__atmpt__pres_dx,ses-01A,1.0,0,0,0,11074,1,11075,0.0
mh_p_ksads__suic,suic,parent,atmpt,present,mh_p_ksads__suic__atmpt__pres_dx,ses-02A,1.0,8,10731,0,0,4,10743,100.0
mh_p_ksads__suic,suic,parent,atmpt,present,mh_p_ksads__suic__atmpt__pres_dx,ses-03A,2.0,0,0,0,9990,0,9990,0.0
mh_p_ksads__suic,suic,parent,atmpt,present,mh_p_ksads__suic__atmpt__pres_dx,ses-04A,2.0,13,8387,0,0,0,8400,100.0
mh_p_ksads__suic,suic,parent,atmpt,present,mh_p_ksads__suic__atmpt__pres_dx,ses-05A,2.0,0,0,0,8056,0,8056,0.0
mh_p_ksads__suic,suic,parent,atmpt,present,mh_p_ksads__suic__atmpt__pres_dx,ses-06A,2.0,20,9264,0,0,0,9284,100.0
mh_p_ksads__suic,suic,parent,atmpt,present,mh_p_ksads__suic__atmpt__pres_dx,ses-07A,2.0,0,0,0,8321,0,8321,0.0
mh_p_ksads__suic,suic,parent,imnt,past,mh_p_ksads__suic__imnt__past_dx,ses-00A,1.0,51,11654,0,0,14,11719,99.9
mh_p_ksads__suic,suic,parent,imnt,past,mh_p_ksads__suic__imnt__past_dx,ses-01A,1.0,0,0,0,11074,1,11075,0.0
mh_p_ksads__suic,suic,parent,imnt,past,mh_p_ksads__suic__imnt__past_dx,ses-02A,1.0,70,10669,0,0,4,10743,100.0
mh_p_ksads__suic,suic,parent,imnt,past,mh_p_ksads__suic__imnt__past_dx,ses-03A,2.0,0,0,0,9990,0,9990,0.0
mh_p_ksads__suic,suic,parent,imnt,past,mh_p_ksads__suic__imnt__past_dx,ses-04A,2.0,91,8309,0,0,0,8400,100.0
mh_p_ksads__suic,suic,parent,imnt,past,mh_p_ksads__suic__imnt__past_dx,ses-05A,2.0,0,0,0,8056,0,8056,0.0
mh_p_ksads__suic,suic,parent,imnt,past,mh_p_ksads__suic__imnt__past_dx,ses-06A,2.0,100,9184,0,0,0,9284,100.0
mh_p_ksads__suic,suic,parent,imnt,past,mh_p_ksads__suic__imnt__past_dx,ses-07A,2.0,0,0,0,8321,0,8321,0.0
mh_p_ksads__suic,suic,parent,imnt,present,mh_p_ksads__suic__imnt__pres_dx,ses-00A,1.0,12,11693,0,0,14,11719,99.9
mh_p_ksads__suic,suic,parent,imnt,present,mh_p_ksads__suic__imnt__pres_dx,ses-01A,1.0,0,0,0,11074,1,11075,0.0
mh_p_ksads__suic,suic,parent,imnt,present,mh_p_ksads__suic__imnt__pres_dx,ses-02A,1.0,16,10723,0,0,4,10743,100.0
mh_p_ksads__suic,suic,parent,imnt,present,mh_p_ksads__suic__imnt__pres_dx,ses-03A,2.0,0,0,0,9990,0,9990,0.0
mh_p_ksads__suic,suic,parent,imnt,present,mh_p_ksads__suic__imnt__pres_dx,ses-04A,2.0,23,8377,0,0,0,8400,100.0
mh_p_ksads__suic,suic,parent,imnt,present,mh_p_ksads__suic__imnt__pres_dx,ses-05A,2.0,0,0,0,8056,0,8056,0.0
mh_p_ksads__suic,suic,parent,imnt,present,mh_p_ksads__suic__imnt__pres_dx,ses-06A,2.0,27,9257,0,0,0,9284,100.0
mh_p_ksads__suic,suic,parent,imnt,present,mh_p_ksads__suic__imnt__pres_dx,ses-07A,2.0,0,0,0,8321,0,8321,0.0
mh_p_ksads__suic,suic,parent,none,past,mh_p_ksads__suic__none__past_dx,ses-00A,1.0,0,11705,0,0,14,11719,99.9
mh_p_ksads__suic,suic,parent,none,past,mh_p_ksads__suic__none__past_dx,ses-01A,1.0,0,0,0,11074,1,11075,0.0
mh_p_ksads__suic,suic,parent,none,past,mh_p_ksads__suic__none__past_dx,ses-02A,1.0,0,10739,0,0,4,10743,100.0
mh_p_ksads__suic,suic,parent,none,past,mh_p_ksads__suic__none__past_dx,ses-03A,2.0,0,0,0,9990,0,9990,0.0
mh_p_ksads__suic,suic,parent,none,past,mh_p_ksads__suic__none__past_dx,ses-04A,2.0,0,8400,0,0,0,8400,100.0
mh_p_ksads__suic,suic,parent,none,past,mh_p_ksads__suic__none__past_dx,ses-05A,2.0,0,0,0,8056,0,8056,0.0
mh_p_ksads__suic,suic,parent,none,past,mh_p_ksads__suic__none__past_dx,ses-06A,2.0,0,9284,0,0,0,9284,100.0
mh_p_ksads__suic,suic,parent,none,past,mh_p_ksads__suic__none__past_dx,ses-07A,2.0,0,0,0,8321,0,8321,0.0
mh_p_ksads__suic,suic,parent,none,present,mh_p_ksads__suic__none__pres_dx,ses-00A,1.0,0,11705,0,0,14,11719,99.9
mh_p_ksads__suic,suic,parent,none,present,mh_p_ksads__suic__none__pres_dx,ses-01A,1.0,0,0,0,11074,1,11075,0.0
mh_p_ksads__suic,suic,parent,none,present,mh_p_ksads__suic__none__pres_dx,ses-02A,1.0,0,10739,0,0,4,10743,100.0
mh_p_ksads__suic,suic,parent,none,present,mh_p_ksads__suic__none__pres_dx,ses-03A,2.0,0,0,0,9990,0,9990,0.0
mh_p_ksads__suic,suic,parent,none,present,mh_p_ksads__suic__none__pres_dx,ses-04A,2.0,0,8400,0,0,0,8400,100.0
mh_p_ksads__suic,suic,parent,none,present,mh_p_ksads__suic__none__pres_dx,ses-05A,2.0,0,0,0,8056,0,8056,0.0
mh_p_ksads__suic,suic,parent,none,present,mh_p_ksads__suic__none__pres_dx,ses-06A,2.0,0,9284,0,0,0,9284,100.0
mh_p_ksads__suic,suic,parent,none,present,mh_p_ksads__suic__none__pres_dx,ses-07A,2.0,0,0,0,8321,0,8321,0.0
mh_p_ksads__suic,suic,parent,pass,past,mh_p_ksads__suic__pass__past_dx,ses-00A,1.0,759,10946,0,0,14,11719,99.9
mh_p_ksads__suic,suic,parent,pass,past,mh_p_ksads__suic__pass__past_dx,ses-01A,1.0,0,0,0,11074,1,11075,0.0
mh_p_ksads__suic,suic,parent,pass,past,mh_p_ksads__suic__pass__past_dx,ses-02A,1.0,748,9991,0,0,4,10743,100.0
mh_p_ksads__suic,suic,parent,pass,past,mh_p_ksads__suic__pass__past_dx,ses-03A,2.0,0,0,0,9990,0,9990,0.0
mh_p_ksads__suic,suic,parent,pass,past,mh_p_ksads__suic__pass__past_dx,ses-04A,2.0,739,7661,0,0,0,8400,100.0
mh_p_ksads__suic,suic,parent,pass,past,mh_p_ksads__suic__pass__past_dx,ses-05A,2.0,0,0,0,8056,0,8056,0.0
mh_p_ksads__suic,suic,parent,pass,past,mh_p_ksads__suic__pass__past_dx,ses-06A,2.0,897,8387,0,0,0,9284,100.0
mh_p_ksads__suic,suic,parent,pass,past,mh_p_ksads__suic__pass__past_dx,ses-07A,2.0,0,0,0,8321,0,8321,0.0
mh_p_ksads__suic,suic,parent,pass,present,mh_p_ksads__suic__pass__pres_dx,ses-00A,1.0,63,11642,0,0,14,11719,99.9
mh_p_ksads__suic,suic,parent,pass,present,mh_p_ksads__suic__pass__pres_dx,ses-01A,1.0,0,0,0,11074,1,11075,0.0
mh_p_ksads__suic,suic,parent,pass,present,mh_p_ksads__suic__pass__pres_dx,ses-02A,1.0,72,10667,0,0,4,10743,100.0
mh_p_ksads__suic,suic,parent,pass,present,mh_p_ksads__suic__pass__pres_dx,ses-03A,2.0,0,0,0,9990,0,9990,0.0
mh_p_ksads__suic,suic,parent,pass,present,mh_p_ksads__suic__pass__pres_dx,ses-04A,2.0,94,8306,0,0,0,8400,100.0
mh_p_ksads__suic,suic,parent,pass,present,mh_p_ksads__suic__pass__pres_dx,ses-05A,2.0,0,0,0,8056,0,8056,0.0
mh_p_ksads__suic,suic,parent,pass,present,mh_p_ksads__suic__pass__pres_dx,ses-06A,2.0,78,9206,0,0,0,9284,100.0
mh_p_ksads__suic,suic,parent,pass,present,mh_p_ksads__suic__pass__pres_dx,ses-07A,2.0,0,0,0,8321,0,8321,0.0
mh_p_ksads__suic,suic,parent,slfinj__nosi,past,mh_p_ksads__suic__slfinj__nosi__past_dx,ses-00A,1.0,391,11314,0,0,14,11719,99.9
mh_p_ksads__suic,suic,parent,slfinj__nosi,past,mh_p_ksads__suic__slfinj__nosi__past_dx,ses-01A,1.0,0,0,0,11074,1,11075,0.0
mh_p_ksads__suic,suic,parent,slfinj__nosi,past,mh_p_ksads__suic__slfinj__nosi__past_dx,ses-02A,1.0,403,10336,0,0,4,10743,100.0
mh_p_ksads__suic,suic,parent,slfinj__nosi,past,mh_p_ksads__suic__slfinj__nosi__past_dx,ses-03A,2.0,0,0,0,9990,0,9990,0.0
mh_p_ksads__suic,suic,parent,slfinj__nosi,past,mh_p_ksads__suic__slfinj__nosi__past_dx,ses-04A,2.0,592,7808,0,0,0,8400,100.0
mh_p_ksads__suic,suic,parent,slfinj__nosi,past,mh_p_ksads__suic__slfinj__nosi__past_dx,ses-05A,2.0,0,0,0,8056,0,8056,0.0
mh_p_ksads__suic,suic,parent,slfinj__nosi,past,mh_p_ksads__suic__slfinj__nosi__past_dx,ses-06A,2.0,833,8451,0,0,0,9284,100.0
mh_p_ksads__suic,suic,parent,slfinj__nosi,past,mh_p_ksads__suic__slfinj__nosi__past_dx,ses-07A,2.0,0,0,0,8321,0,8321,0.0
mh_p_ksads__suic,suic,parent,slfinj__nosi,present,mh_p_ksads__suic__slfinj__nosi__pres_dx,ses-00A,1.0,180,11525,0,0,14,11719,99.9
mh_p_ksads__suic,suic,parent,slfinj__nosi,present,mh_p_ksads__suic__slfinj__nosi__pres_dx,ses-01A,1.0,0,0,0,11074,1,11075,0.0
mh_p_ksads__suic,suic,parent,slfinj__nosi,present,mh_p_ksads__suic__slfinj__nosi__pres_dx,ses-02A,1.0,218,10521,0,0,4,10743,100.0
mh_p_ksads__suic,suic,parent,slfinj__nosi,present,mh_p_ksads__suic__slfinj__nosi__pres_dx,ses-03A,2.0,0,0,0,9990,0,9990,0.0
mh_p_ksads__suic,suic,parent,slfinj__nosi,present,mh_p_ksads__suic__slfinj__nosi__pres_dx,ses-04A,2.0,219,8181,0,0,0,8400,100.0
mh_p_ksads__suic,suic,parent,slfinj__nosi,present,mh_p_ksads__suic__slfinj__nosi__pres_dx,ses-05A,2.0,0,0,0,8056,0,8056,0.0
mh_p_ksads__suic,suic,parent,slfinj__nosi,present,mh_p_ksads__suic__slfinj__nosi__pres_dx,ses-06A,2.0,223,9061,0,0,0,9284,100.0
mh_p_ksads__suic,suic,parent,slfinj__nosi,present,mh_p_ksads__suic__slfinj__nosi__pres_dx,ses-07A,2.0,0,0,0,8321,0,8321,0.0
mh_p_ksads__tic,tic,parent,perst__nosymp,remission,mh_p_ksads__tic__perst__nosymp__rem_dx,ses-00A,1.0,0,0,0,0,11705,11705,0.0
mh_p_ksads__tic,tic,parent,perst__nosymp,remission,mh_p_ksads__tic__perst__nosymp__rem_dx,ses-01A,1.0,0,0,0,0,11074,11074,0.0
mh_p_ksads__tic,tic,parent,perst__nosymp,remission,mh_p_ksads__tic__perst__nosymp__rem_dx,ses-02A,1.0,0,0,0,0,10739,10739,0.0
mh_p_ksads__tic,tic,parent,perst__nosymp,remission,mh_p_ksads__tic__perst__nosymp__rem_dx,ses-03A,2.0,24,9966,0,0,6,9996,99.9
mh_p_ksads__tic,tic,parent,perst__nosymp,remission,mh_p_ksads__tic__perst__nosymp__rem_dx,ses-04A,2.0,80,8320,0,0,0,8400,100.0
mh_p_ksads__tic,tic,parent,perst__nosymp,remission,mh_p_ksads__tic__perst__nosymp__rem_dx,ses-05A,2.0,0,0,0,8056,0,8056,0.0
mh_p_ksads__tic,tic,parent,perst__nosymp,remission,mh_p_ksads__tic__perst__nosymp__rem_dx,ses-06A,2.0,110,9174,0,0,0,9284,100.0
mh_p_ksads__tic,tic,parent,perst__nosymp,remission,mh_p_ksads__tic__perst__nosymp__rem_dx,ses-07A,2.0,0,0,0,8321,0,8321,0.0
mh_p_ksads__tic,tic,parent,perst,present,mh_p_ksads__tic__perst__pres_dx,ses-00A,1.0,0,0,0,0,11705,11705,0.0
mh_p_ksads__tic,tic,parent,perst,present,mh_p_ksads__tic__perst__pres_dx,ses-01A,1.0,0,0,0,0,11074,11074,0.0
mh_p_ksads__tic,tic,parent,perst,present,mh_p_ksads__tic__perst__pres_dx,ses-02A,1.0,0,0,0,0,10739,10739,0.0
mh_p_ksads__tic,tic,parent,perst,present,mh_p_ksads__tic__perst__pres_dx,ses-03A,2.0,64,9926,0,0,6,9996,99.9
mh_p_ksads__tic,tic,parent,perst,present,mh_p_ksads__tic__perst__pres_dx,ses-04A,2.0,174,8226,0,0,0,8400,100.0
mh_p_ksads__tic,tic,parent,perst,present,mh_p_ksads__tic__perst__pres_dx,ses-05A,2.0,0,0,0,8056,0,8056,0.0
mh_p_ksads__tic,tic,parent,perst,present,mh_p_ksads__tic__perst__pres_dx,ses-06A,2.0,214,9070,0,0,0,9284,100.0
mh_p_ksads__tic,tic,parent,perst,present,mh_p_ksads__tic__perst__pres_dx,ses-07A,2.0,0,0,0,8321,0,8321,0.0
mh_p_ksads__tic,tic,parent,prov,present,mh_p_ksads__tic__prov__pres_dx,ses-00A,1.0,0,0,0,0,11705,11705,0.0
mh_p_ksads__tic,tic,parent,prov,present,mh_p_ksads__tic__prov__pres_dx,ses-01A,1.0,0,0,0,0,11074,11074,0.0
mh_p_ksads__tic,tic,parent,prov,present,mh_p_ksads__tic__prov__pres_dx,ses-02A,1.0,0,0,0,0,10739,10739,0.0
mh_p_ksads__tic,tic,parent,prov,present,mh_p_ksads__tic__prov__pres_dx,ses-03A,2.0,63,9927,0,0,6,9996,99.9
mh_p_ksads__tic,tic,parent,prov,present,mh_p_ksads__tic__prov__pres_dx,ses-04A,2.0,178,8222,0,0,0,8400,100.0
mh_p_ksads__tic,tic,parent,prov,present,mh_p_ksads__tic__prov__pres_dx,ses-05A,2.0,0,0,0,8056,0,8056,0.0
mh_p_ksads__tic,tic,parent,prov,present,mh_p_ksads__tic__prov__pres_dx,ses-06A,2.0,96,9188,0,0,0,9284,100.0
mh_p_ksads__tic,tic,parent,prov,present,mh_p_ksads__tic__prov__pres_dx,ses-07A,2.0,0,0,0,8321,0,8321,0.0
mh_p_ksads__tic,tic,parent,ts__nosymp,remission,mh_p_ksads__tic__ts__nosymp__rem_dx,ses-00A,1.0,0,0,0,0,11705,11705,0.0
mh_p_ksads__tic,tic,parent,ts__nosymp,remission,mh_p_ksads__tic__ts__nosymp__rem_dx,ses-01A,1.0,0,0,0,0,11074,11074,0.0
mh_p_ksads__tic,tic,parent,ts__nosymp,remission,mh_p_ksads__tic__ts__nosymp__rem_dx,ses-02A,1.0,0,0,0,0,10739,10739,0.0
mh_p_ksads__tic,tic,parent,ts__nosymp,remission,mh_p_ksads__tic__ts__nosymp__rem_dx,ses-03A,2.0,2,9988,0,0,6,9996,99.9
mh_p_ksads__tic,tic,parent,ts__nosymp,remission,mh_p_ksads__tic__ts__nosymp__rem_dx,ses-04A,2.0,15,8385,0,0,0,8400,100.0
mh_p_ksads__tic,tic,parent,ts__nosymp,remission,mh_p_ksads__tic__ts__nosymp__rem_dx,ses-05A,2.0,0,0,0,8056,0,8056,0.0
mh_p_ksads__tic,tic,parent,ts__nosymp,remission,mh_p_ksads__tic__ts__nosymp__rem_dx,ses-06A,2.0,19,9265,0,0,0,9284,100.0
mh_p_ksads__tic,tic,parent,ts__nosymp,remission,mh_p_ksads__tic__ts__nosymp__rem_dx,ses-07A,2.0,0,0,0,8321,0,8321,0.0
mh_p_ksads__tic,tic,parent,ts,present,mh_p_ksads__tic__ts__pres_dx,ses-00A,1.0,0,0,0,0,11705,11705,0.0
mh_p_ksads__tic,tic,parent,ts,present,mh_p_ksads__tic__ts__pres_dx,ses-01A,1.0,0,0,0,0,11074,11074,0.0
mh_p_ksads__tic,tic,parent,ts,present,mh_p_ksads__tic__ts__pres_dx,ses-02A,1.0,0,0,0,0,10739,10739,0.0
mh_p_ksads__tic,tic,parent,ts,present,mh_p_ksads__tic__ts__pres_dx,ses-03A,2.0,12,9978,0,0,6,9996,99.9
mh_p_ksads__tic,tic,parent,ts,present,mh_p_ksads__tic__ts__pres_dx,ses-04A,2.0,32,8368,0,0,0,8400,100.0
mh_p_ksads__tic,tic,parent,ts,present,mh_p_ksads__tic__ts__pres_dx,ses-05A,2.0,0,0,0,8056,0,8056,0.0
mh_p_ksads__tic,tic,parent,ts,present,mh_p_ksads__tic__ts__pres_dx,ses-06A,2.0,31,9253,0,0,0,9284,100.0
mh_p_ksads__tic,tic,parent,ts,present,mh_p_ksads__tic__ts__pres_dx,ses-07A,2.0,0,0,0,8321,0,8321,0.0
mh_p_ksads__tic,tic,parent,unspec,past,mh_p_ksads__tic__unspec__past_dx,ses-00A,1.0,0,0,0,11705,0,11705,0.0
mh_p_ksads__tic,tic,parent,unspec,past,mh_p_ksads__tic__unspec__past_dx,ses-01A,1.0,0,0,0,11074,0,11074,0.0
mh_p_ksads__tic,tic,parent,unspec,past,mh_p_ksads__tic__unspec__past_dx,ses-02A,1.0,0,0,0,10739,0,10739,0.0
mh_p_ksads__tic,tic,parent,unspec,past,mh_p_ksads__tic__unspec__past_dx,ses-03A,2.0,0,0,0,0,9996,9996,0.0
mh_p_ksads__tic,tic,parent,unspec,past,mh_p_ksads__tic__unspec__past_dx,ses-04A,2.0,0,0,0,0,8400,8400,0.0
mh_p_ksads__tic,tic,parent,unspec,past,mh_p_ksads__tic__unspec__past_dx,ses-05A,2.0,0,0,0,0,8056,8056,0.0
mh_p_ksads__tic,tic,parent,unspec,past,mh_p_ksads__tic__unspec__past_dx,ses-06A,2.0,0,0,0,0,9284,9284,0.0
mh_p_ksads__tic,tic,parent,unspec,past,mh_p_ksads__tic__unspec__past_dx,ses-07A,2.0,0,0,0,0,8321,8321,0.0
mh_p_ksads__tic,tic,parent,unspec,present,mh_p_ksads__tic__unspec__pres_dx,ses-00A,1.0,0,0,0,11705,0,11705,0.0
mh_p_ksads__tic,tic,parent,unspec,present,mh_p_ksads__tic__unspec__pres_dx,ses-01A,1.0,0,0,0,11074,0,11074,0.0
mh_p_ksads__tic,tic,parent,unspec,present,mh_p_ksads__tic__unspec__pres_dx,ses-02A,1.0,0,0,0,10739,0,10739,0.0
mh_p_ksads__tic,tic,parent,unspec,present,mh_p_ksads__tic__unspec__pres_dx,ses-03A,2.0,0,0,0,0,9996,9996,0.0
mh_p_ksads__tic,tic,parent,unspec,present,mh_p_ksads__tic__unspec__pres_dx,ses-04A,2.0,0,0,0,0,8400,8400,0.0
mh_p_ksads__tic,tic,parent,unspec,present,mh_p_ksads__tic__unspec__pres_dx,ses-05A,2.0,0,0,0,0,8056,8056,0.0
mh_p_ksads__tic,tic,parent,unspec,present,mh_p_ksads__tic__unspec__pres_dx,ses-06A,2.0,0,0,0,0,9284,9284,0.0
mh_p_ksads__tic,tic,parent,unspec,present,mh_p_ksads__tic__unspec__pres_dx,ses-07A,2.0,0,0,0,0,8321,8321,0.0
mh_y_ksads__bpd,bpd,youth,bpd1__curdep,partial_remission,mh_y_ksads__bpd__bpd1__curdep__partrem_dx,ses-00A,1.0,0,0,0,0,11782,11782,0.0
mh_y_ksads__bpd,bpd,youth,bpd1__curdep,partial_remission,mh_y_ksads__bpd__bpd1__curdep__partrem_dx,ses-01A,1.0,0,0,0,0,11099,11099,0.0
mh_y_ksads__bpd,bpd,youth,bpd1__curdep,partial_remission,mh_y_ksads__bpd__bpd1__curdep__partrem_dx,ses-02A,1.0,0,0,0,0,10855,10855,0.0
mh_y_ksads__bpd,bpd,youth,bpd1__curdep,partial_remission,mh_y_ksads__bpd__bpd1__curdep__partrem_dx,ses-03A,2.0,0,0,0,10301,0,10301,0.0
mh_y_ksads__bpd,bpd,youth,bpd1__curdep,partial_remission,mh_y_ksads__bpd__bpd1__curdep__partrem_dx,ses-04A,2.0,60,8973,0,0,7,9040,99.9
mh_y_ksads__bpd,bpd,youth,bpd1__curdep,partial_remission,mh_y_ksads__bpd__bpd1__curdep__partrem_dx,ses-05A,2.0,0,0,0,8535,0,8535,0.0
mh_y_ksads__bpd,bpd,youth,bpd1__curdep,partial_remission,mh_y_ksads__bpd__bpd1__curdep__partrem_dx,ses-06A,2.0,65,9230,0,0,4,9299,100.0
mh_y_ksads__bpd,bpd,youth,bpd1__curdep,partial_remission,mh_y_ksads__bpd__bpd1__curdep__partrem_dx,ses-07A,2.0,0,0,0,8344,13,8357,0.0
mh_y_ksads__bpd,bpd,youth,bpd1__curdep,present,mh_y_ksads__bpd__bpd1__curdep__pres_dx,ses-00A,1.0,25,11750,0,0,7,11782,99.9
mh_y_ksads__bpd,bpd,youth,bpd1__curdep,present,mh_y_ksads__bpd__bpd1__curdep__pres_dx,ses-01A,1.0,0,1,0,11096,2,11099,0.0
mh_y_ksads__bpd,bpd,youth,bpd1__curdep,present,mh_y_ksads__bpd__bpd1__curdep__pres_dx,ses-02A,1.0,17,10837,0,0,1,10855,100.0
mh_y_ksads__bpd,bpd,youth,bpd1__curdep,present,mh_y_ksads__bpd__bpd1__curdep__pres_dx,ses-03A,2.0,0,0,0,10301,0,10301,0.0
mh_y_ksads__bpd,bpd,youth,bpd1__curdep,present,mh_y_ksads__bpd__bpd1__curdep__pres_dx,ses-04A,2.0,19,9014,0,0,7,9040,99.9
mh_y_ksads__bpd,bpd,youth,bpd1__curdep,present,mh_y_ksads__bpd__bpd1__curdep__pres_dx,ses-05A,2.0,0,0,0,8535,0,8535,0.0
mh_y_ksads__bpd,bpd,youth,bpd1__curdep,present,mh_y_ksads__bpd__bpd1__curdep__pres_dx,ses-06A,2.0,27,9268,0,0,4,9299,100.0
mh_y_ksads__bpd,bpd,youth,bpd1__curdep,present,mh_y_ksads__bpd__bpd1__curdep__pres_dx,ses-07A,2.0,0,0,0,8344,13,8357,0.0
mh_y_ksads__bpd,bpd,youth,bpd1__curhypo,present,mh_y_ksads__bpd__bpd1__curhypo__pres_dx,ses-00A,1.0,6,11769,0,0,7,11782,99.9
mh_y_ksads__bpd,bpd,youth,bpd1__curhypo,present,mh_y_ksads__bpd__bpd1__curhypo__pres_dx,ses-01A,1.0,0,1,0,11096,2,11099,0.0
mh_y_ksads__bpd,bpd,youth,bpd1__curhypo,present,mh_y_ksads__bpd__bpd1__curhypo__pres_dx,ses-02A,1.0,3,10851,0,0,1,10855,100.0
mh_y_ksads__bpd,bpd,youth,bpd1__curhypo,present,mh_y_ksads__bpd__bpd1__curhypo__pres_dx,ses-03A,2.0,0,0,0,0,10301,10301,0.0
mh_y_ksads__bpd,bpd,youth,bpd1__curhypo,present,mh_y_ksads__bpd__bpd1__curhypo__pres_dx,ses-04A,2.0,0,0,0,0,9040,9040,0.0
mh_y_ksads__bpd,bpd,youth,bpd1__curhypo,present,mh_y_ksads__bpd__bpd1__curhypo__pres_dx,ses-05A,2.0,0,0,0,0,8535,8535,0.0
mh_y_ksads__bpd,bpd,youth,bpd1__curhypo,present,mh_y_ksads__bpd__bpd1__curhypo__pres_dx,ses-06A,2.0,0,0,0,0,9299,9299,0.0
mh_y_ksads__bpd,bpd,youth,bpd1__curhypo,present,mh_y_ksads__bpd__bpd1__curhypo__pres_dx,ses-07A,2.0,0,0,0,0,8357,8357,0.0
mh_y_ksads__bpd,bpd,youth,bpd1__curmanic,present,mh_y_ksads__bpd__bpd1__curmanic__pres_dx,ses-00A,1.0,27,11748,0,0,7,11782,99.9
mh_y_ksads__bpd,bpd,youth,bpd1__curmanic,present,mh_y_ksads__bpd__bpd1__curmanic__pres_dx,ses-01A,1.0,0,1,0,11096,2,11099,0.0
mh_y_ksads__bpd,bpd,youth,bpd1__curmanic,present,mh_y_ksads__bpd__bpd1__curmanic__pres_dx,ses-02A,1.0,14,10840,0,0,1,10855,100.0
mh_y_ksads__bpd,bpd,youth,bpd1__curmanic,present,mh_y_ksads__bpd__bpd1__curmanic__pres_dx,ses-03A,2.0,0,0,0,10301,0,10301,0.0
mh_y_ksads__bpd,bpd,youth,bpd1__curmanic,present,mh_y_ksads__bpd__bpd1__curmanic__pres_dx,ses-04A,2.0,26,9007,0,0,7,9040,99.9
mh_y_ksads__bpd,bpd,youth,bpd1__curmanic,present,mh_y_ksads__bpd__bpd1__curmanic__pres_dx,ses-05A,2.0,0,0,0,8535,0,8535,0.0
mh_y_ksads__bpd,bpd,youth,bpd1__curmanic,present,mh_y_ksads__bpd__bpd1__curmanic__pres_dx,ses-06A,2.0,20,9275,0,0,4,9299,100.0
mh_y_ksads__bpd,bpd,youth,bpd1__curmanic,present,mh_y_ksads__bpd__bpd1__curmanic__pres_dx,ses-07A,2.0,0,0,0,8344,13,8357,0.0
mh_y_ksads__bpd,bpd,youth,bpd1__rcnt__dep,present,mh_y_ksads__bpd__bpd1__rcnt__dep__pres_dx,ses-00A,1.0,33,11742,0,0,7,11782,99.9
mh_y_ksads__bpd,bpd,youth,bpd1__rcnt__dep,present,mh_y_ksads__bpd__bpd1__rcnt__dep__pres_dx,ses-01A,1.0,0,1,0,11096,2,11099,0.0
mh_y_ksads__bpd,bpd,youth,bpd1__rcnt__dep,present,mh_y_ksads__bpd__bpd1__rcnt__dep__pres_dx,ses-02A,1.0,33,10821,0,0,1,10855,100.0
mh_y_ksads__bpd,bpd,youth,bpd1__rcnt__dep,present,mh_y_ksads__bpd__bpd1__rcnt__dep__pres_dx,ses-03A,2.0,0,0,0,0,10301,10301,0.0
mh_y_ksads__bpd,bpd,youth,bpd1__rcnt__dep,present,mh_y_ksads__bpd__bpd1__rcnt__dep__pres_dx,ses-04A,2.0,0,0,0,0,9040,9040,0.0
mh_y_ksads__bpd,bpd,youth,bpd1__rcnt__dep,present,mh_y_ksads__bpd__bpd1__rcnt__dep__pres_dx,ses-05A,2.0,0,0,0,0,8535,8535,0.0
mh_y_ksads__bpd,bpd,youth,bpd1__rcnt__dep,present,mh_y_ksads__bpd__bpd1__rcnt__dep__pres_dx,ses-06A,2.0,0,0,0,0,9299,9299,0.0
mh_y_ksads__bpd,bpd,youth,bpd1__rcnt__dep,present,mh_y_ksads__bpd__bpd1__rcnt__dep__pres_dx,ses-07A,2.0,0,0,0,0,8357,8357,0.0
mh_y_ksads__bpd,bpd,youth,bpd1__rcnt__manic,present,mh_y_ksads__bpd__bpd1__rcnt__manic__pres_dx,ses-00A,1.0,351,11424,0,0,7,11782,99.9
mh_y_ksads__bpd,bpd,youth,bpd1__rcnt__manic,present,mh_y_ksads__bpd__bpd1__rcnt__manic__pres_dx,ses-01A,1.0,0,1,0,11096,2,11099,0.0
mh_y_ksads__bpd,bpd,youth,bpd1__rcnt__manic,present,mh_y_ksads__bpd__bpd1__rcnt__manic__pres_dx,ses-02A,1.0,281,10573,0,0,1,10855,100.0
mh_y_ksads__bpd,bpd,youth,bpd1__rcnt__manic,present,mh_y_ksads__bpd__bpd1__rcnt__manic__pres_dx,ses-03A,2.0,0,0,0,0,10301,10301,0.0
mh_y_ksads__bpd,bpd,youth,bpd1__rcnt__manic,present,mh_y_ksads__bpd__bpd1__rcnt__manic__pres_dx,ses-04A,2.0,0,0,0,0,9040,9040,0.0
mh_y_ksads__bpd,bpd,youth,bpd1__rcnt__manic,present,mh_y_ksads__bpd__bpd1__rcnt__manic__pres_dx,ses-05A,2.0,0,0,0,0,8535,8535,0.0
mh_y_ksads__bpd,bpd,youth,bpd1__rcnt__manic,present,mh_y_ksads__bpd__bpd1__rcnt__manic__pres_dx,ses-06A,2.0,0,0,0,0,9299,9299,0.0
mh_y_ksads__bpd,bpd,youth,bpd1__rcnt__manic,present,mh_y_ksads__bpd__bpd1__rcnt__manic__pres_dx,ses-07A,2.0,0,0,0,0,8357,8357,0.0
mh_y_ksads__bpd,bpd,youth,bpd1__rcnt__manicmix,present,mh_y_ksads__bpd__bpd1__rcnt__manicmix__pres_dx,ses-00A,1.0,0,0,0,0,11782,11782,0.0
mh_y_ksads__bpd,bpd,youth,bpd1__rcnt__manicmix,present,mh_y_ksads__bpd__bpd1__rcnt__manicmix__pres_dx,ses-01A,1.0,0,0,0,0,11099,11099,0.0
mh_y_ksads__bpd,bpd,youth,bpd1__rcnt__manicmix,present,mh_y_ksads__bpd__bpd1__rcnt__manicmix__pres_dx,ses-02A,1.0,0,0,0,0,10855,10855,0.0
mh_y_ksads__bpd,bpd,youth,bpd1__rcnt__manicmix,present,mh_y_ksads__bpd__bpd1__rcnt__manicmix__pres_dx,ses-03A,2.0,0,0,0,10301,0,10301,0.0
mh_y_ksads__bpd,bpd,youth,bpd1__rcnt__manicmix,present,mh_y_ksads__bpd__bpd1__rcnt__manicmix__pres_dx,ses-04A,2.0,37,8996,0,0,7,9040,99.9
mh_y_ksads__bpd,bpd,youth,bpd1__rcnt__manicmix,present,mh_y_ksads__bpd__bpd1__rcnt__manicmix__pres_dx,ses-05A,2.0,0,0,0,8535,0,8535,0.0
mh_y_ksads__bpd,bpd,youth,bpd1__rcnt__manicmix,present,mh_y_ksads__bpd__bpd1__rcnt__manicmix__pres_dx,ses-06A,2.0,28,9267,0,0,4,9299,100.0
mh_y_ksads__bpd,bpd,youth,bpd1__rcnt__manicmix,present,mh_y_ksads__bpd__bpd1__rcnt__manicmix__pres_dx,ses-07A,2.0,0,0,0,8344,13,8357,0.0
mh_y_ksads__bpd,bpd,youth,bpd2__curdep,partial_remission,mh_y_ksads__bpd__bpd2__curdep__partrem_dx,ses-00A,1.0,0,0,0,0,11782,11782,0.0
mh_y_ksads__bpd,bpd,youth,bpd2__curdep,partial_remission,mh_y_ksads__bpd__bpd2__curdep__partrem_dx,ses-01A,1.0,0,0,0,0,11099,11099,0.0
mh_y_ksads__bpd,bpd,youth,bpd2__curdep,partial_remission,mh_y_ksads__bpd__bpd2__curdep__partrem_dx,ses-02A,1.0,0,0,0,0,10855,10855,0.0
mh_y_ksads__bpd,bpd,youth,bpd2__curdep,partial_remission,mh_y_ksads__bpd__bpd2__curdep__partrem_dx,ses-03A,2.0,0,0,0,10301,0,10301,0.0
mh_y_ksads__bpd,bpd,youth,bpd2__curdep,partial_remission,mh_y_ksads__bpd__bpd2__curdep__partrem_dx,ses-04A,2.0,29,9004,0,0,7,9040,99.9
mh_y_ksads__bpd,bpd,youth,bpd2__curdep,partial_remission,mh_y_ksads__bpd__bpd2__curdep__partrem_dx,ses-05A,2.0,0,0,0,8535,0,8535,0.0
mh_y_ksads__bpd,bpd,youth,bpd2__curdep,partial_remission,mh_y_ksads__bpd__bpd2__curdep__partrem_dx,ses-06A,2.0,35,9260,0,0,4,9299,100.0
mh_y_ksads__bpd,bpd,youth,bpd2__curdep,partial_remission,mh_y_ksads__bpd__bpd2__curdep__partrem_dx,ses-07A,2.0,0,0,0,8344,13,8357,0.0
mh_y_ksads__bpd,bpd,youth,bpd2__curdep,present,mh_y_ksads__bpd__bpd2__curdep__pres_dx,ses-00A,1.0,22,11753,0,0,7,11782,99.9
mh_y_ksads__bpd,bpd,youth,bpd2__curdep,present,mh_y_ksads__bpd__bpd2__curdep__pres_dx,ses-01A,1.0,0,1,0,11096,2,11099,0.0
mh_y_ksads__bpd,bpd,youth,bpd2__curdep,present,mh_y_ksads__bpd__bpd2__curdep__pres_dx,ses-02A,1.0,9,10845,0,0,1,10855,100.0
mh_y_ksads__bpd,bpd,youth,bpd2__curdep,present,mh_y_ksads__bpd__bpd2__curdep__pres_dx,ses-03A,2.0,0,0,0,10301,0,10301,0.0
mh_y_ksads__bpd,bpd,youth,bpd2__curdep,present,mh_y_ksads__bpd__bpd2__curdep__pres_dx,ses-04A,2.0,4,9029,0,0,7,9040,99.9
mh_y_ksads__bpd,bpd,youth,bpd2__curdep,present,mh_y_ksads__bpd__bpd2__curdep__pres_dx,ses-05A,2.0,0,0,0,8535,0,8535,0.0
mh_y_ksads__bpd,bpd,youth,bpd2__curdep,present,mh_y_ksads__bpd__bpd2__curdep__pres_dx,ses-06A,2.0,4,9291,0,0,4,9299,100.0
mh_y_ksads__bpd,bpd,youth,bpd2__curdep,present,mh_y_ksads__bpd__bpd2__curdep__pres_dx,ses-07A,2.0,0,0,0,8344,13,8357,0.0
mh_y_ksads__bpd,bpd,youth,bpd2__curhypo,present,mh_y_ksads__bpd__bpd2__curhypo__pres_dx,ses-00A,1.0,8,11767,0,0,7,11782,99.9
mh_y_ksads__bpd,bpd,youth,bpd2__curhypo,present,mh_y_ksads__bpd__bpd2__curhypo__pres_dx,ses-01A,1.0,0,1,0,11096,2,11099,0.0
mh_y_ksads__bpd,bpd,youth,bpd2__curhypo,present,mh_y_ksads__bpd__bpd2__curhypo__pres_dx,ses-02A,1.0,2,10852,0,0,1,10855,100.0
mh_y_ksads__bpd,bpd,youth,bpd2__curhypo,present,mh_y_ksads__bpd__bpd2__curhypo__pres_dx,ses-03A,2.0,0,0,0,10301,0,10301,0.0
mh_y_ksads__bpd,bpd,youth,bpd2__curhypo,present,mh_y_ksads__bpd__bpd2__curhypo__pres_dx,ses-04A,2.0,3,9030,0,0,7,9040,99.9
mh_y_ksads__bpd,bpd,youth,bpd2__curhypo,present,mh_y_ksads__bpd__bpd2__curhypo__pres_dx,ses-05A,2.0,0,0,0,8535,0,8535,0.0
mh_y_ksads__bpd,bpd,youth,bpd2__curhypo,present,mh_y_ksads__bpd__bpd2__curhypo__pres_dx,ses-06A,2.0,3,9292,0,0,4,9299,100.0
mh_y_ksads__bpd,bpd,youth,bpd2__curhypo,present,mh_y_ksads__bpd__bpd2__curhypo__pres_dx,ses-07A,2.0,0,0,0,8344,13,8357,0.0
mh_y_ksads__bpd,bpd,youth,bpd2__oth,unknown,mh_y_ksads__bpd__bpd2__oth__mindur_dx,ses-00A,1.0,0,0,0,0,11782,11782,0.0
mh_y_ksads__bpd,bpd,youth,bpd2__oth,unknown,mh_y_ksads__bpd__bpd2__oth__mindur_dx,ses-01A,1.0,0,0,0,0,11099,11099,0.0
mh_y_ksads__bpd,bpd,youth,bpd2__oth,unknown,mh_y_ksads__bpd__bpd2__oth__mindur_dx,ses-02A,1.0,0,0,0,0,10855,10855,0.0
mh_y_ksads__bpd,bpd,youth,bpd2__oth,unknown,mh_y_ksads__bpd__bpd2__oth__mindur_dx,ses-03A,2.0,0,0,0,10301,0,10301,0.0
mh_y_ksads__bpd,bpd,youth,bpd2__oth,unknown,mh_y_ksads__bpd__bpd2__oth__mindur_dx,ses-04A,2.0,29,9004,0,0,7,9040,99.9
mh_y_ksads__bpd,bpd,youth,bpd2__oth,unknown,mh_y_ksads__bpd__bpd2__oth__mindur_dx,ses-05A,2.0,0,0,0,8535,0,8535,0.0
mh_y_ksads__bpd,bpd,youth,bpd2__oth,unknown,mh_y_ksads__bpd__bpd2__oth__mindur_dx,ses-06A,2.0,31,9264,0,0,4,9299,100.0
mh_y_ksads__bpd,bpd,youth,bpd2__oth,unknown,mh_y_ksads__bpd__bpd2__oth__mindur_dx,ses-07A,2.0,0,0,0,8344,13,8357,0.0
mh_y_ksads__bpd,bpd,youth,bpd2__oth,unknown,mh_y_ksads__bpd__bpd2__oth__nomdd_dx,ses-00A,1.0,0,0,0,0,11782,11782,0.0
mh_y_ksads__bpd,bpd,youth,bpd2__oth,unknown,mh_y_ksads__bpd__bpd2__oth__nomdd_dx,ses-01A,1.0,0,0,0,0,11099,11099,0.0
mh_y_ksads__bpd,bpd,youth,bpd2__oth,unknown,mh_y_ksads__bpd__bpd2__oth__nomdd_dx,ses-02A,1.0,0,0,0,0,10855,10855,0.0
mh_y_ksads__bpd,bpd,youth,bpd2__oth,unknown,mh_y_ksads__bpd__bpd2__oth__nomdd_dx,ses-03A,2.0,0,0,0,10301,0,10301,0.0
mh_y_ksads__bpd,bpd,youth,bpd2__oth,unknown,mh_y_ksads__bpd__bpd2__oth__nomdd_dx,ses-04A,2.0,31,9002,0,0,7,9040,99.9
mh_y_ksads__bpd,bpd,youth,bpd2__oth,unknown,mh_y_ksads__bpd__bpd2__oth__nomdd_dx,ses-05A,2.0,0,0,0,8535,0,8535,0.0
mh_y_ksads__bpd,bpd,youth,bpd2__oth,unknown,mh_y_ksads__bpd__bpd2__oth__nomdd_dx,ses-06A,2.0,0,9295,0,0,4,9299,100.0
mh_y_ksads__bpd,bpd,youth,bpd2__oth,unknown,mh_y_ksads__bpd__bpd2__oth__nomdd_dx,ses-07A,2.0,0,0,0,8344,13,8357,0.0
mh_y_ksads__bpd,bpd,youth,bpd2__rcnt__hypo,present,mh_y_ksads__bpd__bpd2__rcnt__hypo__pres_dx,ses-00A,1.0,118,11657,0,0,7,11782,99.9
mh_y_ksads__bpd,bpd,youth,bpd2__rcnt__hypo,present,mh_y_ksads__bpd__bpd2__rcnt__hypo__pres_dx,ses-01A,1.0,0,1,0,11096,2,11099,0.0
mh_y_ksads__bpd,bpd,youth,bpd2__rcnt__hypo,present,mh_y_ksads__bpd__bpd2__rcnt__hypo__pres_dx,ses-02A,1.0,94,10760,0,0,1,10855,100.0
mh_y_ksads__bpd,bpd,youth,bpd2__rcnt__hypo,present,mh_y_ksads__bpd__bpd2__rcnt__hypo__pres_dx,ses-03A,2.0,0,0,0,0,10301,10301,0.0
mh_y_ksads__bpd,bpd,youth,bpd2__rcnt__hypo,present,mh_y_ksads__bpd__bpd2__rcnt__hypo__pres_dx,ses-04A,2.0,0,0,0,0,9040,9040,0.0
mh_y_ksads__bpd,bpd,youth,bpd2__rcnt__hypo,present,mh_y_ksads__bpd__bpd2__rcnt__hypo__pres_dx,ses-05A,2.0,0,0,0,0,8535,8535,0.0
mh_y_ksads__bpd,bpd,youth,bpd2__rcnt__hypo,present,mh_y_ksads__bpd__bpd2__rcnt__hypo__pres_dx,ses-06A,2.0,0,0,0,0,9299,9299,0.0
mh_y_ksads__bpd,bpd,youth,bpd2__rcnt__hypo,present,mh_y_ksads__bpd__bpd2__rcnt__hypo__pres_dx,ses-07A,2.0,0,0,0,0,8357,8357,0.0
mh_y_ksads__bpd,bpd,youth,bpd2__rcnt__hypomix,present,mh_y_ksads__bpd__bpd2__rcnt__hypomix__pres_dx,ses-00A,1.0,0,0,0,0,11782,11782,0.0
mh_y_ksads__bpd,bpd,youth,bpd2__rcnt__hypomix,present,mh_y_ksads__bpd__bpd2__rcnt__hypomix__pres_dx,ses-01A,1.0,0,0,0,0,11099,11099,0.0
mh_y_ksads__bpd,bpd,youth,bpd2__rcnt__hypomix,present,mh_y_ksads__bpd__bpd2__rcnt__hypomix__pres_dx,ses-02A,1.0,0,0,0,0,10855,10855,0.0
mh_y_ksads__bpd,bpd,youth,bpd2__rcnt__hypomix,present,mh_y_ksads__bpd__bpd2__rcnt__hypomix__pres_dx,ses-03A,2.0,0,0,0,10301,0,10301,0.0
mh_y_ksads__bpd,bpd,youth,bpd2__rcnt__hypomix,present,mh_y_ksads__bpd__bpd2__rcnt__hypomix__pres_dx,ses-04A,2.0,8,9025,0,0,7,9040,99.9
mh_y_ksads__bpd,bpd,youth,bpd2__rcnt__hypomix,present,mh_y_ksads__bpd__bpd2__rcnt__hypomix__pres_dx,ses-05A,2.0,0,0,0,8535,0,8535,0.0
mh_y_ksads__bpd,bpd,youth,bpd2__rcnt__hypomix,present,mh_y_ksads__bpd__bpd2__rcnt__hypomix__pres_dx,ses-06A,2.0,7,9288,0,0,4,9299,100.0
mh_y_ksads__bpd,bpd,youth,bpd2__rcnt__hypomix,present,mh_y_ksads__bpd__bpd2__rcnt__hypomix__pres_dx,ses-07A,2.0,0,0,0,8344,13,8357,0.0
mh_y_ksads__bpd,bpd,youth,oth,unknown,mh_y_ksads__bpd__oth__mindur_dx,ses-00A,1.0,0,0,0,0,11782,11782,0.0
mh_y_ksads__bpd,bpd,youth,oth,unknown,mh_y_ksads__bpd__oth__mindur_dx,ses-01A,1.0,0,0,0,0,11099,11099,0.0
mh_y_ksads__bpd,bpd,youth,oth,unknown,mh_y_ksads__bpd__oth__mindur_dx,ses-02A,1.0,0,0,0,0,10855,10855,0.0
mh_y_ksads__bpd,bpd,youth,oth,unknown,mh_y_ksads__bpd__oth__mindur_dx,ses-03A,2.0,0,0,0,10301,0,10301,0.0
mh_y_ksads__bpd,bpd,youth,oth,unknown,mh_y_ksads__bpd__oth__mindur_dx,ses-04A,2.0,77,8956,0,0,7,9040,99.9
mh_y_ksads__bpd,bpd,youth,oth,unknown,mh_y_ksads__bpd__oth__mindur_dx,ses-05A,2.0,0,0,0,8535,0,8535,0.0
mh_y_ksads__bpd,bpd,youth,oth,unknown,mh_y_ksads__bpd__oth__mindur_dx,ses-06A,2.0,102,9193,0,0,4,9299,100.0
mh_y_ksads__bpd,bpd,youth,oth,unknown,mh_y_ksads__bpd__oth__mindur_dx,ses-07A,2.0,0,0,0,8344,13,8357,0.0
mh_y_ksads__bpd,bpd,youth,unspec,past,mh_y_ksads__bpd__unspec__past_dx,ses-00A,1.0,605,11170,0,0,7,11782,99.9
mh_y_ksads__bpd,bpd,youth,unspec,past,mh_y_ksads__bpd__unspec__past_dx,ses-01A,1.0,0,1,0,11096,2,11099,0.0
mh_y_ksads__bpd,bpd,youth,unspec,past,mh_y_ksads__bpd__unspec__past_dx,ses-02A,1.0,266,10588,0,0,1,10855,100.0
mh_y_ksads__bpd,bpd,youth,unspec,past,mh_y_ksads__bpd__unspec__past_dx,ses-03A,2.0,0,0,0,0,10301,10301,0.0
mh_y_ksads__bpd,bpd,youth,unspec,past,mh_y_ksads__bpd__unspec__past_dx,ses-04A,2.0,0,0,0,0,9040,9040,0.0
mh_y_ksads__bpd,bpd,youth,unspec,past,mh_y_ksads__bpd__unspec__past_dx,ses-05A,2.0,0,0,0,0,8535,8535,0.0
mh_y_ksads__bpd,bpd,youth,unspec,past,mh_y_ksads__bpd__unspec__past_dx,ses-06A,2.0,0,0,0,0,9299,9299,0.0
mh_y_ksads__bpd,bpd,youth,unspec,past,mh_y_ksads__bpd__unspec__past_dx,ses-07A,2.0,0,0,0,0,8357,8357,0.0
mh_y_ksads__bpd,bpd,youth,unspec,present,mh_y_ksads__bpd__unspec__pres_dx,ses-00A,1.0,75,11700,0,0,7,11782,99.9
mh_y_ksads__bpd,bpd,youth,unspec,present,mh_y_ksads__bpd__unspec__pres_dx,ses-01A,1.0,0,1,0,11096,2,11099,0.0
mh_y_ksads__bpd,bpd,youth,unspec,present,mh_y_ksads__bpd__unspec__pres_dx,ses-02A,1.0,39,10815,0,0,1,10855,100.0
mh_y_ksads__bpd,bpd,youth,unspec,present,mh_y_ksads__bpd__unspec__pres_dx,ses-03A,2.0,0,0,0,0,10301,10301,0.0
mh_y_ksads__bpd,bpd,youth,unspec,present,mh_y_ksads__bpd__unspec__pres_dx,ses-04A,2.0,0,0,0,0,9040,9040,0.0
mh_y_ksads__bpd,bpd,youth,unspec,present,mh_y_ksads__bpd__unspec__pres_dx,ses-05A,2.0,0,0,0,0,8535,8535,0.0
mh_y_ksads__bpd,bpd,youth,unspec,present,mh_y_ksads__bpd__unspec__pres_dx,ses-06A,2.0,0,0,0,0,9299,9299,0.0
mh_y_ksads__bpd,bpd,youth,unspec,present,mh_y_ksads__bpd__unspec__pres_dx,ses-07A,2.0,0,0,0,0,8357,8357,0.0
mh_y_ksads__cond,cond,youth,onset__adoles,past,mh_y_ksads__cond__onset__adoles__past_dx,ses-00A,1.0,0,0,0,11775,1,11776,0.0
mh_y_ksads__cond,cond,youth,onset__adoles,past,mh_y_ksads__cond__onset__adoles__past_dx,ses-01A,1.0,0,0,0,11097,0,11097,0.0
mh_y_ksads__cond,cond,youth,onset__adoles,past,mh_y_ksads__cond__onset__adoles__past_dx,ses-02A,1.0,10,10844,0,0,1,10855,100.0
mh_y_ksads__cond,cond,youth,onset__adoles,past,mh_y_ksads__cond__onset__adoles__past_dx,ses-03A,2.0,0,0,0,10301,0,10301,0.0
mh_y_ksads__cond,cond,youth,onset__adoles,past,mh_y_ksads__cond__onset__adoles__past_dx,ses-04A,2.0,9,9024,0,0,7,9040,99.9
mh_y_ksads__cond,cond,youth,onset__adoles,past,mh_y_ksads__cond__onset__adoles__past_dx,ses-05A,2.0,0,0,0,8535,0,8535,0.0
mh_y_ksads__cond,cond,youth,onset__adoles,past,mh_y_ksads__cond__onset__adoles__past_dx,ses-06A,2.0,43,9252,0,0,4,9299,100.0
mh_y_ksads__cond,cond,youth,onset__adoles,past,mh_y_ksads__cond__onset__adoles__past_dx,ses-07A,2.0,0,0,0,8344,13,8357,0.0
mh_y_ksads__cond,cond,youth,onset__adoles,present,mh_y_ksads__cond__onset__adoles__pres_dx,ses-00A,1.0,0,0,0,11775,1,11776,0.0
mh_y_ksads__cond,cond,youth,onset__adoles,present,mh_y_ksads__cond__onset__adoles__pres_dx,ses-01A,1.0,0,0,0,11097,0,11097,0.0
mh_y_ksads__cond,cond,youth,onset__adoles,present,mh_y_ksads__cond__onset__adoles__pres_dx,ses-02A,1.0,62,10792,0,0,1,10855,100.0
mh_y_ksads__cond,cond,youth,onset__adoles,present,mh_y_ksads__cond__onset__adoles__pres_dx,ses-03A,2.0,0,0,0,10301,0,10301,0.0
mh_y_ksads__cond,cond,youth,onset__adoles,present,mh_y_ksads__cond__onset__adoles__pres_dx,ses-04A,2.0,74,8959,0,0,7,9040,99.9
mh_y_ksads__cond,cond,youth,onset__adoles,present,mh_y_ksads__cond__onset__adoles__pres_dx,ses-05A,2.0,0,0,0,8535,0,8535,0.0
mh_y_ksads__cond,cond,youth,onset__adoles,present,mh_y_ksads__cond__onset__adoles__pres_dx,ses-06A,2.0,196,9099,0,0,4,9299,100.0
mh_y_ksads__cond,cond,youth,onset__adoles,present,mh_y_ksads__cond__onset__adoles__pres_dx,ses-07A,2.0,0,0,0,8344,13,8357,0.0
mh_y_ksads__cond,cond,youth,onset__chld,past,mh_y_ksads__cond__onset__chld__past_dx,ses-00A,1.0,0,0,0,11775,1,11776,0.0
mh_y_ksads__cond,cond,youth,onset__chld,past,mh_y_ksads__cond__onset__chld__past_dx,ses-01A,1.0,0,0,0,11097,0,11097,0.0
mh_y_ksads__cond,cond,youth,onset__chld,past,mh_y_ksads__cond__onset__chld__past_dx,ses-02A,1.0,19,10835,0,0,1,10855,100.0
mh_y_ksads__cond,cond,youth,onset__chld,past,mh_y_ksads__cond__onset__chld__past_dx,ses-03A,2.0,0,0,0,10301,0,10301,0.0
mh_y_ksads__cond,cond,youth,onset__chld,past,mh_y_ksads__cond__onset__chld__past_dx,ses-04A,2.0,66,8967,0,0,7,9040,99.9
mh_y_ksads__cond,cond,youth,onset__chld,past,mh_y_ksads__cond__onset__chld__past_dx,ses-05A,2.0,0,0,0,8535,0,8535,0.0
mh_y_ksads__cond,cond,youth,onset__chld,past,mh_y_ksads__cond__onset__chld__past_dx,ses-06A,2.0,114,9181,0,0,4,9299,100.0
mh_y_ksads__cond,cond,youth,onset__chld,past,mh_y_ksads__cond__onset__chld__past_dx,ses-07A,2.0,0,0,0,8344,13,8357,0.0
mh_y_ksads__cond,cond,youth,onset__chld,present,mh_y_ksads__cond__onset__chld__pres_dx,ses-00A,1.0,0,0,0,11775,1,11776,0.0
mh_y_ksads__cond,cond,youth,onset__chld,present,mh_y_ksads__cond__onset__chld__pres_dx,ses-01A,1.0,0,0,0,11097,0,11097,0.0
mh_y_ksads__cond,cond,youth,onset__chld,present,mh_y_ksads__cond__onset__chld__pres_dx,ses-02A,1.0,15,10839,0,0,1,10855,100.0
mh_y_ksads__cond,cond,youth,onset__chld,present,mh_y_ksads__cond__onset__chld__pres_dx,ses-03A,2.0,0,0,0,10301,0,10301,0.0
mh_y_ksads__cond,cond,youth,onset__chld,present,mh_y_ksads__cond__onset__chld__pres_dx,ses-04A,2.0,112,8921,0,0,7,9040,99.9
mh_y_ksads__cond,cond,youth,onset__chld,present,mh_y_ksads__cond__onset__chld__pres_dx,ses-05A,2.0,0,0,0,8535,0,8535,0.0
mh_y_ksads__cond,cond,youth,onset__chld,present,mh_y_ksads__cond__onset__chld__pres_dx,ses-06A,2.0,210,9085,0,0,4,9299,100.0
mh_y_ksads__cond,cond,youth,onset__chld,present,mh_y_ksads__cond__onset__chld__pres_dx,ses-07A,2.0,0,0,0,8344,13,8357,0.0
mh_y_ksads__dep,dep,youth,mdd,partial_remission,mh_y_ksads__dep__mdd__partrem_dx,ses-00A,1.0,26,11749,0,0,7,11782,99.9
mh_y_ksads__dep,dep,youth,mdd,partial_remission,mh_y_ksads__dep__mdd__partrem_dx,ses-01A,1.0,0,1,0,11096,2,11099,0.0
mh_y_ksads__dep,dep,youth,mdd,partial_remission,mh_y_ksads__dep__mdd__partrem_dx,ses-02A,1.0,39,10815,0,0,1,10855,100.0
mh_y_ksads__dep,dep,youth,mdd,partial_remission,mh_y_ksads__dep__mdd__partrem_dx,ses-03A,2.0,0,0,0,10301,0,10301,0.0
mh_y_ksads__dep,dep,youth,mdd,partial_remission,mh_y_ksads__dep__mdd__partrem_dx,ses-04A,2.0,799,8234,0,0,7,9040,99.9
mh_y_ksads__dep,dep,youth,mdd,partial_remission,mh_y_ksads__dep__mdd__partrem_dx,ses-05A,2.0,0,0,0,8535,0,8535,0.0
mh_y_ksads__dep,dep,youth,mdd,partial_remission,mh_y_ksads__dep__mdd__partrem_dx,ses-06A,2.0,952,8343,0,0,4,9299,100.0
mh_y_ksads__dep,dep,youth,mdd,partial_remission,mh_y_ksads__dep__mdd__partrem_dx,ses-07A,2.0,0,0,0,8344,13,8357,0.0
mh_y_ksads__dep,dep,youth,mdd,past,mh_y_ksads__dep__mdd__past_dx,ses-00A,1.0,253,11522,0,0,7,11782,99.9
mh_y_ksads__dep,dep,youth,mdd,past,mh_y_ksads__dep__mdd__past_dx,ses-01A,1.0,0,1,0,11096,2,11099,0.0
mh_y_ksads__dep,dep,youth,mdd,past,mh_y_ksads__dep__mdd__past_dx,ses-02A,1.0,319,10535,0,0,1,10855,100.0
mh_y_ksads__dep,dep,youth,mdd,past,mh_y_ksads__dep__mdd__past_dx,ses-03A,2.0,0,0,0,10301,0,10301,0.0
mh_y_ksads__dep,dep,youth,mdd,past,mh_y_ksads__dep__mdd__past_dx,ses-04A,2.0,310,8723,0,0,7,9040,99.9
mh_y_ksads__dep,dep,youth,mdd,past,mh_y_ksads__dep__mdd__past_dx,ses-05A,2.0,0,0,0,8535,0,8535,0.0
mh_y_ksads__dep,dep,youth,mdd,past,mh_y_ksads__dep__mdd__past_dx,ses-06A,2.0,382,8913,0,0,4,9299,100.0
mh_y_ksads__dep,dep,youth,mdd,past,mh_y_ksads__dep__mdd__past_dx,ses-07A,2.0,0,0,0,8344,13,8357,0.0
mh_y_ksads__dep,dep,youth,mdd,present,mh_y_ksads__dep__mdd__pres_dx,ses-00A,1.0,66,11709,0,0,7,11782,99.9
mh_y_ksads__dep,dep,youth,mdd,present,mh_y_ksads__dep__mdd__pres_dx,ses-01A,1.0,0,1,0,11096,2,11099,0.0
mh_y_ksads__dep,dep,youth,mdd,present,mh_y_ksads__dep__mdd__pres_dx,ses-02A,1.0,62,10792,0,0,1,10855,100.0
mh_y_ksads__dep,dep,youth,mdd,present,mh_y_ksads__dep__mdd__pres_dx,ses-03A,2.0,0,0,0,10301,0,10301,0.0
mh_y_ksads__dep,dep,youth,mdd,present,mh_y_ksads__dep__mdd__pres_dx,ses-04A,2.0,194,8839,0,0,7,9040,99.9
mh_y_ksads__dep,dep,youth,mdd,present,mh_y_ksads__dep__mdd__pres_dx,ses-05A,2.0,0,0,0,8535,0,8535,0.0
mh_y_ksads__dep,dep,youth,mdd,present,mh_y_ksads__dep__mdd__pres_dx,ses-06A,2.0,216,9079,0,0,4,9299,100.0
mh_y_ksads__dep,dep,youth,mdd,present,mh_y_ksads__dep__mdd__pres_dx,ses-07A,2.0,0,0,0,8344,13,8357,0.0
mh_y_ksads__dep,dep,youth,pdd__oth,present,mh_y_ksads__dep__pdd__oth__pres_dx,ses-00A,1.0,0,0,0,0,11782,11782,0.0
mh_y_ksads__dep,dep,youth,pdd__oth,present,mh_y_ksads__dep__pdd__oth__pres_dx,ses-01A,1.0,0,0,0,0,11099,11099,0.0
mh_y_ksads__dep,dep,youth,pdd__oth,present,mh_y_ksads__dep__pdd__oth__pres_dx,ses-02A,1.0,0,0,0,0,10855,10855,0.0
mh_y_ksads__dep,dep,youth,pdd__oth,present,mh_y_ksads__dep__pdd__oth__pres_dx,ses-03A,2.0,0,0,0,10301,0,10301,0.0
mh_y_ksads__dep,dep,youth,pdd__oth,present,mh_y_ksads__dep__pdd__oth__pres_dx,ses-04A,2.0,7,9026,0,0,7,9040,99.9
mh_y_ksads__dep,dep,youth,pdd__oth,present,mh_y_ksads__dep__pdd__oth__pres_dx,ses-05A,2.0,0,0,0,8535,0,8535,0.0
mh_y_ksads__dep,dep,youth,pdd__oth,present,mh_y_ksads__dep__pdd__oth__pres_dx,ses-06A,2.0,10,9285,0,0,4,9299,100.0
mh_y_ksads__dep,dep,youth,pdd__oth,present,mh_y_ksads__dep__pdd__oth__pres_dx,ses-07A,2.0,0,0,0,8344,13,8357,0.0
mh_y_ksads__dep,dep,youth,pdd,partial_remission,mh_y_ksads__dep__pdd__partrem_dx,ses-00A,1.0,0,11775,0,0,7,11782,99.9
mh_y_ksads__dep,dep,youth,pdd,partial_remission,mh_y_ksads__dep__pdd__partrem_dx,ses-01A,1.0,0,1,0,11096,2,11099,0.0
mh_y_ksads__dep,dep,youth,pdd,partial_remission,mh_y_ksads__dep__pdd__partrem_dx,ses-02A,1.0,0,10854,0,0,1,10855,100.0
mh_y_ksads__dep,dep,youth,pdd,partial_remission,mh_y_ksads__dep__pdd__partrem_dx,ses-03A,2.0,0,0,0,10301,0,10301,0.0
mh_y_ksads__dep,dep,youth,pdd,partial_remission,mh_y_ksads__dep__pdd__partrem_dx,ses-04A,2.0,6,9027,0,0,7,9040,99.9
mh_y_ksads__dep,dep,youth,pdd,partial_remission,mh_y_ksads__dep__pdd__partrem_dx,ses-05A,2.0,0,0,0,8535,0,8535,0.0
mh_y_ksads__dep,dep,youth,pdd,partial_remission,mh_y_ksads__dep__pdd__partrem_dx,ses-06A,2.0,10,9285,0,0,4,9299,100.0
mh_y_ksads__dep,dep,youth,pdd,partial_remission,mh_y_ksads__dep__pdd__partrem_dx,ses-07A,2.0,0,0,0,8344,13,8357,0.0
mh_y_ksads__dep,dep,youth,pdd,past,mh_y_ksads__dep__pdd__past_dx,ses-00A,1.0,7,11768,0,0,7,11782,99.9
mh_y_ksads__dep,dep,youth,pdd,past,mh_y_ksads__dep__pdd__past_dx,ses-01A,1.0,0,1,0,11096,2,11099,0.0
mh_y_ksads__dep,dep,youth,pdd,past,mh_y_ksads__dep__pdd__past_dx,ses-02A,1.0,12,10842,0,0,1,10855,100.0
mh_y_ksads__dep,dep,youth,pdd,past,mh_y_ksads__dep__pdd__past_dx,ses-03A,2.0,0,0,0,10301,0,10301,0.0
mh_y_ksads__dep,dep,youth,pdd,past,mh_y_ksads__dep__pdd__past_dx,ses-04A,2.0,13,9020,0,0,7,9040,99.9
mh_y_ksads__dep,dep,youth,pdd,past,mh_y_ksads__dep__pdd__past_dx,ses-05A,2.0,0,0,0,8535,0,8535,0.0
mh_y_ksads__dep,dep,youth,pdd,past,mh_y_ksads__dep__pdd__past_dx,ses-06A,2.0,14,9281,0,0,4,9299,100.0
mh_y_ksads__dep,dep,youth,pdd,past,mh_y_ksads__dep__pdd__past_dx,ses-07A,2.0,0,0,0,8344,13,8357,0.0
mh_y_ksads__dep,dep,youth,pdd,present,mh_y_ksads__dep__pdd__pres_dx,ses-00A,1.0,0,11775,0,0,7,11782,99.9
mh_y_ksads__dep,dep,youth,pdd,present,mh_y_ksads__dep__pdd__pres_dx,ses-01A,1.0,0,1,0,11096,2,11099,0.0
mh_y_ksads__dep,dep,youth,pdd,present,mh_y_ksads__dep__pdd__pres_dx,ses-02A,1.0,0,10854,0,0,1,10855,100.0
mh_y_ksads__dep,dep,youth,pdd,present,mh_y_ksads__dep__pdd__pres_dx,ses-03A,2.0,0,0,0,10301,0,10301,0.0
mh_y_ksads__dep,dep,youth,pdd,present,mh_y_ksads__dep__pdd__pres_dx,ses-04A,2.0,73,8960,0,0,7,9040,99.9
mh_y_ksads__dep,dep,youth,pdd,present,mh_y_ksads__dep__pdd__pres_dx,ses-05A,2.0,0,0,0,8535,0,8535,0.0
mh_y_ksads__dep,dep,youth,pdd,present,mh_y_ksads__dep__pdd__pres_dx,ses-06A,2.0,56,9239,0,0,4,9299,100.0
mh_y_ksads__dep,dep,youth,pdd,present,mh_y_ksads__dep__pdd__pres_dx,ses-07A,2.0,0,0,0,8344,13,8357,0.0
mh_y_ksads__dep,dep,youth,unspec,past,mh_y_ksads__dep__unspec__past_dx,ses-00A,1.0,258,11517,0,0,7,11782,99.9
mh_y_ksads__dep,dep,youth,unspec,past,mh_y_ksads__dep__unspec__past_dx,ses-01A,1.0,0,1,0,11096,2,11099,0.0
mh_y_ksads__dep,dep,youth,unspec,past,mh_y_ksads__dep__unspec__past_dx,ses-02A,1.0,257,10597,0,0,1,10855,100.0
mh_y_ksads__dep,dep,youth,unspec,past,mh_y_ksads__dep__unspec__past_dx,ses-03A,2.0,0,0,0,0,10301,10301,0.0
mh_y_ksads__dep,dep,youth,unspec,past,mh_y_ksads__dep__unspec__past_dx,ses-04A,2.0,0,0,0,0,9040,9040,0.0
mh_y_ksads__dep,dep,youth,unspec,past,mh_y_ksads__dep__unspec__past_dx,ses-05A,2.0,0,0,0,0,8535,8535,0.0
mh_y_ksads__dep,dep,youth,unspec,past,mh_y_ksads__dep__unspec__past_dx,ses-06A,2.0,0,0,0,0,9299,9299,0.0
mh_y_ksads__dep,dep,youth,unspec,past,mh_y_ksads__dep__unspec__past_dx,ses-07A,2.0,0,0,0,0,8357,8357,0.0
mh_y_ksads__dep,dep,youth,unspec,present,mh_y_ksads__dep__unspec__pres_dx,ses-00A,1.0,27,11748,0,0,7,11782,99.9
mh_y_ksads__dep,dep,youth,unspec,present,mh_y_ksads__dep__unspec__pres_dx,ses-01A,1.0,0,1,0,11096,2,11099,0.0
mh_y_ksads__dep,dep,youth,unspec,present,mh_y_ksads__dep__unspec__pres_dx,ses-02A,1.0,0,10854,0,0,1,10855,100.0
mh_y_ksads__dep,dep,youth,unspec,present,mh_y_ksads__dep__unspec__pres_dx,ses-03A,2.0,0,0,0,0,10301,10301,0.0
mh_y_ksads__dep,dep,youth,unspec,present,mh_y_ksads__dep__unspec__pres_dx,ses-04A,2.0,0,0,0,0,9040,9040,0.0
mh_y_ksads__dep,dep,youth,unspec,present,mh_y_ksads__dep__unspec__pres_dx,ses-05A,2.0,0,0,0,0,8535,8535,0.0
mh_y_ksads__dep,dep,youth,unspec,present,mh_y_ksads__dep__unspec__pres_dx,ses-06A,2.0,0,0,0,0,9299,9299,0.0
mh_y_ksads__dep,dep,youth,unspec,present,mh_y_ksads__dep__unspec__pres_dx,ses-07A,2.0,0,0,0,0,8357,8357,0.0
mh_y_ksads__dmdd,dmdd,youth,dmdd,present,mh_y_ksads__dmdd__dmdd__pres_dx,ses-00A,1.0,13,11762,0,0,0,11775,100.0
mh_y_ksads__dmdd,dmdd,youth,dmdd,present,mh_y_ksads__dmdd__dmdd__pres_dx,ses-01A,1.0,0,1,0,11096,0,11097,0.0
mh_y_ksads__dmdd,dmdd,youth,dmdd,present,mh_y_ksads__dmdd__dmdd__pres_dx,ses-02A,1.0,3,10851,0,0,0,10854,100.0
mh_y_ksads__dmdd,dmdd,youth,dmdd,present,mh_y_ksads__dmdd__dmdd__pres_dx,ses-03A,2.0,0,0,0,10301,0,10301,0.0
mh_y_ksads__dmdd,dmdd,youth,dmdd,present,mh_y_ksads__dmdd__dmdd__pres_dx,ses-04A,2.0,16,9017,0,0,7,9040,99.9
mh_y_ksads__dmdd,dmdd,youth,dmdd,present,mh_y_ksads__dmdd__dmdd__pres_dx,ses-05A,2.0,0,0,0,8535,0,8535,0.0
mh_y_ksads__dmdd,dmdd,youth,dmdd,present,mh_y_ksads__dmdd__dmdd__pres_dx,ses-06A,2.0,5,9290,0,0,4,9299,100.0
mh_y_ksads__dmdd,dmdd,youth,dmdd,present,mh_y_ksads__dmdd__dmdd__pres_dx,ses-07A,2.0,0,0,0,8344,13,8357,0.0
mh_y_ksads__ed,ed,youth,an__bingeprg,partial_remission,mh_y_ksads__ed__an__bingeprg__partrem_dx,ses-00A,1.0,0,0,0,11775,1,11776,0.0
mh_y_ksads__ed,ed,youth,an__bingeprg,partial_remission,mh_y_ksads__ed__an__bingeprg__partrem_dx,ses-01A,1.0,0,0,0,11097,0,11097,0.0
mh_y_ksads__ed,ed,youth,an__bingeprg,partial_remission,mh_y_ksads__ed__an__bingeprg__partrem_dx,ses-02A,1.0,3,10851,0,0,1,10855,100.0
mh_y_ksads__ed,ed,youth,an__bingeprg,partial_remission,mh_y_ksads__ed__an__bingeprg__partrem_dx,ses-03A,2.0,0,0,0,10301,0,10301,0.0
mh_y_ksads__ed,ed,youth,an__bingeprg,partial_remission,mh_y_ksads__ed__an__bingeprg__partrem_dx,ses-04A,2.0,0,9033,0,0,7,9040,99.9
mh_y_ksads__ed,ed,youth,an__bingeprg,partial_remission,mh_y_ksads__ed__an__bingeprg__partrem_dx,ses-05A,2.0,0,0,0,8535,0,8535,0.0
mh_y_ksads__ed,ed,youth,an__bingeprg,partial_remission,mh_y_ksads__ed__an__bingeprg__partrem_dx,ses-06A,2.0,1,9294,0,0,4,9299,100.0
mh_y_ksads__ed,ed,youth,an__bingeprg,partial_remission,mh_y_ksads__ed__an__bingeprg__partrem_dx,ses-07A,2.0,0,0,0,8344,13,8357,0.0
mh_y_ksads__ed,ed,youth,an__bingeprg,past,mh_y_ksads__ed__an__bingeprg__past_dx,ses-00A,1.0,0,0,0,11775,1,11776,0.0
mh_y_ksads__ed,ed,youth,an__bingeprg,past,mh_y_ksads__ed__an__bingeprg__past_dx,ses-01A,1.0,0,0,0,11097,0,11097,0.0
mh_y_ksads__ed,ed,youth,an__bingeprg,past,mh_y_ksads__ed__an__bingeprg__past_dx,ses-02A,1.0,0,10854,0,0,1,10855,100.0
mh_y_ksads__ed,ed,youth,an__bingeprg,past,mh_y_ksads__ed__an__bingeprg__past_dx,ses-03A,2.0,0,0,0,10301,0,10301,0.0
mh_y_ksads__ed,ed,youth,an__bingeprg,past,mh_y_ksads__ed__an__bingeprg__past_dx,ses-04A,2.0,1,9032,0,0,7,9040,99.9
mh_y_ksads__ed,ed,youth,an__bingeprg,past,mh_y_ksads__ed__an__bingeprg__past_dx,ses-05A,2.0,0,0,0,8535,0,8535,0.0
mh_y_ksads__ed,ed,youth,an__bingeprg,past,mh_y_ksads__ed__an__bingeprg__past_dx,ses-06A,2.0,5,9290,0,0,4,9299,100.0
mh_y_ksads__ed,ed,youth,an__bingeprg,past,mh_y_ksads__ed__an__bingeprg__past_dx,ses-07A,2.0,0,0,0,8344,13,8357,0.0
mh_y_ksads__ed,ed,youth,an__bingeprg,present,mh_y_ksads__ed__an__bingeprg__pres_dx,ses-00A,1.0,0,0,0,11775,1,11776,0.0
mh_y_ksads__ed,ed,youth,an__bingeprg,present,mh_y_ksads__ed__an__bingeprg__pres_dx,ses-01A,1.0,0,0,0,11097,0,11097,0.0
mh_y_ksads__ed,ed,youth,an__bingeprg,present,mh_y_ksads__ed__an__bingeprg__pres_dx,ses-02A,1.0,0,10854,0,0,1,10855,100.0
mh_y_ksads__ed,ed,youth,an__bingeprg,present,mh_y_ksads__ed__an__bingeprg__pres_dx,ses-03A,2.0,0,0,0,10301,0,10301,0.0
mh_y_ksads__ed,ed,youth,an__bingeprg,present,mh_y_ksads__ed__an__bingeprg__pres_dx,ses-04A,2.0,19,9014,0,0,7,9040,99.9
mh_y_ksads__ed,ed,youth,an__bingeprg,present,mh_y_ksads__ed__an__bingeprg__pres_dx,ses-05A,2.0,0,0,0,8535,0,8535,0.0
mh_y_ksads__ed,ed,youth,an__bingeprg,present,mh_y_ksads__ed__an__bingeprg__pres_dx,ses-06A,2.0,18,9277,0,0,4,9299,100.0
mh_y_ksads__ed,ed,youth,an__bingeprg,present,mh_y_ksads__ed__an__bingeprg__pres_dx,ses-07A,2.0,0,0,0,8344,13,8357,0.0
mh_y_ksads__ed,ed,youth,an__oth,past,mh_y_ksads__ed__an__oth__past_dx,ses-00A,1.0,0,0,0,11775,1,11776,0.0
mh_y_ksads__ed,ed,youth,an__oth,past,mh_y_ksads__ed__an__oth__past_dx,ses-01A,1.0,0,0,0,11097,0,11097,0.0
mh_y_ksads__ed,ed,youth,an__oth,past,mh_y_ksads__ed__an__oth__past_dx,ses-02A,1.0,15,10839,0,0,1,10855,100.0
mh_y_ksads__ed,ed,youth,an__oth,past,mh_y_ksads__ed__an__oth__past_dx,ses-03A,2.0,0,0,0,10301,0,10301,0.0
mh_y_ksads__ed,ed,youth,an__oth,past,mh_y_ksads__ed__an__oth__past_dx,ses-04A,2.0,528,8505,0,0,7,9040,99.9
mh_y_ksads__ed,ed,youth,an__oth,past,mh_y_ksads__ed__an__oth__past_dx,ses-05A,2.0,1,0,0,8534,0,8535,0.0
mh_y_ksads__ed,ed,youth,an__oth,past,mh_y_ksads__ed__an__oth__past_dx,ses-06A,2.0,776,8519,0,0,4,9299,100.0
mh_y_ksads__ed,ed,youth,an__oth,past,mh_y_ksads__ed__an__oth__past_dx,ses-07A,2.0,0,0,0,8344,13,8357,0.0
mh_y_ksads__ed,ed,youth,an__oth,present,mh_y_ksads__ed__an__oth__pres_dx,ses-00A,1.0,0,0,0,11775,1,11776,0.0
mh_y_ksads__ed,ed,youth,an__oth,present,mh_y_ksads__ed__an__oth__pres_dx,ses-01A,1.0,0,0,0,11097,0,11097,0.0
mh_y_ksads__ed,ed,youth,an__oth,present,mh_y_ksads__ed__an__oth__pres_dx,ses-02A,1.0,5,10849,0,0,1,10855,100.0
mh_y_ksads__ed,ed,youth,an__oth,present,mh_y_ksads__ed__an__oth__pres_dx,ses-03A,2.0,0,0,0,10301,0,10301,0.0
mh_y_ksads__ed,ed,youth,an__oth,present,mh_y_ksads__ed__an__oth__pres_dx,ses-04A,2.0,325,8708,0,0,7,9040,99.9
mh_y_ksads__ed,ed,youth,an__oth,present,mh_y_ksads__ed__an__oth__pres_dx,ses-05A,2.0,0,0,0,8535,0,8535,0.0
mh_y_ksads__ed,ed,youth,an__oth,present,mh_y_ksads__ed__an__oth__pres_dx,ses-06A,2.0,465,8830,0,0,4,9299,100.0
mh_y_ksads__ed,ed,youth,an__oth,present,mh_y_ksads__ed__an__oth__pres_dx,ses-07A,2.0,0,0,0,8344,13,8357,0.0
mh_y_ksads__ed,ed,youth,an__restrict,partial_remission,mh_y_ksads__ed__an__restrict__partrem_dx,ses-00A,1.0,0,0,0,11775,1,11776,0.0
mh_y_ksads__ed,ed,youth,an__restrict,partial_remission,mh_y_ksads__ed__an__restrict__partrem_dx,ses-01A,1.0,0,0,0,11097,0,11097,0.0
mh_y_ksads__ed,ed,youth,an__restrict,partial_remission,mh_y_ksads__ed__an__restrict__partrem_dx,ses-02A,1.0,0,10854,0,0,1,10855,100.0
mh_y_ksads__ed,ed,youth,an__restrict,partial_remission,mh_y_ksads__ed__an__restrict__partrem_dx,ses-03A,2.0,0,0,0,10301,0,10301,0.0
mh_y_ksads__ed,ed,youth,an__restrict,partial_remission,mh_y_ksads__ed__an__restrict__partrem_dx,ses-04A,2.0,2,9031,0,0,7,9040,99.9
mh_y_ksads__ed,ed,youth,an__restrict,partial_remission,mh_y_ksads__ed__an__restrict__partrem_dx,ses-05A,2.0,0,0,0,8535,0,8535,0.0
mh_y_ksads__ed,ed,youth,an__restrict,partial_remission,mh_y_ksads__ed__an__restrict__partrem_dx,ses-06A,2.0,0,9295,0,0,4,9299,100.0
mh_y_ksads__ed,ed,youth,an__restrict,partial_remission,mh_y_ksads__ed__an__restrict__partrem_dx,ses-07A,2.0,0,0,0,8344,13,8357,0.0
mh_y_ksads__ed,ed,youth,an__restrict,past,mh_y_ksads__ed__an__restrict__past_dx,ses-00A,1.0,0,0,0,11775,1,11776,0.0
mh_y_ksads__ed,ed,youth,an__restrict,past,mh_y_ksads__ed__an__restrict__past_dx,ses-01A,1.0,0,0,0,11097,0,11097,0.0
mh_y_ksads__ed,ed,youth,an__restrict,past,mh_y_ksads__ed__an__restrict__past_dx,ses-02A,1.0,0,10854,0,0,1,10855,100.0
mh_y_ksads__ed,ed,youth,an__restrict,past,mh_y_ksads__ed__an__restrict__past_dx,ses-03A,2.0,0,0,0,10301,0,10301,0.0
mh_y_ksads__ed,ed,youth,an__restrict,past,mh_y_ksads__ed__an__restrict__past_dx,ses-04A,2.0,7,9026,0,0,7,9040,99.9
mh_y_ksads__ed,ed,youth,an__restrict,past,mh_y_ksads__ed__an__restrict__past_dx,ses-05A,2.0,0,0,0,8535,0,8535,0.0
mh_y_ksads__ed,ed,youth,an__restrict,past,mh_y_ksads__ed__an__restrict__past_dx,ses-06A,2.0,11,9284,0,0,4,9299,100.0
mh_y_ksads__ed,ed,youth,an__restrict,past,mh_y_ksads__ed__an__restrict__past_dx,ses-07A,2.0,0,0,0,8344,13,8357,0.0
mh_y_ksads__ed,ed,youth,an__restrict,present,mh_y_ksads__ed__an__restrict__pres_dx,ses-00A,1.0,0,0,0,11775,1,11776,0.0
mh_y_ksads__ed,ed,youth,an__restrict,present,mh_y_ksads__ed__an__restrict__pres_dx,ses-01A,1.0,0,0,0,11097,0,11097,0.0
mh_y_ksads__ed,ed,youth,an__restrict,present,mh_y_ksads__ed__an__restrict__pres_dx,ses-02A,1.0,0,10854,0,0,1,10855,100.0
mh_y_ksads__ed,ed,youth,an__restrict,present,mh_y_ksads__ed__an__restrict__pres_dx,ses-03A,2.0,0,0,0,10301,0,10301,0.0
mh_y_ksads__ed,ed,youth,an__restrict,present,mh_y_ksads__ed__an__restrict__pres_dx,ses-04A,2.0,14,9019,0,0,7,9040,99.9
mh_y_ksads__ed,ed,youth,an__restrict,present,mh_y_ksads__ed__an__restrict__pres_dx,ses-05A,2.0,0,0,0,8535,0,8535,0.0
mh_y_ksads__ed,ed,youth,an__restrict,present,mh_y_ksads__ed__an__restrict__pres_dx,ses-06A,2.0,28,9267,0,0,4,9299,100.0
mh_y_ksads__ed,ed,youth,an__restrict,present,mh_y_ksads__ed__an__restrict__pres_dx,ses-07A,2.0,0,0,0,8344,13,8357,0.0
mh_y_ksads__ed,ed,youth,binge__oth__mindur,past,mh_y_ksads__ed__binge__oth__mindur__past_dx,ses-00A,1.0,0,0,0,11775,1,11776,0.0
mh_y_ksads__ed,ed,youth,binge__oth__mindur,past,mh_y_ksads__ed__binge__oth__mindur__past_dx,ses-01A,1.0,0,0,0,11097,0,11097,0.0
mh_y_ksads__ed,ed,youth,binge__oth__mindur,past,mh_y_ksads__ed__binge__oth__mindur__past_dx,ses-02A,1.0,8,10846,0,0,1,10855,100.0
mh_y_ksads__ed,ed,youth,binge__oth__mindur,past,mh_y_ksads__ed__binge__oth__mindur__past_dx,ses-03A,2.0,0,0,0,10301,0,10301,0.0
mh_y_ksads__ed,ed,youth,binge__oth__mindur,past,mh_y_ksads__ed__binge__oth__mindur__past_dx,ses-04A,2.0,7,9026,0,0,7,9040,99.9
mh_y_ksads__ed,ed,youth,binge__oth__mindur,past,mh_y_ksads__ed__binge__oth__mindur__past_dx,ses-05A,2.0,0,0,0,8535,0,8535,0.0
mh_y_ksads__ed,ed,youth,binge__oth__mindur,past,mh_y_ksads__ed__binge__oth__mindur__past_dx,ses-06A,2.0,12,9283,0,0,4,9299,100.0
mh_y_ksads__ed,ed,youth,binge__oth__mindur,past,mh_y_ksads__ed__binge__oth__mindur__past_dx,ses-07A,2.0,0,0,0,8344,13,8357,0.0
mh_y_ksads__ed,ed,youth,binge__oth__mindur,present,mh_y_ksads__ed__binge__oth__mindur__pres_dx,ses-00A,1.0,0,0,0,11775,1,11776,0.0
mh_y_ksads__ed,ed,youth,binge__oth__mindur,present,mh_y_ksads__ed__binge__oth__mindur__pres_dx,ses-01A,1.0,0,0,0,11097,0,11097,0.0
mh_y_ksads__ed,ed,youth,binge__oth__mindur,present,mh_y_ksads__ed__binge__oth__mindur__pres_dx,ses-02A,1.0,9,10845,0,0,1,10855,100.0
mh_y_ksads__ed,ed,youth,binge__oth__mindur,present,mh_y_ksads__ed__binge__oth__mindur__pres_dx,ses-03A,2.0,0,0,0,10301,0,10301,0.0
mh_y_ksads__ed,ed,youth,binge__oth__mindur,present,mh_y_ksads__ed__binge__oth__mindur__pres_dx,ses-04A,2.0,37,8996,0,0,7,9040,99.9
mh_y_ksads__ed,ed,youth,binge__oth__mindur,present,mh_y_ksads__ed__binge__oth__mindur__pres_dx,ses-05A,2.0,0,0,0,8535,0,8535,0.0
mh_y_ksads__ed,ed,youth,binge__oth__mindur,present,mh_y_ksads__ed__binge__oth__mindur__pres_dx,ses-06A,2.0,23,9272,0,0,4,9299,100.0
mh_y_ksads__ed,ed,youth,binge__oth__mindur,present,mh_y_ksads__ed__binge__oth__mindur__pres_dx,ses-07A,2.0,0,0,0,8344,13,8357,0.0
mh_y_ksads__ed,ed,youth,binge,partial_remission,mh_y_ksads__ed__binge__partrem_dx,ses-00A,1.0,0,0,0,11775,1,11776,0.0
mh_y_ksads__ed,ed,youth,binge,partial_remission,mh_y_ksads__ed__binge__partrem_dx,ses-01A,1.0,0,0,0,11097,0,11097,0.0
mh_y_ksads__ed,ed,youth,binge,partial_remission,mh_y_ksads__ed__binge__partrem_dx,ses-02A,1.0,1,10853,0,0,1,10855,100.0
mh_y_ksads__ed,ed,youth,binge,partial_remission,mh_y_ksads__ed__binge__partrem_dx,ses-03A,2.0,0,0,0,0,10301,10301,0.0
mh_y_ksads__ed,ed,youth,binge,partial_remission,mh_y_ksads__ed__binge__partrem_dx,ses-04A,2.0,0,0,0,0,9040,9040,0.0
mh_y_ksads__ed,ed,youth,binge,partial_remission,mh_y_ksads__ed__binge__partrem_dx,ses-05A,2.0,0,0,0,0,8535,8535,0.0
mh_y_ksads__ed,ed,youth,binge,partial_remission,mh_y_ksads__ed__binge__partrem_dx,ses-06A,2.0,0,0,0,0,9299,9299,0.0
mh_y_ksads__ed,ed,youth,binge,partial_remission,mh_y_ksads__ed__binge__partrem_dx,ses-07A,2.0,0,0,0,0,8357,8357,0.0
mh_y_ksads__ed,ed,youth,binge,past,mh_y_ksads__ed__binge__past_dx,ses-00A,1.0,0,0,0,11775,1,11776,0.0
mh_y_ksads__ed,ed,youth,binge,past,mh_y_ksads__ed__binge__past_dx,ses-01A,1.0,0,0,0,11097,0,11097,0.0
mh_y_ksads__ed,ed,youth,binge,past,mh_y_ksads__ed__binge__past_dx,ses-02A,1.0,10,10844,0,0,1,10855,100.0
mh_y_ksads__ed,ed,youth,binge,past,mh_y_ksads__ed__binge__past_dx,ses-03A,2.0,0,0,0,10301,0,10301,0.0
mh_y_ksads__ed,ed,youth,binge,past,mh_y_ksads__ed__binge__past_dx,ses-04A,2.0,4,9029,0,0,7,9040,99.9
mh_y_ksads__ed,ed,youth,binge,past,mh_y_ksads__ed__binge__past_dx,ses-05A,2.0,0,0,0,8535,0,8535,0.0
mh_y_ksads__ed,ed,youth,binge,past,mh_y_ksads__ed__binge__past_dx,ses-06A,2.0,16,9279,0,0,4,9299,100.0
mh_y_ksads__ed,ed,youth,binge,past,mh_y_ksads__ed__binge__past_dx,ses-07A,2.0,0,0,0,8344,13,8357,0.0
mh_y_ksads__ed,ed,youth,binge,present,mh_y_ksads__ed__binge__pres_dx,ses-00A,1.0,0,0,0,11775,1,11776,0.0
mh_y_ksads__ed,ed,youth,binge,present,mh_y_ksads__ed__binge__pres_dx,ses-01A,1.0,0,0,0,11097,0,11097,0.0
mh_y_ksads__ed,ed,youth,binge,present,mh_y_ksads__ed__binge__pres_dx,ses-02A,1.0,23,10831,0,0,1,10855,100.0
mh_y_ksads__ed,ed,youth,binge,present,mh_y_ksads__ed__binge__pres_dx,ses-03A,2.0,0,0,0,10301,0,10301,0.0
mh_y_ksads__ed,ed,youth,binge,present,mh_y_ksads__ed__binge__pres_dx,ses-04A,2.0,58,8975,0,0,7,9040,99.9
mh_y_ksads__ed,ed,youth,binge,present,mh_y_ksads__ed__binge__pres_dx,ses-05A,2.0,0,0,0,8535,0,8535,0.0
mh_y_ksads__ed,ed,youth,binge,present,mh_y_ksads__ed__binge__pres_dx,ses-06A,2.0,102,9192,0,0,5,9299,99.9
mh_y_ksads__ed,ed,youth,binge,present,mh_y_ksads__ed__binge__pres_dx,ses-07A,2.0,0,0,0,8344,13,8357,0.0
mh_y_ksads__ed,ed,youth,bulim__oth__mindur,past,mh_y_ksads__ed__bulim__oth__mindur__past_dx,ses-00A,1.0,0,0,0,11775,1,11776,0.0
mh_y_ksads__ed,ed,youth,bulim__oth__mindur,past,mh_y_ksads__ed__bulim__oth__mindur__past_dx,ses-01A,1.0,0,0,0,11097,0,11097,0.0
mh_y_ksads__ed,ed,youth,bulim__oth__mindur,past,mh_y_ksads__ed__bulim__oth__mindur__past_dx,ses-02A,1.0,4,10850,0,0,1,10855,100.0
mh_y_ksads__ed,ed,youth,bulim__oth__mindur,past,mh_y_ksads__ed__bulim__oth__mindur__past_dx,ses-03A,2.0,0,0,0,10301,0,10301,0.0
mh_y_ksads__ed,ed,youth,bulim__oth__mindur,past,mh_y_ksads__ed__bulim__oth__mindur__past_dx,ses-04A,2.0,9,9024,0,0,7,9040,99.9
mh_y_ksads__ed,ed,youth,bulim__oth__mindur,past,mh_y_ksads__ed__bulim__oth__mindur__past_dx,ses-05A,2.0,0,0,0,8535,0,8535,0.0
mh_y_ksads__ed,ed,youth,bulim__oth__mindur,past,mh_y_ksads__ed__bulim__oth__mindur__past_dx,ses-06A,2.0,25,9270,0,0,4,9299,100.0
mh_y_ksads__ed,ed,youth,bulim__oth__mindur,past,mh_y_ksads__ed__bulim__oth__mindur__past_dx,ses-07A,2.0,0,0,0,8344,13,8357,0.0
mh_y_ksads__ed,ed,youth,bulim__oth__mindur,present,mh_y_ksads__ed__bulim__oth__mindur__pres_dx,ses-00A,1.0,0,0,0,11775,1,11776,0.0
mh_y_ksads__ed,ed,youth,bulim__oth__mindur,present,mh_y_ksads__ed__bulim__oth__mindur__pres_dx,ses-01A,1.0,0,0,0,11097,0,11097,0.0
mh_y_ksads__ed,ed,youth,bulim__oth__mindur,present,mh_y_ksads__ed__bulim__oth__mindur__pres_dx,ses-02A,1.0,8,10846,0,0,1,10855,100.0
mh_y_ksads__ed,ed,youth,bulim__oth__mindur,present,mh_y_ksads__ed__bulim__oth__mindur__pres_dx,ses-03A,2.0,0,0,0,10301,0,10301,0.0
mh_y_ksads__ed,ed,youth,bulim__oth__mindur,present,mh_y_ksads__ed__bulim__oth__mindur__pres_dx,ses-04A,2.0,19,9014,0,0,7,9040,99.9
mh_y_ksads__ed,ed,youth,bulim__oth__mindur,present,mh_y_ksads__ed__bulim__oth__mindur__pres_dx,ses-05A,2.0,0,0,0,8535,0,8535,0.0
mh_y_ksads__ed,ed,youth,bulim__oth__mindur,present,mh_y_ksads__ed__bulim__oth__mindur__pres_dx,ses-06A,2.0,50,9245,0,0,4,9299,100.0
mh_y_ksads__ed,ed,youth,bulim__oth__mindur,present,mh_y_ksads__ed__bulim__oth__mindur__pres_dx,ses-07A,2.0,0,0,0,8344,13,8357,0.0
mh_y_ksads__ed,ed,youth,bulim,partial_remission,mh_y_ksads__ed__bulim__partrem_dx,ses-00A,1.0,0,0,0,11775,1,11776,0.0
mh_y_ksads__ed,ed,youth,bulim,partial_remission,mh_y_ksads__ed__bulim__partrem_dx,ses-01A,1.0,0,0,0,11097,0,11097,0.0
mh_y_ksads__ed,ed,youth,bulim,partial_remission,mh_y_ksads__ed__bulim__partrem_dx,ses-02A,1.0,0,10854,0,0,1,10855,100.0
mh_y_ksads__ed,ed,youth,bulim,partial_remission,mh_y_ksads__ed__bulim__partrem_dx,ses-03A,2.0,0,0,0,10301,0,10301,0.0
mh_y_ksads__ed,ed,youth,bulim,partial_remission,mh_y_ksads__ed__bulim__partrem_dx,ses-04A,2.0,0,9033,0,0,7,9040,99.9
mh_y_ksads__ed,ed,youth,bulim,partial_remission,mh_y_ksads__ed__bulim__partrem_dx,ses-05A,2.0,0,0,0,8535,0,8535,0.0
mh_y_ksads__ed,ed,youth,bulim,partial_remission,mh_y_ksads__ed__bulim__partrem_dx,ses-06A,2.0,1,9293,0,0,5,9299,99.9
mh_y_ksads__ed,ed,youth,bulim,partial_remission,mh_y_ksads__ed__bulim__partrem_dx,ses-07A,2.0,0,0,0,8344,13,8357,0.0
mh_y_ksads__ed,ed,youth,bulim,past,mh_y_ksads__ed__bulim__past_dx,ses-00A,1.0,0,0,0,11775,1,11776,0.0
mh_y_ksads__ed,ed,youth,bulim,past,mh_y_ksads__ed__bulim__past_dx,ses-01A,1.0,0,0,0,11097,0,11097,0.0
mh_y_ksads__ed,ed,youth,bulim,past,mh_y_ksads__ed__bulim__past_dx,ses-02A,1.0,2,10852,0,0,1,10855,100.0
mh_y_ksads__ed,ed,youth,bulim,past,mh_y_ksads__ed__bulim__past_dx,ses-03A,2.0,0,0,0,10301,0,10301,0.0
mh_y_ksads__ed,ed,youth,bulim,past,mh_y_ksads__ed__bulim__past_dx,ses-04A,2.0,1,9032,0,0,7,9040,99.9
mh_y_ksads__ed,ed,youth,bulim,past,mh_y_ksads__ed__bulim__past_dx,ses-05A,2.0,0,0,0,8535,0,8535,0.0
mh_y_ksads__ed,ed,youth,bulim,past,mh_y_ksads__ed__bulim__past_dx,ses-06A,2.0,16,9278,0,0,5,9299,99.9
mh_y_ksads__ed,ed,youth,bulim,past,mh_y_ksads__ed__bulim__past_dx,ses-07A,2.0,0,0,0,8344,13,8357,0.0
mh_y_ksads__ed,ed,youth,bulim,present,mh_y_ksads__ed__bulim__pres_dx,ses-00A,1.0,0,0,0,11775,1,11776,0.0
mh_y_ksads__ed,ed,youth,bulim,present,mh_y_ksads__ed__bulim__pres_dx,ses-01A,1.0,0,0,0,11097,0,11097,0.0
mh_y_ksads__ed,ed,youth,bulim,present,mh_y_ksads__ed__bulim__pres_dx,ses-02A,1.0,1,10853,0,0,1,10855,100.0
mh_y_ksads__ed,ed,youth,bulim,present,mh_y_ksads__ed__bulim__pres_dx,ses-03A,2.0,0,0,0,10301,0,10301,0.0
mh_y_ksads__ed,ed,youth,bulim,present,mh_y_ksads__ed__bulim__pres_dx,ses-04A,2.0,28,9005,0,0,7,9040,99.9
mh_y_ksads__ed,ed,youth,bulim,present,mh_y_ksads__ed__bulim__pres_dx,ses-05A,2.0,0,0,0,8535,0,8535,0.0
mh_y_ksads__ed,ed,youth,bulim,present,mh_y_ksads__ed__bulim__pres_dx,ses-06A,2.0,62,9233,0,0,4,9299,100.0
mh_y_ksads__ed,ed,youth,bulim,present,mh_y_ksads__ed__bulim__pres_dx,ses-07A,2.0,0,0,0,8344,13,8357,0.0
mh_y_ksads__gad,gad,youth,oth__mindur,past,mh_y_ksads__gad__oth__mindur__past_dx,ses-00A,1.0,157,11618,0,0,7,11782,99.9
mh_y_ksads__gad,gad,youth,oth__mindur,past,mh_y_ksads__gad__oth__mindur__past_dx,ses-01A,1.0,0,1,0,11096,2,11099,0.0
mh_y_ksads__gad,gad,youth,oth__mindur,past,mh_y_ksads__gad__oth__mindur__past_dx,ses-02A,1.0,172,10682,0,0,1,10855,100.0
mh_y_ksads__gad,gad,youth,oth__mindur,past,mh_y_ksads__gad__oth__mindur__past_dx,ses-03A,2.0,0,0,0,10301,0,10301,0.0
mh_y_ksads__gad,gad,youth,oth__mindur,past,mh_y_ksads__gad__oth__mindur__past_dx,ses-04A,2.0,302,8731,0,0,7,9040,99.9
mh_y_ksads__gad,gad,youth,oth__mindur,past,mh_y_ksads__gad__oth__mindur__past_dx,ses-05A,2.0,0,0,0,8535,0,8535,0.0
mh_y_ksads__gad,gad,youth,oth__mindur,past,mh_y_ksads__gad__oth__mindur__past_dx,ses-06A,2.0,387,8908,0,0,4,9299,100.0
mh_y_ksads__gad,gad,youth,oth__mindur,past,mh_y_ksads__gad__oth__mindur__past_dx,ses-07A,2.0,0,0,0,8344,13,8357,0.0
mh_y_ksads__gad,gad,youth,oth__mindur,present,mh_y_ksads__gad__oth__mindur__pres_dx,ses-00A,1.0,21,11754,0,0,7,11782,99.9
mh_y_ksads__gad,gad,youth,oth__mindur,present,mh_y_ksads__gad__oth__mindur__pres_dx,ses-01A,1.0,0,1,0,11096,2,11099,0.0
mh_y_ksads__gad,gad,youth,oth__mindur,present,mh_y_ksads__gad__oth__mindur__pres_dx,ses-02A,1.0,41,10813,0,0,1,10855,100.0
mh_y_ksads__gad,gad,youth,oth__mindur,present,mh_y_ksads__gad__oth__mindur__pres_dx,ses-03A,2.0,0,0,0,10301,0,10301,0.0
mh_y_ksads__gad,gad,youth,oth__mindur,present,mh_y_ksads__gad__oth__mindur__pres_dx,ses-04A,2.0,47,8986,0,0,7,9040,99.9
mh_y_ksads__gad,gad,youth,oth__mindur,present,mh_y_ksads__gad__oth__mindur__pres_dx,ses-05A,2.0,0,0,0,8535,0,8535,0.0
mh_y_ksads__gad,gad,youth,oth__mindur,present,mh_y_ksads__gad__oth__mindur__pres_dx,ses-06A,2.0,53,9242,0,0,4,9299,100.0
mh_y_ksads__gad,gad,youth,oth__mindur,present,mh_y_ksads__gad__oth__mindur__pres_dx,ses-07A,2.0,0,0,0,8344,13,8357,0.0
mh_y_ksads__gad,gad,youth,,past,mh_y_ksads__gad__past_dx,ses-00A,1.0,56,11719,0,0,7,11782,99.9
mh_y_ksads__gad,gad,youth,,past,mh_y_ksads__gad__past_dx,ses-01A,1.0,0,1,0,11096,2,11099,0.0
mh_y_ksads__gad,gad,youth,,past,mh_y_ksads__gad__past_dx,ses-02A,1.0,98,10756,0,0,1,10855,100.0
mh_y_ksads__gad,gad,youth,,past,mh_y_ksads__gad__past_dx,ses-03A,2.0,0,0,0,10301,0,10301,0.0
mh_y_ksads__gad,gad,youth,,past,mh_y_ksads__gad__past_dx,ses-04A,2.0,199,8834,0,0,7,9040,99.9
mh_y_ksads__gad,gad,youth,,past,mh_y_ksads__gad__past_dx,ses-05A,2.0,0,0,0,8535,0,8535,0.0
mh_y_ksads__gad,gad,youth,,past,mh_y_ksads__gad__past_dx,ses-06A,2.0,270,9025,0,0,4,9299,100.0
mh_y_ksads__gad,gad,youth,,past,mh_y_ksads__gad__past_dx,ses-07A,2.0,0,0,0,8344,13,8357,0.0
mh_y_ksads__gad,gad,youth,,present,mh_y_ksads__gad__pres_dx,ses-00A,1.0,35,11740,0,0,7,11782,99.9
mh_y_ksads__gad,gad,youth,,present,mh_y_ksads__gad__pres_dx,ses-01A,1.0,0,1,0,11096,2,11099,0.0
mh_y_ksads__gad,gad,youth,,present,mh_y_ksads__gad__pres_dx,ses-02A,1.0,61,10793,0,0,1,10855,100.0
mh_y_ksads__gad,gad,youth,,present,mh_y_ksads__gad__pres_dx,ses-03A,2.0,0,0,0,10301,0,10301,0.0
mh_y_ksads__gad,gad,youth,,present,mh_y_ksads__gad__pres_dx,ses-04A,2.0,161,8872,0,0,7,9040,99.9
mh_y_ksads__gad,gad,youth,,present,mh_y_ksads__gad__pres_dx,ses-05A,2.0,0,0,0,8535,0,8535,0.0
mh_y_ksads__gad,gad,youth,,present,mh_y_ksads__gad__pres_dx,ses-06A,2.0,186,9109,0,0,4,9299,100.0
mh_y_ksads__gad,gad,youth,,present,mh_y_ksads__gad__pres_dx,ses-07A,2.0,0,0,0,8344,13,8357,0.0
mh_y_ksads__ocd,ocd,youth,oth,past,mh_y_ksads__ocd__oth__past_dx,ses-00A,1.0,0,0,0,11775,0,11775,0.0
mh_y_ksads__ocd,ocd,youth,oth,past,mh_y_ksads__ocd__oth__past_dx,ses-01A,1.0,0,0,0,11097,0,11097,0.0
mh_y_ksads__ocd,ocd,youth,oth,past,mh_y_ksads__ocd__oth__past_dx,ses-02A,1.0,0,0,0,10854,0,10854,0.0
mh_y_ksads__ocd,ocd,youth,oth,past,mh_y_ksads__ocd__oth__past_dx,ses-03A,2.0,0,0,0,10301,0,10301,0.0
mh_y_ksads__ocd,ocd,youth,oth,past,mh_y_ksads__ocd__oth__past_dx,ses-04A,2.0,0,0,0,9033,7,9040,0.0
mh_y_ksads__ocd,ocd,youth,oth,past,mh_y_ksads__ocd__oth__past_dx,ses-05A,2.0,0,0,0,8535,0,8535,0.0
mh_y_ksads__ocd,ocd,youth,oth,past,mh_y_ksads__ocd__oth__past_dx,ses-06A,2.0,5,9290,0,0,4,9299,100.0
mh_y_ksads__ocd,ocd,youth,oth,past,mh_y_ksads__ocd__oth__past_dx,ses-07A,2.0,0,0,0,8344,13,8357,0.0
mh_y_ksads__ocd,ocd,youth,oth,present,mh_y_ksads__ocd__oth__pres_dx,ses-00A,1.0,0,0,0,11775,0,11775,0.0
mh_y_ksads__ocd,ocd,youth,oth,present,mh_y_ksads__ocd__oth__pres_dx,ses-01A,1.0,0,0,0,11097,0,11097,0.0
mh_y_ksads__ocd,ocd,youth,oth,present,mh_y_ksads__ocd__oth__pres_dx,ses-02A,1.0,0,0,0,10854,0,10854,0.0
mh_y_ksads__ocd,ocd,youth,oth,present,mh_y_ksads__ocd__oth__pres_dx,ses-03A,2.0,0,0,0,10301,0,10301,0.0
mh_y_ksads__ocd,ocd,youth,oth,present,mh_y_ksads__ocd__oth__pres_dx,ses-04A,2.0,0,0,0,9033,7,9040,0.0
mh_y_ksads__ocd,ocd,youth,oth,present,mh_y_ksads__ocd__oth__pres_dx,ses-05A,2.0,0,0,0,8535,0,8535,0.0
mh_y_ksads__ocd,ocd,youth,oth,present,mh_y_ksads__ocd__oth__pres_dx,ses-06A,2.0,3,9292,0,0,4,9299,100.0
mh_y_ksads__ocd,ocd,youth,oth,present,mh_y_ksads__ocd__oth__pres_dx,ses-07A,2.0,0,0,0,8344,13,8357,0.0
mh_y_ksads__ocd,ocd,youth,,past,mh_y_ksads__ocd__past_dx,ses-00A,1.0,0,0,0,11775,0,11775,0.0
mh_y_ksads__ocd,ocd,youth,,past,mh_y_ksads__ocd__past_dx,ses-01A,1.0,0,0,0,11097,0,11097,0.0
mh_y_ksads__ocd,ocd,youth,,past,mh_y_ksads__ocd__past_dx,ses-02A,1.0,0,0,0,10854,0,10854,0.0
mh_y_ksads__ocd,ocd,youth,,past,mh_y_ksads__ocd__past_dx,ses-03A,2.0,0,0,0,10301,0,10301,0.0
mh_y_ksads__ocd,ocd,youth,,past,mh_y_ksads__ocd__past_dx,ses-04A,2.0,0,0,0,9033,7,9040,0.0
mh_y_ksads__ocd,ocd,youth,,past,mh_y_ksads__ocd__past_dx,ses-05A,2.0,0,0,0,8535,0,8535,0.0
mh_y_ksads__ocd,ocd,youth,,past,mh_y_ksads__ocd__past_dx,ses-06A,2.0,66,9229,0,0,4,9299,100.0
mh_y_ksads__ocd,ocd,youth,,past,mh_y_ksads__ocd__past_dx,ses-07A,2.0,0,0,0,8344,13,8357,0.0
mh_y_ksads__ocd,ocd,youth,,present,mh_y_ksads__ocd__pres_dx,ses-00A,1.0,0,0,0,11775,0,11775,0.0
mh_y_ksads__ocd,ocd,youth,,present,mh_y_ksads__ocd__pres_dx,ses-01A,1.0,0,0,0,11097,0,11097,0.0
mh_y_ksads__ocd,ocd,youth,,present,mh_y_ksads__ocd__pres_dx,ses-02A,1.0,0,0,0,10854,0,10854,0.0
mh_y_ksads__ocd,ocd,youth,,present,mh_y_ksads__ocd__pres_dx,ses-03A,2.0,0,0,0,10301,0,10301,0.0
mh_y_ksads__ocd,ocd,youth,,present,mh_y_ksads__ocd__pres_dx,ses-04A,2.0,0,0,0,9033,7,9040,0.0
mh_y_ksads__ocd,ocd,youth,,present,mh_y_ksads__ocd__pres_dx,ses-05A,2.0,0,0,0,8535,0,8535,0.0
mh_y_ksads__ocd,ocd,youth,,present,mh_y_ksads__ocd__pres_dx,ses-06A,2.0,673,8622,0,0,4,9299,100.0
mh_y_ksads__ocd,ocd,youth,,present,mh_y_ksads__ocd__pres_dx,ses-07A,2.0,0,0,0,8344,13,8357,0.0
mh_y_ksads__panic,panic,youth,oth,past,mh_y_ksads__panic__oth__past_dx,ses-00A,1.0,0,0,0,11775,0,11775,0.0
mh_y_ksads__panic,panic,youth,oth,past,mh_y_ksads__panic__oth__past_dx,ses-01A,1.0,0,0,0,11097,0,11097,0.0
mh_y_ksads__panic,panic,youth,oth,past,mh_y_ksads__panic__oth__past_dx,ses-02A,1.0,0,0,0,10854,0,10854,0.0
mh_y_ksads__panic,panic,youth,oth,past,mh_y_ksads__panic__oth__past_dx,ses-03A,2.0,0,0,0,10301,0,10301,0.0
mh_y_ksads__panic,panic,youth,oth,past,mh_y_ksads__panic__oth__past_dx,ses-04A,2.0,0,0,0,9033,7,9040,0.0
mh_y_ksads__panic,panic,youth,oth,past,mh_y_ksads__panic__oth__past_dx,ses-05A,2.0,0,0,0,8535,0,8535,0.0
mh_y_ksads__panic,panic,youth,oth,past,mh_y_ksads__panic__oth__past_dx,ses-06A,2.0,177,9118,0,0,4,9299,100.0
mh_y_ksads__panic,panic,youth,oth,past,mh_y_ksads__panic__oth__past_dx,ses-07A,2.0,0,0,0,8344,13,8357,0.0
mh_y_ksads__panic,panic,youth,oth,present,mh_y_ksads__panic__oth__pres_dx,ses-00A,1.0,0,0,0,11775,0,11775,0.0
mh_y_ksads__panic,panic,youth,oth,present,mh_y_ksads__panic__oth__pres_dx,ses-01A,1.0,0,0,0,11097,0,11097,0.0
mh_y_ksads__panic,panic,youth,oth,present,mh_y_ksads__panic__oth__pres_dx,ses-02A,1.0,0,0,0,10854,0,10854,0.0
mh_y_ksads__panic,panic,youth,oth,present,mh_y_ksads__panic__oth__pres_dx,ses-03A,2.0,0,0,0,10301,0,10301,0.0
mh_y_ksads__panic,panic,youth,oth,present,mh_y_ksads__panic__oth__pres_dx,ses-04A,2.0,0,0,0,9033,7,9040,0.0
mh_y_ksads__panic,panic,youth,oth,present,mh_y_ksads__panic__oth__pres_dx,ses-05A,2.0,0,0,0,8535,0,8535,0.0
mh_y_ksads__panic,panic,youth,oth,present,mh_y_ksads__panic__oth__pres_dx,ses-06A,2.0,36,9259,0,0,4,9299,100.0
mh_y_ksads__panic,panic,youth,oth,present,mh_y_ksads__panic__oth__pres_dx,ses-07A,2.0,0,0,0,8344,13,8357,0.0
mh_y_ksads__panic,panic,youth,,partial_remission,mh_y_ksads__panic__partrem_dx,ses-00A,1.0,0,0,0,0,11775,11775,0.0
mh_y_ksads__panic,panic,youth,,partial_remission,mh_y_ksads__panic__partrem_dx,ses-01A,1.0,0,0,0,0,11097,11097,0.0
mh_y_ksads__panic,panic,youth,,partial_remission,mh_y_ksads__panic__partrem_dx,ses-02A,1.0,0,0,0,0,10854,10854,0.0
mh_y_ksads__panic,panic,youth,,partial_remission,mh_y_ksads__panic__partrem_dx,ses-03A,2.0,0,0,0,10301,0,10301,0.0
mh_y_ksads__panic,panic,youth,,partial_remission,mh_y_ksads__panic__partrem_dx,ses-04A,2.0,0,0,0,9033,7,9040,0.0
mh_y_ksads__panic,panic,youth,,partial_remission,mh_y_ksads__panic__partrem_dx,ses-05A,2.0,0,0,0,8535,0,8535,0.0
mh_y_ksads__panic,panic,youth,,partial_remission,mh_y_ksads__panic__partrem_dx,ses-06A,2.0,151,9144,0,0,4,9299,100.0
mh_y_ksads__panic,panic,youth,,partial_remission,mh_y_ksads__panic__partrem_dx,ses-07A,2.0,0,0,0,8344,13,8357,0.0
mh_y_ksads__panic,panic,youth,,past,mh_y_ksads__panic__past_dx,ses-00A,1.0,0,0,0,11775,0,11775,0.0
mh_y_ksads__panic,panic,youth,,past,mh_y_ksads__panic__past_dx,ses-01A,1.0,0,0,0,11097,0,11097,0.0
mh_y_ksads__panic,panic,youth,,past,mh_y_ksads__panic__past_dx,ses-02A,1.0,0,0,0,10854,0,10854,0.0
mh_y_ksads__panic,panic,youth,,past,mh_y_ksads__panic__past_dx,ses-03A,2.0,0,0,0,10301,0,10301,0.0
mh_y_ksads__panic,panic,youth,,past,mh_y_ksads__panic__past_dx,ses-04A,2.0,0,0,0,9033,7,9040,0.0
mh_y_ksads__panic,panic,youth,,past,mh_y_ksads__panic__past_dx,ses-05A,2.0,0,0,0,8535,0,8535,0.0
mh_y_ksads__panic,panic,youth,,past,mh_y_ksads__panic__past_dx,ses-06A,2.0,180,9115,0,0,4,9299,100.0
mh_y_ksads__panic,panic,youth,,past,mh_y_ksads__panic__past_dx,ses-07A,2.0,0,0,0,8344,13,8357,0.0
mh_y_ksads__panic,panic,youth,,present,mh_y_ksads__panic__pres_dx,ses-00A,1.0,0,0,0,11775,0,11775,0.0
mh_y_ksads__panic,panic,youth,,present,mh_y_ksads__panic__pres_dx,ses-01A,1.0,0,0,0,11097,0,11097,0.0
mh_y_ksads__panic,panic,youth,,present,mh_y_ksads__panic__pres_dx,ses-02A,1.0,0,0,0,10854,0,10854,0.0
mh_y_ksads__panic,panic,youth,,present,mh_y_ksads__panic__pres_dx,ses-03A,2.0,0,0,0,10301,0,10301,0.0
mh_y_ksads__panic,panic,youth,,present,mh_y_ksads__panic__pres_dx,ses-04A,2.0,0,0,0,9033,7,9040,0.0
mh_y_ksads__panic,panic,youth,,present,mh_y_ksads__panic__pres_dx,ses-05A,2.0,0,0,0,8535,0,8535,0.0
mh_y_ksads__panic,panic,youth,,present,mh_y_ksads__panic__pres_dx,ses-06A,2.0,129,9166,0,0,4,9299,100.0
mh_y_ksads__panic,panic,youth,,present,mh_y_ksads__panic__pres_dx,ses-07A,2.0,0,0,0,8344,13,8357,0.0
mh_y_ksads__ptsd,ptsd,youth,oth,past,mh_y_ksads__ptsd__oth__past_dx,ses-00A,1.0,0,0,0,11775,0,11775,0.0
mh_y_ksads__ptsd,ptsd,youth,oth,past,mh_y_ksads__ptsd__oth__past_dx,ses-01A,1.0,0,0,0,11097,0,11097,0.0
mh_y_ksads__ptsd,ptsd,youth,oth,past,mh_y_ksads__ptsd__oth__past_dx,ses-02A,1.0,0,0,0,10854,0,10854,0.0
mh_y_ksads__ptsd,ptsd,youth,oth,past,mh_y_ksads__ptsd__oth__past_dx,ses-03A,2.0,0,0,0,10301,0,10301,0.0
mh_y_ksads__ptsd,ptsd,youth,oth,past,mh_y_ksads__ptsd__oth__past_dx,ses-04A,2.0,0,0,0,9033,7,9040,0.0
mh_y_ksads__ptsd,ptsd,youth,oth,past,mh_y_ksads__ptsd__oth__past_dx,ses-05A,2.0,0,0,0,8535,0,8535,0.0
mh_y_ksads__ptsd,ptsd,youth,oth,past,mh_y_ksads__ptsd__oth__past_dx,ses-06A,2.0,140,9155,0,0,4,9299,100.0
mh_y_ksads__ptsd,ptsd,youth,oth,past,mh_y_ksads__ptsd__oth__past_dx,ses-07A,2.0,203,8141,0,0,13,8357,99.8
mh_y_ksads__ptsd,ptsd,youth,oth,present,mh_y_ksads__ptsd__oth__pres_dx,ses-00A,1.0,0,0,0,11775,0,11775,0.0
mh_y_ksads__ptsd,ptsd,youth,oth,present,mh_y_ksads__ptsd__oth__pres_dx,ses-01A,1.0,0,0,0,11097,0,11097,0.0
mh_y_ksads__ptsd,ptsd,youth,oth,present,mh_y_ksads__ptsd__oth__pres_dx,ses-02A,1.0,0,0,0,10854,0,10854,0.0
mh_y_ksads__ptsd,ptsd,youth,oth,present,mh_y_ksads__ptsd__oth__pres_dx,ses-03A,2.0,0,0,0,10301,0,10301,0.0
mh_y_ksads__ptsd,ptsd,youth,oth,present,mh_y_ksads__ptsd__oth__pres_dx,ses-04A,2.0,0,0,0,9033,7,9040,0.0
mh_y_ksads__ptsd,ptsd,youth,oth,present,mh_y_ksads__ptsd__oth__pres_dx,ses-05A,2.0,0,0,0,8535,0,8535,0.0
mh_y_ksads__ptsd,ptsd,youth,oth,present,mh_y_ksads__ptsd__oth__pres_dx,ses-06A,2.0,22,9273,0,0,4,9299,100.0
mh_y_ksads__ptsd,ptsd,youth,oth,present,mh_y_ksads__ptsd__oth__pres_dx,ses-07A,2.0,19,8325,0,0,13,8357,99.8
mh_y_ksads__ptsd,ptsd,youth,,partial_remission,mh_y_ksads__ptsd__partrem_dx,ses-00A,1.0,0,0,0,0,11775,11775,0.0
mh_y_ksads__ptsd,ptsd,youth,,partial_remission,mh_y_ksads__ptsd__partrem_dx,ses-01A,1.0,0,0,0,0,11097,11097,0.0
mh_y_ksads__ptsd,ptsd,youth,,partial_remission,mh_y_ksads__ptsd__partrem_dx,ses-02A,1.0,0,0,0,0,10854,10854,0.0
mh_y_ksads__ptsd,ptsd,youth,,partial_remission,mh_y_ksads__ptsd__partrem_dx,ses-03A,2.0,0,0,0,10301,0,10301,0.0
mh_y_ksads__ptsd,ptsd,youth,,partial_remission,mh_y_ksads__ptsd__partrem_dx,ses-04A,2.0,0,0,0,9033,7,9040,0.0
mh_y_ksads__ptsd,ptsd,youth,,partial_remission,mh_y_ksads__ptsd__partrem_dx,ses-05A,2.0,0,0,0,8535,0,8535,0.0
mh_y_ksads__ptsd,ptsd,youth,,partial_remission,mh_y_ksads__ptsd__partrem_dx,ses-06A,2.0,187,9108,0,0,4,9299,100.0
mh_y_ksads__ptsd,ptsd,youth,,partial_remission,mh_y_ksads__ptsd__partrem_dx,ses-07A,2.0,291,8053,0,0,13,8357,99.8
mh_y_ksads__ptsd,ptsd,youth,,past,mh_y_ksads__ptsd__past_dx,ses-00A,1.0,0,0,0,11775,0,11775,0.0
mh_y_ksads__ptsd,ptsd,youth,,past,mh_y_ksads__ptsd__past_dx,ses-01A,1.0,0,0,0,11097,0,11097,0.0
mh_y_ksads__ptsd,ptsd,youth,,past,mh_y_ksads__ptsd__past_dx,ses-02A,1.0,0,0,0,10854,0,10854,0.0
mh_y_ksads__ptsd,ptsd,youth,,past,mh_y_ksads__ptsd__past_dx,ses-03A,2.0,0,0,0,10301,0,10301,0.0
mh_y_ksads__ptsd,ptsd,youth,,past,mh_y_ksads__ptsd__past_dx,ses-04A,2.0,0,0,0,9033,7,9040,0.0
mh_y_ksads__ptsd,ptsd,youth,,past,mh_y_ksads__ptsd__past_dx,ses-05A,2.0,0,0,0,8535,0,8535,0.0
mh_y_ksads__ptsd,ptsd,youth,,past,mh_y_ksads__ptsd__past_dx,ses-06A,2.0,235,9060,0,0,4,9299,100.0
mh_y_ksads__ptsd,ptsd,youth,,past,mh_y_ksads__ptsd__past_dx,ses-07A,2.0,361,7983,0,0,13,8357,99.8
mh_y_ksads__ptsd,ptsd,youth,,present,mh_y_ksads__ptsd__pres_dx,ses-00A,1.0,0,0,0,11775,0,11775,0.0
mh_y_ksads__ptsd,ptsd,youth,,present,mh_y_ksads__ptsd__pres_dx,ses-01A,1.0,0,0,0,11097,0,11097,0.0
mh_y_ksads__ptsd,ptsd,youth,,present,mh_y_ksads__ptsd__pres_dx,ses-02A,1.0,0,0,0,10854,0,10854,0.0
mh_y_ksads__ptsd,ptsd,youth,,present,mh_y_ksads__ptsd__pres_dx,ses-03A,2.0,0,0,0,10301,0,10301,0.0
mh_y_ksads__ptsd,ptsd,youth,,present,mh_y_ksads__ptsd__pres_dx,ses-04A,2.0,0,0,0,9033,7,9040,0.0
mh_y_ksads__ptsd,ptsd,youth,,present,mh_y_ksads__ptsd__pres_dx,ses-05A,2.0,0,0,0,8535,0,8535,0.0
mh_y_ksads__ptsd,ptsd,youth,,present,mh_y_ksads__ptsd__pres_dx,ses-06A,2.0,13,9282,0,0,4,9299,100.0
mh_y_ksads__ptsd,ptsd,youth,,present,mh_y_ksads__ptsd__pres_dx,ses-07A,2.0,59,8285,0,0,13,8357,99.8
mh_y_ksads__sleep,sleep,youth,prob,past,mh_y_ksads__sleep__prob__past_dx,ses-00A,1.0,1357,10418,0,0,7,11782,99.9
mh_y_ksads__sleep,sleep,youth,prob,past,mh_y_ksads__sleep__prob__past_dx,ses-01A,1.0,0,1,0,11096,2,11099,0.0
mh_y_ksads__sleep,sleep,youth,prob,past,mh_y_ksads__sleep__prob__past_dx,ses-02A,1.0,1164,9690,0,0,1,10855,100.0
mh_y_ksads__sleep,sleep,youth,prob,past,mh_y_ksads__sleep__prob__past_dx,ses-03A,2.0,0,0,0,10301,0,10301,0.0
mh_y_ksads__sleep,sleep,youth,prob,past,mh_y_ksads__sleep__prob__past_dx,ses-04A,2.0,1227,7806,0,0,7,9040,99.9
mh_y_ksads__sleep,sleep,youth,prob,past,mh_y_ksads__sleep__prob__past_dx,ses-05A,2.0,0,0,0,8535,0,8535,0.0
mh_y_ksads__sleep,sleep,youth,prob,past,mh_y_ksads__sleep__prob__past_dx,ses-06A,2.0,1228,8067,0,0,4,9299,100.0
mh_y_ksads__sleep,sleep,youth,prob,past,mh_y_ksads__sleep__prob__past_dx,ses-07A,2.0,0,0,0,8344,13,8357,0.0
mh_y_ksads__sleep,sleep,youth,prob,present,mh_y_ksads__sleep__prob__pres_dx,ses-00A,1.0,782,10993,0,0,7,11782,99.9
mh_y_ksads__sleep,sleep,youth,prob,present,mh_y_ksads__sleep__prob__pres_dx,ses-01A,1.0,0,1,0,11096,2,11099,0.0
mh_y_ksads__sleep,sleep,youth,prob,present,mh_y_ksads__sleep__prob__pres_dx,ses-02A,1.0,538,10316,0,0,1,10855,100.0
mh_y_ksads__sleep,sleep,youth,prob,present,mh_y_ksads__sleep__prob__pres_dx,ses-03A,2.0,0,0,0,10301,0,10301,0.0
mh_y_ksads__sleep,sleep,youth,prob,present,mh_y_ksads__sleep__prob__pres_dx,ses-04A,2.0,605,8428,0,0,7,9040,99.9
mh_y_ksads__sleep,sleep,youth,prob,present,mh_y_ksads__sleep__prob__pres_dx,ses-05A,2.0,0,0,0,8535,0,8535,0.0
mh_y_ksads__sleep,sleep,youth,prob,present,mh_y_ksads__sleep__prob__pres_dx,ses-06A,2.0,627,8668,0,0,4,9299,100.0
mh_y_ksads__sleep,sleep,youth,prob,present,mh_y_ksads__sleep__prob__pres_dx,ses-07A,2.0,0,0,0,8344,13,8357,0.0
mh_y_ksads__socanx,socanx,youth,oth__mindur,past,mh_y_ksads__socanx__oth__mindur__past_dx,ses-00A,1.0,102,11673,0,0,7,11782,99.9
mh_y_ksads__socanx,socanx,youth,oth__mindur,past,mh_y_ksads__socanx__oth__mindur__past_dx,ses-01A,1.0,0,1,0,11096,2,11099,0.0
mh_y_ksads__socanx,socanx,youth,oth__mindur,past,mh_y_ksads__socanx__oth__mindur__past_dx,ses-02A,1.0,122,10732,0,0,1,10855,100.0
mh_y_ksads__socanx,socanx,youth,oth__mindur,past,mh_y_ksads__socanx__oth__mindur__past_dx,ses-03A,2.0,0,0,0,10301,0,10301,0.0
mh_y_ksads__socanx,socanx,youth,oth__mindur,past,mh_y_ksads__socanx__oth__mindur__past_dx,ses-04A,2.0,52,8981,0,0,7,9040,99.9
mh_y_ksads__socanx,socanx,youth,oth__mindur,past,mh_y_ksads__socanx__oth__mindur__past_dx,ses-05A,2.0,0,0,0,8535,0,8535,0.0
mh_y_ksads__socanx,socanx,youth,oth__mindur,past,mh_y_ksads__socanx__oth__mindur__past_dx,ses-06A,2.0,50,9245,0,0,4,9299,100.0
mh_y_ksads__socanx,socanx,youth,oth__mindur,past,mh_y_ksads__socanx__oth__mindur__past_dx,ses-07A,2.0,0,0,0,8344,13,8357,0.0
mh_y_ksads__socanx,socanx,youth,oth__mindur,present,mh_y_ksads__socanx__oth__mindur__pres_dx,ses-00A,1.0,0,11775,0,0,7,11782,99.9
mh_y_ksads__socanx,socanx,youth,oth__mindur,present,mh_y_ksads__socanx__oth__mindur__pres_dx,ses-01A,1.0,0,1,0,11096,2,11099,0.0
mh_y_ksads__socanx,socanx,youth,oth__mindur,present,mh_y_ksads__socanx__oth__mindur__pres_dx,ses-02A,1.0,0,10854,0,0,1,10855,100.0
mh_y_ksads__socanx,socanx,youth,oth__mindur,present,mh_y_ksads__socanx__oth__mindur__pres_dx,ses-03A,2.0,0,0,0,10301,0,10301,0.0
mh_y_ksads__socanx,socanx,youth,oth__mindur,present,mh_y_ksads__socanx__oth__mindur__pres_dx,ses-04A,2.0,47,8986,0,0,7,9040,99.9
mh_y_ksads__socanx,socanx,youth,oth__mindur,present,mh_y_ksads__socanx__oth__mindur__pres_dx,ses-05A,2.0,0,0,0,8535,0,8535,0.0
mh_y_ksads__socanx,socanx,youth,oth__mindur,present,mh_y_ksads__socanx__oth__mindur__pres_dx,ses-06A,2.0,21,9274,0,0,4,9299,100.0
mh_y_ksads__socanx,socanx,youth,oth__mindur,present,mh_y_ksads__socanx__oth__mindur__pres_dx,ses-07A,2.0,0,0,0,8344,13,8357,0.0
mh_y_ksads__socanx,socanx,youth,,past,mh_y_ksads__socanx__past_dx,ses-00A,1.0,59,11716,0,0,7,11782,99.9
mh_y_ksads__socanx,socanx,youth,,past,mh_y_ksads__socanx__past_dx,ses-01A,1.0,0,1,0,11096,2,11099,0.0
mh_y_ksads__socanx,socanx,youth,,past,mh_y_ksads__socanx__past_dx,ses-02A,1.0,113,10741,0,0,1,10855,100.0
mh_y_ksads__socanx,socanx,youth,,past,mh_y_ksads__socanx__past_dx,ses-03A,2.0,0,0,0,10301,0,10301,0.0
mh_y_ksads__socanx,socanx,youth,,past,mh_y_ksads__socanx__past_dx,ses-04A,2.0,112,8921,0,0,7,9040,99.9
mh_y_ksads__socanx,socanx,youth,,past,mh_y_ksads__socanx__past_dx,ses-05A,2.0,0,0,0,8535,0,8535,0.0
mh_y_ksads__socanx,socanx,youth,,past,mh_y_ksads__socanx__past_dx,ses-06A,2.0,205,9090,0,0,4,9299,100.0
mh_y_ksads__socanx,socanx,youth,,past,mh_y_ksads__socanx__past_dx,ses-07A,2.0,0,0,0,8344,13,8357,0.0
mh_y_ksads__socanx,socanx,youth,,present,mh_y_ksads__socanx__pres_dx,ses-00A,1.0,48,11727,0,0,7,11782,99.9
mh_y_ksads__socanx,socanx,youth,,present,mh_y_ksads__socanx__pres_dx,ses-01A,1.0,0,1,0,11096,2,11099,0.0
mh_y_ksads__socanx,socanx,youth,,present,mh_y_ksads__socanx__pres_dx,ses-02A,1.0,65,10789,0,0,1,10855,100.0
mh_y_ksads__socanx,socanx,youth,,present,mh_y_ksads__socanx__pres_dx,ses-03A,2.0,0,0,0,10301,0,10301,0.0
mh_y_ksads__socanx,socanx,youth,,present,mh_y_ksads__socanx__pres_dx,ses-04A,2.0,339,8694,0,0,7,9040,99.9
mh_y_ksads__socanx,socanx,youth,,present,mh_y_ksads__socanx__pres_dx,ses-05A,2.0,0,0,0,8535,0,8535,0.0
mh_y_ksads__socanx,socanx,youth,,present,mh_y_ksads__socanx__pres_dx,ses-06A,2.0,357,8938,0,0,4,9299,100.0
mh_y_ksads__socanx,socanx,youth,,present,mh_y_ksads__socanx__pres_dx,ses-07A,2.0,0,0,0,8344,13,8357,0.0
mh_y_ksads__suic,suic,youth,actv__int,past,mh_y_ksads__suic__actv__int__past_dx,ses-00A,1.0,59,11716,0,0,7,11782,99.9
mh_y_ksads__suic,suic,youth,actv__int,past,mh_y_ksads__suic__actv__int__past_dx,ses-01A,1.0,84,11013,0,0,9,11106,99.9
mh_y_ksads__suic,suic,youth,actv__int,past,mh_y_ksads__suic__actv__int__past_dx,ses-02A,1.0,96,10758,0,0,1,10855,100.0
mh_y_ksads__suic,suic,youth,actv__int,past,mh_y_ksads__suic__actv__int__past_dx,ses-03A,2.0,134,10167,0,0,0,10301,100.0
mh_y_ksads__suic,suic,youth,actv__int,past,mh_y_ksads__suic__actv__int__past_dx,ses-04A,2.0,178,8855,0,0,7,9040,99.9
mh_y_ksads__suic,suic,youth,actv__int,past,mh_y_ksads__suic__actv__int__past_dx,ses-05A,2.0,0,0,0,8535,0,8535,0.0
mh_y_ksads__suic,suic,youth,actv__int,past,mh_y_ksads__suic__actv__int__past_dx,ses-06A,2.0,0,0,0,9295,4,9299,0.0
mh_y_ksads__suic,suic,youth,actv__int,past,mh_y_ksads__suic__actv__int__past_dx,ses-07A,2.0,0,0,0,8344,13,8357,0.0
mh_y_ksads__suic,suic,youth,actv__int,present,mh_y_ksads__suic__actv__int__pres_dx,ses-00A,1.0,37,11738,0,0,7,11782,99.9
mh_y_ksads__suic,suic,youth,actv__int,present,mh_y_ksads__suic__actv__int__pres_dx,ses-01A,1.0,39,11058,0,0,9,11106,99.9
mh_y_ksads__suic,suic,youth,actv__int,present,mh_y_ksads__suic__actv__int__pres_dx,ses-02A,1.0,29,10825,0,0,1,10855,100.0
mh_y_ksads__suic,suic,youth,actv__int,present,mh_y_ksads__suic__actv__int__pres_dx,ses-03A,2.0,57,10244,0,0,0,10301,100.0
mh_y_ksads__suic,suic,youth,actv__int,present,mh_y_ksads__suic__actv__int__pres_dx,ses-04A,2.0,53,8980,0,0,7,9040,99.9
mh_y_ksads__suic,suic,youth,actv__int,present,mh_y_ksads__suic__actv__int__pres_dx,ses-05A,2.0,32,8503,0,0,0,8535,100.0
mh_y_ksads__suic,suic,youth,actv__int,present,mh_y_ksads__suic__actv__int__pres_dx,ses-06A,2.0,30,9265,0,0,4,9299,100.0
mh_y_ksads__suic,suic,youth,actv__int,present,mh_y_ksads__suic__actv__int__pres_dx,ses-07A,2.0,35,8309,0,0,13,8357,99.8
mh_y_ksads__suic,suic,youth,actv__mthd,past,mh_y_ksads__suic__actv__mthd__past_dx,ses-00A,1.0,108,11667,0,0,7,11782,99.9
mh_y_ksads__suic,suic,youth,actv__mthd,past,mh_y_ksads__suic__actv__mthd__past_dx,ses-01A,1.0,116,10981,0,0,9,11106,99.9
mh_y_ksads__suic,suic,youth,actv__mthd,past,mh_y_ksads__suic__actv__mthd__past_dx,ses-02A,1.0,113,10741,0,0,1,10855,100.0
mh_y_ksads__suic,suic,youth,actv__mthd,past,mh_y_ksads__suic__actv__mthd__past_dx,ses-03A,2.0,204,10097,0,0,0,10301,100.0
mh_y_ksads__suic,suic,youth,actv__mthd,past,mh_y_ksads__suic__actv__mthd__past_dx,ses-04A,2.0,280,8753,0,0,7,9040,99.9
mh_y_ksads__suic,suic,youth,actv__mthd,past,mh_y_ksads__suic__actv__mthd__past_dx,ses-05A,2.0,0,0,0,8535,0,8535,0.0
mh_y_ksads__suic,suic,youth,actv__mthd,past,mh_y_ksads__suic__actv__mthd__past_dx,ses-06A,2.0,0,0,0,9295,4,9299,0.0
mh_y_ksads__suic,suic,youth,actv__mthd,past,mh_y_ksads__suic__actv__mthd__past_dx,ses-07A,2.0,0,0,0,8344,13,8357,0.0
mh_y_ksads__suic,suic,youth,actv__mthd,present,mh_y_ksads__suic__actv__mthd__pres_dx,ses-00A,1.0,63,11712,0,0,7,11782,99.9
mh_y_ksads__suic,suic,youth,actv__mthd,present,mh_y_ksads__suic__actv__mthd__pres_dx,ses-01A,1.0,47,11050,0,0,9,11106,99.9
mh_y_ksads__suic,suic,youth,actv__mthd,present,mh_y_ksads__suic__actv__mthd__pres_dx,ses-02A,1.0,54,10800,0,0,1,10855,100.0
mh_y_ksads__suic,suic,youth,actv__mthd,present,mh_y_ksads__suic__actv__mthd__pres_dx,ses-03A,2.0,107,10194,0,0,0,10301,100.0
mh_y_ksads__suic,suic,youth,actv__mthd,present,mh_y_ksads__suic__actv__mthd__pres_dx,ses-04A,2.0,129,8904,0,0,7,9040,99.9
mh_y_ksads__suic,suic,youth,actv__mthd,present,mh_y_ksads__suic__actv__mthd__pres_dx,ses-05A,2.0,92,8443,0,0,0,8535,100.0
mh_y_ksads__suic,suic,youth,actv__mthd,present,mh_y_ksads__suic__actv__mthd__pres_dx,ses-06A,2.0,104,9191,0,0,4,9299,100.0
mh_y_ksads__suic,suic,youth,actv__mthd,present,mh_y_ksads__suic__actv__mthd__pres_dx,ses-07A,2.0,92,8252,0,0,13,8357,99.8
mh_y_ksads__suic,suic,youth,actv,past,mh_y_ksads__suic__actv__past_dx,ses-00A,1.0,430,11345,0,0,7,11782,99.9
mh_y_ksads__suic,suic,youth,actv,past,mh_y_ksads__suic__actv__past_dx,ses-01A,1.0,427,10670,0,0,9,11106,99.9
mh_y_ksads__suic,suic,youth,actv,past,mh_y_ksads__suic__actv__past_dx,ses-02A,1.0,416,10438,0,0,1,10855,100.0
mh_y_ksads__suic,suic,youth,actv,past,mh_y_ksads__suic__actv__past_dx,ses-03A,2.0,625,9676,0,0,0,10301,100.0
mh_y_ksads__suic,suic,youth,actv,past,mh_y_ksads__suic__actv__past_dx,ses-04A,2.0,797,8236,0,0,7,9040,99.9
mh_y_ksads__suic,suic,youth,actv,past,mh_y_ksads__suic__actv__past_dx,ses-05A,2.0,0,0,0,8535,0,8535,0.0
mh_y_ksads__suic,suic,youth,actv,past,mh_y_ksads__suic__actv__past_dx,ses-06A,2.0,0,0,0,9295,4,9299,0.0
mh_y_ksads__suic,suic,youth,actv,past,mh_y_ksads__suic__actv__past_dx,ses-07A,2.0,0,0,0,8344,13,8357,0.0
mh_y_ksads__suic,suic,youth,actv__plan,past,mh_y_ksads__suic__actv__plan__past_dx,ses-00A,1.0,38,11737,0,0,7,11782,99.9
mh_y_ksads__suic,suic,youth,actv__plan,past,mh_y_ksads__suic__actv__plan__past_dx,ses-01A,1.0,35,11062,0,0,9,11106,99.9
mh_y_ksads__suic,suic,youth,actv__plan,past,mh_y_ksads__suic__actv__plan__past_dx,ses-02A,1.0,35,10819,0,0,1,10855,100.0
mh_y_ksads__suic,suic,youth,actv__plan,past,mh_y_ksads__suic__actv__plan__past_dx,ses-03A,2.0,64,10237,0,0,0,10301,100.0
mh_y_ksads__suic,suic,youth,actv__plan,past,mh_y_ksads__suic__actv__plan__past_dx,ses-04A,2.0,90,8943,0,0,7,9040,99.9
mh_y_ksads__suic,suic,youth,actv__plan,past,mh_y_ksads__suic__actv__plan__past_dx,ses-05A,2.0,0,0,0,8535,0,8535,0.0
mh_y_ksads__suic,suic,youth,actv__plan,past,mh_y_ksads__suic__actv__plan__past_dx,ses-06A,2.0,0,0,0,9295,4,9299,0.0
mh_y_ksads__suic,suic,youth,actv__plan,past,mh_y_ksads__suic__actv__plan__past_dx,ses-07A,2.0,0,0,0,8344,13,8357,0.0
mh_y_ksads__suic,suic,youth,actv__plan,present,mh_y_ksads__suic__actv__plan__pres_dx,ses-00A,1.0,32,11743,0,0,7,11782,99.9
mh_y_ksads__suic,suic,youth,actv__plan,present,mh_y_ksads__suic__actv__plan__pres_dx,ses-01A,1.0,22,11075,0,0,9,11106,99.9
mh_y_ksads__suic,suic,youth,actv__plan,present,mh_y_ksads__suic__actv__plan__pres_dx,ses-02A,1.0,26,10828,0,0,1,10855,100.0
mh_y_ksads__suic,suic,youth,actv__plan,present,mh_y_ksads__suic__actv__plan__pres_dx,ses-03A,2.0,47,10254,0,0,0,10301,100.0
mh_y_ksads__suic,suic,youth,actv__plan,present,mh_y_ksads__suic__actv__plan__pres_dx,ses-04A,2.0,57,8976,0,0,7,9040,99.9
mh_y_ksads__suic,suic,youth,actv__plan,present,mh_y_ksads__suic__actv__plan__pres_dx,ses-05A,2.0,33,8502,0,0,0,8535,100.0
mh_y_ksads__suic,suic,youth,actv__plan,present,mh_y_ksads__suic__actv__plan__pres_dx,ses-06A,2.0,40,9255,0,0,4,9299,100.0
mh_y_ksads__suic,suic,youth,actv__plan,present,mh_y_ksads__suic__actv__plan__pres_dx,ses-07A,2.0,38,8306,0,0,13,8357,99.8
mh_y_ksads__suic,suic,youth,actv,present,mh_y_ksads__suic__actv__pres_dx,ses-00A,1.0,190,11585,0,0,7,11782,99.9
mh_y_ksads__suic,suic,youth,actv,present,mh_y_ksads__suic__actv__pres_dx,ses-01A,1.0,144,10953,0,0,9,11106,99.9
mh_y_ksads__suic,suic,youth,actv,present,mh_y_ksads__suic__actv__pres_dx,ses-02A,1.0,144,10710,0,0,1,10855,100.0
mh_y_ksads__suic,suic,youth,actv,present,mh_y_ksads__suic__actv__pres_dx,ses-03A,2.0,253,10048,0,0,0,10301,100.0
mh_y_ksads__suic,suic,youth,actv,present,mh_y_ksads__suic__actv__pres_dx,ses-04A,2.0,319,8714,0,0,7,9040,99.9
mh_y_ksads__suic,suic,youth,actv,present,mh_y_ksads__suic__actv__pres_dx,ses-05A,2.0,285,8250,0,0,0,8535,100.0
mh_y_ksads__suic,suic,youth,actv,present,mh_y_ksads__suic__actv__pres_dx,ses-06A,2.0,256,9039,0,0,4,9299,100.0
mh_y_ksads__suic,suic,youth,actv,present,mh_y_ksads__suic__actv__pres_dx,ses-07A,2.0,249,8095,0,0,13,8357,99.8
mh_y_ksads__suic,suic,youth,atmpt__abrt,past,mh_y_ksads__suic__atmpt__abrt__past_dx,ses-00A,1.0,36,11739,0,0,7,11782,99.9
mh_y_ksads__suic,suic,youth,atmpt__abrt,past,mh_y_ksads__suic__atmpt__abrt__past_dx,ses-01A,1.0,44,11053,0,0,9,11106,99.9
mh_y_ksads__suic,suic,youth,atmpt__abrt,past,mh_y_ksads__suic__atmpt__abrt__past_dx,ses-02A,1.0,31,10823,0,0,1,10855,100.0
mh_y_ksads__suic,suic,youth,atmpt__abrt,past,mh_y_ksads__suic__atmpt__abrt__past_dx,ses-03A,2.0,37,10264,0,0,0,10301,100.0
mh_y_ksads__suic,suic,youth,atmpt__abrt,past,mh_y_ksads__suic__atmpt__abrt__past_dx,ses-04A,2.0,46,8987,0,0,7,9040,99.9
mh_y_ksads__suic,suic,youth,atmpt__abrt,past,mh_y_ksads__suic__atmpt__abrt__past_dx,ses-05A,2.0,0,0,0,8535,0,8535,0.0
mh_y_ksads__suic,suic,youth,atmpt__abrt,past,mh_y_ksads__suic__atmpt__abrt__past_dx,ses-06A,2.0,0,0,0,9295,4,9299,0.0
mh_y_ksads__suic,suic,youth,atmpt__abrt,past,mh_y_ksads__suic__atmpt__abrt__past_dx,ses-07A,2.0,0,0,0,8344,13,8357,0.0
mh_y_ksads__suic,suic,youth,atmpt__abrt,present,mh_y_ksads__suic__atmpt__abrt__pres_dx,ses-00A,1.0,19,11756,0,0,7,11782,99.9
mh_y_ksads__suic,suic,youth,atmpt__abrt,present,mh_y_ksads__suic__atmpt__abrt__pres_dx,ses-01A,1.0,13,11084,0,0,9,11106,99.9
mh_y_ksads__suic,suic,youth,atmpt__abrt,present,mh_y_ksads__suic__atmpt__abrt__pres_dx,ses-02A,1.0,13,10841,0,0,1,10855,100.0
mh_y_ksads__suic,suic,youth,atmpt__abrt,present,mh_y_ksads__suic__atmpt__abrt__pres_dx,ses-03A,2.0,11,10290,0,0,0,10301,100.0
mh_y_ksads__suic,suic,youth,atmpt__abrt,present,mh_y_ksads__suic__atmpt__abrt__pres_dx,ses-04A,2.0,10,9023,0,0,7,9040,99.9
mh_y_ksads__suic,suic,youth,atmpt__abrt,present,mh_y_ksads__suic__atmpt__abrt__pres_dx,ses-05A,2.0,11,8524,0,0,0,8535,100.0
mh_y_ksads__suic,suic,youth,atmpt__abrt,present,mh_y_ksads__suic__atmpt__abrt__pres_dx,ses-06A,2.0,5,9290,0,0,4,9299,100.0
mh_y_ksads__suic,suic,youth,atmpt__abrt,present,mh_y_ksads__suic__atmpt__abrt__pres_dx,ses-07A,2.0,6,8338,0,0,13,8357,99.8
mh_y_ksads__suic,suic,youth,atmpt__intr,past,mh_y_ksads__suic__atmpt__intr__past_dx,ses-00A,1.0,10,11765,0,0,7,11782,99.9
mh_y_ksads__suic,suic,youth,atmpt__intr,past,mh_y_ksads__suic__atmpt__intr__past_dx,ses-01A,1.0,14,11083,0,0,9,11106,99.9
mh_y_ksads__suic,suic,youth,atmpt__intr,past,mh_y_ksads__suic__atmpt__intr__past_dx,ses-02A,1.0,8,10846,0,0,1,10855,100.0
mh_y_ksads__suic,suic,youth,atmpt__intr,past,mh_y_ksads__suic__atmpt__intr__past_dx,ses-03A,2.0,17,10284,0,0,0,10301,100.0
mh_y_ksads__suic,suic,youth,atmpt__intr,past,mh_y_ksads__suic__atmpt__intr__past_dx,ses-04A,2.0,23,9010,0,0,7,9040,99.9
mh_y_ksads__suic,suic,youth,atmpt__intr,past,mh_y_ksads__suic__atmpt__intr__past_dx,ses-05A,2.0,0,0,0,8535,0,8535,0.0
mh_y_ksads__suic,suic,youth,atmpt__intr,past,mh_y_ksads__suic__atmpt__intr__past_dx,ses-06A,2.0,0,0,0,9295,4,9299,0.0
mh_y_ksads__suic,suic,youth,atmpt__intr,past,mh_y_ksads__suic__atmpt__intr__past_dx,ses-07A,2.0,0,0,0,8344,13,8357,0.0
mh_y_ksads__suic,suic,youth,atmpt__intr,present,mh_y_ksads__suic__atmpt__intr__pres_dx,ses-00A,1.0,6,11769,0,0,7,11782,99.9
mh_y_ksads__suic,suic,youth,atmpt__intr,present,mh_y_ksads__suic__atmpt__intr__pres_dx,ses-01A,1.0,7,11090,0,0,9,11106,99.9
mh_y_ksads__suic,suic,youth,atmpt__intr,present,mh_y_ksads__suic__atmpt__intr__pres_dx,ses-02A,1.0,4,10850,0,0,1,10855,100.0
mh_y_ksads__suic,suic,youth,atmpt__intr,present,mh_y_ksads__suic__atmpt__intr__pres_dx,ses-03A,2.0,4,10297,0,0,0,10301,100.0
mh_y_ksads__suic,suic,youth,atmpt__intr,present,mh_y_ksads__suic__atmpt__intr__pres_dx,ses-04A,2.0,7,9026,0,0,7,9040,99.9
mh_y_ksads__suic,suic,youth,atmpt__intr,present,mh_y_ksads__suic__atmpt__intr__pres_dx,ses-05A,2.0,1,8534,0,0,0,8535,100.0
mh_y_ksads__suic,suic,youth,atmpt__intr,present,mh_y_ksads__suic__atmpt__intr__pres_dx,ses-06A,2.0,4,9291,0,0,4,9299,100.0
mh_y_ksads__suic,suic,youth,atmpt__intr,present,mh_y_ksads__suic__atmpt__intr__pres_dx,ses-07A,2.0,2,8342,0,0,13,8357,99.8
mh_y_ksads__suic,suic,youth,atmpt,past,mh_y_ksads__suic__atmpt__past_dx,ses-00A,1.0,87,11688,0,0,7,11782,99.9
mh_y_ksads__suic,suic,youth,atmpt,past,mh_y_ksads__suic__atmpt__past_dx,ses-01A,1.0,85,11012,0,0,9,11106,99.9
mh_y_ksads__suic,suic,youth,atmpt,past,mh_y_ksads__suic__atmpt__past_dx,ses-02A,1.0,120,10734,0,0,1,10855,100.0
mh_y_ksads__suic,suic,youth,atmpt,past,mh_y_ksads__suic__atmpt__past_dx,ses-03A,2.0,159,10142,0,0,0,10301,100.0
mh_y_ksads__suic,suic,youth,atmpt,past,mh_y_ksads__suic__atmpt__past_dx,ses-04A,2.0,242,8791,0,0,7,9040,99.9
mh_y_ksads__suic,suic,youth,atmpt,past,mh_y_ksads__suic__atmpt__past_dx,ses-05A,2.0,0,0,0,8535,0,8535,0.0
mh_y_ksads__suic,suic,youth,atmpt,past,mh_y_ksads__suic__atmpt__past_dx,ses-06A,2.0,0,0,0,9295,4,9299,0.0
mh_y_ksads__suic,suic,youth,atmpt,past,mh_y_ksads__suic__atmpt__past_dx,ses-07A,2.0,0,0,0,8344,13,8357,0.0
mh_y_ksads__suic,suic,youth,atmpt,present,mh_y_ksads__suic__atmpt__pres_dx,ses-00A,1.0,23,11752,0,0,7,11782,99.9
mh_y_ksads__suic,suic,youth,atmpt,present,mh_y_ksads__suic__atmpt__pres_dx,ses-01A,1.0,12,11085,0,0,9,11106,99.9
mh_y_ksads__suic,suic,youth,atmpt,present,mh_y_ksads__suic__atmpt__pres_dx,ses-02A,1.0,13,10841,0,0,1,10855,100.0
mh_y_ksads__suic,suic,youth,atmpt,present,mh_y_ksads__suic__atmpt__pres_dx,ses-03A,2.0,17,10284,0,0,0,10301,100.0
mh_y_ksads__suic,suic,youth,atmpt,present,mh_y_ksads__suic__atmpt__pres_dx,ses-04A,2.0,16,9017,0,0,7,9040,99.9
mh_y_ksads__suic,suic,youth,atmpt,present,mh_y_ksads__suic__atmpt__pres_dx,ses-05A,2.0,12,8523,0,0,0,8535,100.0
mh_y_ksads__suic,suic,youth,atmpt,present,mh_y_ksads__suic__atmpt__pres_dx,ses-06A,2.0,24,9271,0,0,4,9299,100.0
mh_y_ksads__suic,suic,youth,atmpt,present,mh_y_ksads__suic__atmpt__pres_dx,ses-07A,2.0,13,8331,0,0,13,8357,99.8
mh_y_ksads__suic,suic,youth,imnt,past,mh_y_ksads__suic__imnt__past_dx,ses-00A,1.0,40,11735,0,0,7,11782,99.9
mh_y_ksads__suic,suic,youth,imnt,past,mh_y_ksads__suic__imnt__past_dx,ses-01A,1.0,43,11054,0,0,9,11106,99.9
mh_y_ksads__suic,suic,youth,imnt,past,mh_y_ksads__suic__imnt__past_dx,ses-02A,1.0,45,10809,0,0,1,10855,100.0
mh_y_ksads__suic,suic,youth,imnt,past,mh_y_ksads__suic__imnt__past_dx,ses-03A,2.0,73,10228,0,0,0,10301,100.0
mh_y_ksads__suic,suic,youth,imnt,past,mh_y_ksads__suic__imnt__past_dx,ses-04A,2.0,106,8927,0,0,7,9040,99.9
mh_y_ksads__suic,suic,youth,imnt,past,mh_y_ksads__suic__imnt__past_dx,ses-05A,2.0,0,0,0,8535,0,8535,0.0
mh_y_ksads__suic,suic,youth,imnt,past,mh_y_ksads__suic__imnt__past_dx,ses-06A,2.0,0,0,0,9295,4,9299,0.0
mh_y_ksads__suic,suic,youth,imnt,past,mh_y_ksads__suic__imnt__past_dx,ses-07A,2.0,0,0,0,8344,13,8357,0.0
mh_y_ksads__suic,suic,youth,imnt,present,mh_y_ksads__suic__imnt__pres_dx,ses-00A,1.0,24,11751,0,0,7,11782,99.9
mh_y_ksads__suic,suic,youth,imnt,present,mh_y_ksads__suic__imnt__pres_dx,ses-01A,1.0,22,11075,0,0,9,11106,99.9
mh_y_ksads__suic,suic,youth,imnt,present,mh_y_ksads__suic__imnt__pres_dx,ses-02A,1.0,21,10833,0,0,1,10855,100.0
mh_y_ksads__suic,suic,youth,imnt,present,mh_y_ksads__suic__imnt__pres_dx,ses-03A,2.0,32,10269,0,0,0,10301,100.0
mh_y_ksads__suic,suic,youth,imnt,present,mh_y_ksads__suic__imnt__pres_dx,ses-04A,2.0,48,8985,0,0,7,9040,99.9
mh_y_ksads__suic,suic,youth,imnt,present,mh_y_ksads__suic__imnt__pres_dx,ses-05A,2.0,26,8509,0,0,0,8535,100.0
mh_y_ksads__suic,suic,youth,imnt,present,mh_y_ksads__suic__imnt__pres_dx,ses-06A,2.0,45,9250,0,0,4,9299,100.0
mh_y_ksads__suic,suic,youth,imnt,present,mh_y_ksads__suic__imnt__pres_dx,ses-07A,2.0,28,8316,0,0,13,8357,99.8
mh_y_ksads__suic,suic,youth,none,past,mh_y_ksads__suic__none__past_dx,ses-00A,1.0,0,11775,0,0,7,11782,99.9
mh_y_ksads__suic,suic,youth,none,past,mh_y_ksads__suic__none__past_dx,ses-01A,1.0,0,11097,0,0,9,11106,99.9
mh_y_ksads__suic,suic,youth,none,past,mh_y_ksads__suic__none__past_dx,ses-02A,1.0,0,10854,0,0,1,10855,100.0
mh_y_ksads__suic,suic,youth,none,past,mh_y_ksads__suic__none__past_dx,ses-03A,2.0,0,10301,0,0,0,10301,100.0
mh_y_ksads__suic,suic,youth,none,past,mh_y_ksads__suic__none__past_dx,ses-04A,2.0,0,9033,0,0,7,9040,99.9
mh_y_ksads__suic,suic,youth,none,past,mh_y_ksads__suic__none__past_dx,ses-05A,2.0,0,0,0,8535,0,8535,0.0
mh_y_ksads__suic,suic,youth,none,past,mh_y_ksads__suic__none__past_dx,ses-06A,2.0,0,0,0,9295,4,9299,0.0
mh_y_ksads__suic,suic,youth,none,past,mh_y_ksads__suic__none__past_dx,ses-07A,2.0,0,0,0,8344,13,8357,0.0
mh_y_ksads__suic,suic,youth,none,present,mh_y_ksads__suic__none__pres_dx,ses-00A,1.0,0,11775,0,0,7,11782,99.9
mh_y_ksads__suic,suic,youth,none,present,mh_y_ksads__suic__none__pres_dx,ses-01A,1.0,0,11097,0,0,9,11106,99.9
mh_y_ksads__suic,suic,youth,none,present,mh_y_ksads__suic__none__pres_dx,ses-02A,1.0,0,10854,0,0,1,10855,100.0
mh_y_ksads__suic,suic,youth,none,present,mh_y_ksads__suic__none__pres_dx,ses-03A,2.0,0,10301,0,0,0,10301,100.0
mh_y_ksads__suic,suic,youth,none,present,mh_y_ksads__suic__none__pres_dx,ses-04A,2.0,0,9033,0,0,7,9040,99.9
mh_y_ksads__suic,suic,youth,none,present,mh_y_ksads__suic__none__pres_dx,ses-05A,2.0,0,8535,0,0,0,8535,100.0
mh_y_ksads__suic,suic,youth,none,present,mh_y_ksads__suic__none__pres_dx,ses-06A,2.0,0,9295,0,0,4,9299,100.0
mh_y_ksads__suic,suic,youth,none,present,mh_y_ksads__suic__none__pres_dx,ses-07A,2.0,0,8344,0,0,13,8357,99.8
mh_y_ksads__suic,suic,youth,pass,past,mh_y_ksads__suic__pass__past_dx,ses-00A,1.0,700,11075,0,0,7,11782,99.9
mh_y_ksads__suic,suic,youth,pass,past,mh_y_ksads__suic__pass__past_dx,ses-01A,1.0,684,10413,0,0,9,11106,99.9
mh_y_ksads__suic,suic,youth,pass,past,mh_y_ksads__suic__pass__past_dx,ses-02A,1.0,676,10178,0,0,1,10855,100.0
mh_y_ksads__suic,suic,youth,pass,past,mh_y_ksads__suic__pass__past_dx,ses-03A,2.0,929,9372,0,0,0,10301,100.0
mh_y_ksads__suic,suic,youth,pass,past,mh_y_ksads__suic__pass__past_dx,ses-04A,2.0,988,8045,0,0,7,9040,99.9
mh_y_ksads__suic,suic,youth,pass,past,mh_y_ksads__suic__pass__past_dx,ses-05A,2.0,0,0,0,8535,0,8535,0.0
mh_y_ksads__suic,suic,youth,pass,past,mh_y_ksads__suic__pass__past_dx,ses-06A,2.0,0,0,0,9295,4,9299,0.0
mh_y_ksads__suic,suic,youth,pass,past,mh_y_ksads__suic__pass__past_dx,ses-07A,2.0,0,0,0,8344,13,8357,0.0
mh_y_ksads__suic,suic,youth,pass,present,mh_y_ksads__suic__pass__pres_dx,ses-00A,1.0,142,11633,0,0,7,11782,99.9
mh_y_ksads__suic,suic,youth,pass,present,mh_y_ksads__suic__pass__pres_dx,ses-01A,1.0,112,10985,0,0,9,11106,99.9
mh_y_ksads__suic,suic,youth,pass,present,mh_y_ksads__suic__pass__pres_dx,ses-02A,1.0,101,10753,0,0,1,10855,100.0
mh_y_ksads__suic,suic,youth,pass,present,mh_y_ksads__suic__pass__pres_dx,ses-03A,2.0,126,10175,0,0,0,10301,100.0
mh_y_ksads__suic,suic,youth,pass,present,mh_y_ksads__suic__pass__pres_dx,ses-04A,2.0,148,8885,0,0,7,9040,99.9
mh_y_ksads__suic,suic,youth,pass,present,mh_y_ksads__suic__pass__pres_dx,ses-05A,2.0,106,8429,0,0,0,8535,100.0
mh_y_ksads__suic,suic,youth,pass,present,mh_y_ksads__suic__pass__pres_dx,ses-06A,2.0,125,9170,0,0,4,9299,100.0
mh_y_ksads__suic,suic,youth,pass,present,mh_y_ksads__suic__pass__pres_dx,ses-07A,2.0,101,8243,0,0,13,8357,99.8
mh_y_ksads__suic,suic,youth,slfinj__nosi,past,mh_y_ksads__suic__slfinj__nosi__past_dx,ses-00A,1.0,506,11269,0,0,7,11782,99.9
mh_y_ksads__suic,suic,youth,slfinj__nosi,past,mh_y_ksads__suic__slfinj__nosi__past_dx,ses-01A,1.0,419,10678,0,0,9,11106,99.9
mh_y_ksads__suic,suic,youth,slfinj__nosi,past,mh_y_ksads__suic__slfinj__nosi__past_dx,ses-02A,1.0,383,10471,0,0,1,10855,100.0
mh_y_ksads__suic,suic,youth,slfinj__nosi,past,mh_y_ksads__suic__slfinj__nosi__past_dx,ses-03A,2.0,651,9650,0,0,0,10301,100.0
mh_y_ksads__suic,suic,youth,slfinj__nosi,past,mh_y_ksads__suic__slfinj__nosi__past_dx,ses-04A,2.0,772,8261,0,0,7,9040,99.9
mh_y_ksads__suic,suic,youth,slfinj__nosi,past,mh_y_ksads__suic__slfinj__nosi__past_dx,ses-05A,2.0,0,0,0,8535,0,8535,0.0
mh_y_ksads__suic,suic,youth,slfinj__nosi,past,mh_y_ksads__suic__slfinj__nosi__past_dx,ses-06A,2.0,0,0,0,9295,4,9299,0.0
mh_y_ksads__suic,suic,youth,slfinj__nosi,past,mh_y_ksads__suic__slfinj__nosi__past_dx,ses-07A,2.0,0,0,0,8344,13,8357,0.0
mh_y_ksads__suic,suic,youth,slfinj__nosi,present,mh_y_ksads__suic__slfinj__nosi__pres_dx,ses-00A,1.0,318,11457,0,0,7,11782,99.9
mh_y_ksads__suic,suic,youth,slfinj__nosi,present,mh_y_ksads__suic__slfinj__nosi__pres_dx,ses-01A,1.0,191,10906,0,0,9,11106,99.9
mh_y_ksads__suic,suic,youth,slfinj__nosi,present,mh_y_ksads__suic__slfinj__nosi__pres_dx,ses-02A,1.0,158,10696,0,0,1,10855,100.0
mh_y_ksads__suic,suic,youth,slfinj__nosi,present,mh_y_ksads__suic__slfinj__nosi__pres_dx,ses-03A,2.0,261,10040,0,0,0,10301,100.0
mh_y_ksads__suic,suic,youth,slfinj__nosi,present,mh_y_ksads__suic__slfinj__nosi__pres_dx,ses-04A,2.0,276,8757,0,0,7,9040,99.9
mh_y_ksads__suic,suic,youth,slfinj__nosi,present,mh_y_ksads__suic__slfinj__nosi__pres_dx,ses-05A,2.0,218,8317,0,0,0,8535,100.0
mh_y_ksads__suic,suic,youth,slfinj__nosi,present,mh_y_ksads__suic__slfinj__nosi__pres_dx,ses-06A,2.0,219,9076,0,0,4,9299,100.0
mh_y_ksads__suic,suic,youth,slfinj__nosi,present,mh_y_ksads__suic__slfinj__nosi__pres_dx,ses-07A,2.0,194,8150,0,0,13,8357,99.8
