variable,session_id,informant,module,status_layer,n_positive,n_administered_negative,n_not_administered,n_no_record
mh_p_ksads__adhd__fullrem_dx,ses-00A,parent,adhd,unknown,0,0,0,11719
mh_p_ksads__adhd__fullrem_dx,ses-01A,parent,adhd,unknown,0,0,0,11083
mh_p_ksads__adhd__fullrem_dx,ses-02A,parent,adhd,unknown,0,0,0,10743
mh_p_ksads__adhd__fullrem_dx,ses-03A,parent,adhd,unknown,4,9986,0,6
mh_p_ksads__adhd__fullrem_dx,ses-04A,parent,adhd,unknown,5,8395,0,0
mh_p_ksads__adhd__fullrem_dx,ses-05A,parent,adhd,unknown,0,0,8056,0
mh_p_ksads__adhd__fullrem_dx,ses-06A,parent,adhd,unknown,9,9275,0,0
mh_p_ksads__adhd__fullrem_dx,ses-07A,parent,adhd,unknown,5,8316,0,0
mh_p_ksads__adhd__oth_dx,ses-00A,parent,adhd,unknown,0,0,0,11719
mh_p_ksads__adhd__oth_dx,ses-01A,parent,adhd,unknown,0,0,0,11083
mh_p_ksads__adhd__oth_dx,ses-02A,parent,adhd,unknown,0,0,0,10743
mh_p_ksads__adhd__oth_dx,ses-03A,parent,adhd,unknown,34,9956,0,6
mh_p_ksads__adhd__oth_dx,ses-04A,parent,adhd,unknown,45,8355,0,0
mh_p_ksads__adhd__oth_dx,ses-05A,parent,adhd,unknown,0,0,8056,0
mh_p_ksads__adhd__oth_dx,ses-06A,parent,adhd,unknown,55,9229,0,0
mh_p_ksads__adhd__oth_dx,ses-07A,parent,adhd,unknown,63,8258,0,0
mh_p_ksads__adhd__partrem_dx,ses-00A,parent,adhd,partial_remission,136,11569,0,14
mh_p_ksads__adhd__partrem_dx,ses-01A,parent,adhd,partial_remission,91,10983,0,9
mh_p_ksads__adhd__partrem_dx,ses-02A,parent,adhd,partial_remission,87,10652,0,4
mh_p_ksads__adhd__partrem_dx,ses-03A,parent,adhd,partial_remission,517,9473,0,6
mh_p_ksads__adhd__partrem_dx,ses-04A,parent,adhd,partial_remission,276,8124,0,0
mh_p_ksads__adhd__partrem_dx,ses-05A,parent,adhd,partial_remission,0,0,8056,0
mh_p_ksads__adhd__partrem_dx,ses-06A,parent,adhd,partial_remission,309,8975,0,0
mh_p_ksads__adhd__partrem_dx,ses-07A,parent,adhd,partial_remission,313,8008,0,0
mh_p_ksads__adhd__past_dx,ses-00A,parent,adhd,past,848,10857,0,14
mh_p_ksads__adhd__past_dx,ses-01A,parent,adhd,past,982,10092,0,9
mh_p_ksads__adhd__past_dx,ses-02A,parent,adhd,past,725,10014,0,4
mh_p_ksads__adhd__past_dx,ses-03A,parent,adhd,past,45,9945,0,6
mh_p_ksads__adhd__past_dx,ses-04A,parent,adhd,past,37,8363,0,0
mh_p_ksads__adhd__past_dx,ses-05A,parent,adhd,past,0,0,8056,0
mh_p_ksads__adhd__past_dx,ses-06A,parent,adhd,past,57,9227,0,0
mh_p_ksads__adhd__past_dx,ses-07A,parent,adhd,past,64,8257,0,0
mh_p_ksads__adhd__pres_dx,ses-00A,parent,adhd,present,863,10842,0,14
mh_p_ksads__adhd__pres_dx,ses-01A,parent,adhd,present,938,10136,0,9
mh_p_ksads__adhd__pres_dx,ses-02A,parent,adhd,present,602,10137,0,4
mh_p_ksads__adhd__pres_dx,ses-03A,parent,adhd,present,557,9433,0,6
mh_p_ksads__adhd__pres_dx,ses-04A,parent,adhd,present,440,7960,0,0
mh_p_ksads__adhd__pres_dx,ses-05A,parent,adhd,present,0,0,8056,0
mh_p_ksads__adhd__pres_dx,ses-06A,parent,adhd,present,451,8833,0,0
mh_p_ksads__adhd__pres_dx,ses-07A,parent,adhd,present,418,7903,0,0
mh_p_ksads__adhd__unspec_dx,ses-00A,parent,adhd,unknown,60,11645,0,14
mh_p_ksads__adhd__unspec_dx,ses-01A,parent,adhd,unknown,47,11027,0,9
mh_p_ksads__adhd__unspec_dx,ses-02A,parent,adhd,unknown,34,10705,0,4
mh_p_ksads__adhd__unspec_dx,ses-03A,parent,adhd,unknown,0,0,0,9996
mh_p_ksads__adhd__unspec_dx,ses-04A,parent,adhd,unknown,0,0,0,8400
mh_p_ksads__adhd__unspec_dx,ses-05A,parent,adhd,unknown,0,0,0,8056
mh_p_ksads__adhd__unspec_dx,ses-06A,parent,adhd,unknown,0,0,0,9284
mh_p_ksads__adhd__unspec_dx,ses-07A,parent,adhd,unknown,0,0,0,8321
mh_p_ksads__agor__oth_dx,ses-00A,parent,agor,unknown,0,11705,0,4
mh_p_ksads__agor__oth_dx,ses-01A,parent,agor,unknown,0,0,11074,1
mh_p_ksads__agor__oth_dx,ses-02A,parent,agor,unknown,0,10739,0,4
mh_p_ksads__agor__oth_dx,ses-03A,parent,agor,unknown,0,0,9990,0
mh_p_ksads__agor__oth_dx,ses-04A,parent,agor,unknown,11,8389,0,0
mh_p_ksads__agor__oth_dx,ses-05A,parent,agor,unknown,0,0,8056,0
mh_p_ksads__agor__oth_dx,ses-06A,parent,agor,unknown,9,9275,0,0
mh_p_ksads__agor__oth_dx,ses-07A,parent,agor,unknown,0,0,8321,0
mh_p_ksads__agor__past_dx,ses-00A,parent,agor,past,31,11674,0,4
mh_p_ksads__agor__past_dx,ses-01A,parent,agor,past,0,0,11074,1
mh_p_ksads__agor__past_dx,ses-02A,parent,agor,past,81,10658,0,4
mh_p_ksads__agor__past_dx,ses-03A,parent,agor,past,0,0,9990,0
mh_p_ksads__agor__past_dx,ses-04A,parent,agor,past,80,8320,0,0
mh_p_ksads__agor__past_dx,ses-05A,parent,agor,past,0,0,8056,0
mh_p_ksads__agor__past_dx,ses-06A,parent,agor,past,135,9149,0,0
mh_p_ksads__agor__past_dx,ses-07A,parent,agor,past,0,0,8321,0
mh_p_ksads__agor__pres_dx,ses-00A,parent,agor,present,14,11691,0,4
mh_p_ksads__agor__pres_dx,ses-01A,parent,agor,present,0,0,11074,1
mh_p_ksads__agor__pres_dx,ses-02A,parent,agor,present,99,10640,0,4
mh_p_ksads__agor__pres_dx,ses-03A,parent,agor,present,0,0,9990,0
mh_p_ksads__agor__pres_dx,ses-04A,parent,agor,present,117,8283,0,0
mh_p_ksads__agor__pres_dx,ses-05A,parent,agor,present,0,0,8056,0
mh_p_ksads__agor__pres_dx,ses-06A,parent,agor,present,104,9180,0,0
mh_p_ksads__agor__pres_dx,ses-07A,parent,agor,present,0,0,8321,0
mh_p_ksads__asd__oth_dx,ses-00A,parent,asd,unknown,3239,8466,0,14
mh_p_ksads__asd__oth_dx,ses-01A,parent,asd,unknown,0,0,11074,1
mh_p_ksads__asd__oth_dx,ses-02A,parent,asd,unknown,2233,8506,0,4
mh_p_ksads__asd__oth_dx,ses-03A,parent,asd,unknown,0,0,9990,0
mh_p_ksads__asd__oth_dx,ses-04A,parent,asd,unknown,141,8259,0,0
mh_p_ksads__asd__oth_dx,ses-05A,parent,asd,unknown,0,0,8056,0
mh_p_ksads__asd__oth_dx,ses-06A,parent,asd,unknown,0,0,9284,0
mh_p_ksads__asd__oth_dx,ses-07A,parent,asd,unknown,0,0,8321,0
mh_p_ksads__asd_dx,ses-00A,parent,asd,unknown,0,0,0,11719
mh_p_ksads__asd_dx,ses-01A,parent,asd,unknown,0,0,0,11075
mh_p_ksads__asd_dx,ses-02A,parent,asd,unknown,0,0,0,10743
mh_p_ksads__asd_dx,ses-03A,parent,asd,unknown,0,0,9990,0
mh_p_ksads__asd_dx,ses-04A,parent,asd,unknown,0,8400,0,0
mh_p_ksads__asd_dx,ses-05A,parent,asd,unknown,0,0,8056,0
mh_p_ksads__asd_dx,ses-06A,parent,asd,unknown,0,0,9284,0
mh_p_ksads__asd_dx,ses-07A,parent,asd,unknown,0,0,8321,0
mh_p_ksads__bpd__bpd1__curdep__partrem_dx,ses-00A,parent,bpd,partial_remission,0,0,0,11719
mh_p_ksads__bpd__bpd1__curdep__partrem_dx,ses-01A,parent,bpd,partial_remission,0,0,0,11075
mh_p_ksads__bpd__bpd1__curdep__partrem_dx,ses-02A,parent,bpd,partial_remission,0,0,0,10743
mh_p_ksads__bpd__bpd1__curdep__partrem_dx,ses-03A,parent,bpd,partial_remission,0,0,9990,0
mh_p_ksads__bpd__bpd1__curdep__partrem_dx,ses-04A,parent,bpd,partial_remission,2,8398,0,0
mh_p_ksads__bpd__bpd1__curdep__partrem_dx,ses-05A,parent,bpd,partial_remission,0,0,8056,0
mh_p_ksads__bpd__bpd1__curdep__partrem_dx,ses-06A,parent,bpd,partial_remission,9,9275,0,0
mh_p_ksads__bpd__bpd1__curdep__partrem_dx,ses-07A,parent,bpd,partial_remission,0,0,8321,0
mh_p_ksads__bpd__bpd1__curdep__pres_dx,ses-00A,parent,bpd,present,12,11693,0,14
mh_p_ksads__bpd__bpd1__curdep__pres_dx,ses-01A,parent,bpd,present,0,0,11074,1
mh_p_ksads__bpd__bpd1__curdep__pres_dx,ses-02A,parent,bpd,present,10,10729,0,4
mh_p_ksads__bpd__bpd1__curdep__pres_dx,ses-03A,parent,bpd,present,0,0,9990,0
mh_p_ksads__bpd__bpd1__curdep__pres_dx,ses-04A,parent,bpd,present,0,8400,0,0
mh_p_ksads__bpd__bpd1__curdep__pres_dx,ses-05A,parent,bpd,present,0,0,8056,0
mh_p_ksads__bpd__bpd1__curdep__pres_dx,ses-06A,parent,bpd,present,2,9282,0,0
mh_p_ksads__bpd__bpd1__curdep__pres_dx,ses-07A,parent,bpd,present,0,0,8321,0
mh_p_ksads__bpd__bpd1__curhypo__pres_dx,ses-00A,parent,bpd,present,1,11704,0,14
mh_p_ksads__bpd__bpd1__curhypo__pres_dx,ses-01A,parent,bpd,present,0,0,11074,1
mh_p_ksads__bpd__bpd1__curhypo__pres_dx,ses-02A,parent,bpd,present,1,10738,0,4
mh_p_ksads__bpd__bpd1__curhypo__pres_dx,ses-03A,parent,bpd,present,0,0,0,9990
mh_p_ksads__bpd__bpd1__curhypo__pres_dx,ses-04A,parent,bpd,present,0,0,0,8400
mh_p_ksads__bpd__bpd1__curhypo__pres_dx,ses-05A,parent,bpd,present,0,0,0,8056
mh_p_ksads__bpd__bpd1__curhypo__pres_dx,ses-06A,parent,bpd,present,0,0,0,9284
mh_p_ksads__bpd__bpd1__curhypo__pres_dx,ses-07A,parent,bpd,present,0,0,0,8321
mh_p_ksads__bpd__bpd1__curmanic__pres_dx,ses-00A,parent,bpd,present,17,11688,0,14
mh_p_ksads__bpd__bpd1__curmanic__pres_dx,ses-01A,parent,bpd,present,0,0,11074,1
mh_p_ksads__bpd__bpd1__curmanic__pres_dx,ses-02A,parent,bpd,present,2,10737,0,4
mh_p_ksads__bpd__bpd1__curmanic__pres_dx,ses-03A,parent,bpd,present,0,0,9990,0
mh_p_ksads__bpd__bpd1__curmanic__pres_dx,ses-04A,parent,bpd,present,0,8400,0,0
mh_p_ksads__bpd__bpd1__curmanic__pres_dx,ses-05A,parent,bpd,present,0,0,8056,0
mh_p_ksads__bpd__bpd1__curmanic__pres_dx,ses-06A,parent,bpd,present,0,9284,0,0
mh_p_ksads__bpd__bpd1__curmanic__pres_dx,ses-07A,parent,bpd,present,0,0,8321,0
mh_p_ksads__bpd__bpd1__rcnt__dep__pres_dx,ses-00A,parent,bpd,present,21,11684,0,14
mh_p_ksads__bpd__bpd1__rcnt__dep__pres_dx,ses-01A,parent,bpd,present,0,0,11074,1
mh_p_ksads__bpd__bpd1__rcnt__dep__pres_dx,ses-02A,parent,bpd,present,11,10728,0,4
mh_p_ksads__bpd__bpd1__rcnt__dep__pres_dx,ses-03A,parent,bpd,present,0,0,0,9990
mh_p_ksads__bpd__bpd1__rcnt__dep__pres_dx,ses-04A,parent,bpd,present,0,0,0,8400
mh_p_ksads__bpd__bpd1__rcnt__dep__pres_dx,ses-05A,parent,bpd,present,0,0,0,8056
mh_p_ksads__bpd__bpd1__rcnt__dep__pres_dx,ses-06A,parent,bpd,present,0,0,0,9284
mh_p_ksads__bpd__bpd1__rcnt__dep__pres_dx,ses-07A,parent,bpd,present,0,0,0,8321
mh_p_ksads__bpd__bpd1__rcnt__manic__pres_dx,ses-00A,parent,bpd,present,300,11405,0,14
mh_p_ksads__bpd__bpd1__rcnt__manic__pres_dx,ses-01A,parent,bpd,present,0,0,11074,1
mh_p_ksads__bpd__bpd1__rcnt__manic__pres_dx,ses-02A,parent,bpd,present,134,10605,0,4
mh_p_ksads__bpd__bpd1__rcnt__manic__pres_dx,ses-03A,parent,bpd,present,0,0,0,9990
mh_p_ksads__bpd__bpd1__rcnt__manic__pres_dx,ses-04A,parent,bpd,present,0,0,0,8400
mh_p_ksads__bpd__bpd1__rcnt__manic__pres_dx,ses-05A,parent,bpd,present,0,0,0,8056
mh_p_ksads__bpd__bpd1__rcnt__manic__pres_dx,ses-06A,parent,bpd,present,0,0,0,9284
mh_p_ksads__bpd__bpd1__rcnt__manic__pres_dx,ses-07A,parent,bpd,present,0,0,0,8321
mh_p_ksads__bpd__bpd1__rcnt__manicmix__pres_dx,ses-00A,parent,bpd,present,0,0,0,11719
mh_p_ksads__bpd__bpd1__rcnt__manicmix__pres_dx,ses-01A,parent,bpd,present,0,0,0,11075
mh_p_ksads__bpd__bpd1__rcnt__manicmix__pres_dx,ses-02A,parent,bpd,present,0,0,0,10743
mh_p_ksads__bpd__bpd1__rcnt__manicmix__pres_dx,ses-03A,parent,bpd,present,0,0,9990,0
mh_p_ksads__bpd__bpd1__rcnt__manicmix__pres_dx,ses-04A,parent,bpd,present,8,8392,0,0
mh_p_ksads__bpd__bpd1__rcnt__manicmix__pres_dx,ses-05A,parent,bpd,present,0,0,8056,0
mh_p_ksads__bpd__bpd1__rcnt__manicmix__pres_dx,ses-06A,parent,bpd,present,11,9273,0,0
mh_p_ksads__bpd__bpd1__rcnt__manicmix__pres_dx,ses-07A,parent,bpd,present,0,0,8321,0
mh_p_ksads__bpd__bpd2__curdep__partrem_dx,ses-00A,parent,bpd,partial_remission,0,0,0,11719
mh_p_ksads__bpd__bpd2__curdep__partrem_dx,ses-01A,parent,bpd,partial_remission,0,0,0,11075
mh_p_ksads__bpd__bpd2__curdep__partrem_dx,ses-02A,parent,bpd,partial_remission,0,0,0,10743
mh_p_ksads__bpd__bpd2__curdep__partrem_dx,ses-03A,parent,bpd,partial_remission,0,0,9990,0
mh_p_ksads__bpd__bpd2__curdep__partrem_dx,ses-04A,parent,bpd,partial_remission,0,8400,0,0
mh_p_ksads__bpd__bpd2__curdep__partrem_dx,ses-05A,parent,bpd,partial_remission,0,0,8056,0
mh_p_ksads__bpd__bpd2__curdep__partrem_dx,ses-06A,parent,bpd,partial_remission,0,9284,0,0
mh_p_ksads__bpd__bpd2__curdep__partrem_dx,ses-07A,parent,bpd,partial_remission,0,0,8321,0
mh_p_ksads__bpd__bpd2__curdep__pres_dx,ses-00A,parent,bpd,present,7,11698,0,14
mh_p_ksads__bpd__bpd2__curdep__pres_dx,ses-01A,parent,bpd,present,0,0,11074,1
mh_p_ksads__bpd__bpd2__curdep__pres_dx,ses-02A,parent,bpd,present,13,10726,0,4
mh_p_ksads__bpd__bpd2__curdep__pres_dx,ses-03A,parent,bpd,present,0,0,9990,0
mh_p_ksads__bpd__bpd2__curdep__pres_dx,ses-04A,parent,bpd,present,0,8400,0,0
mh_p_ksads__bpd__bpd2__curdep__pres_dx,ses-05A,parent,bpd,present,0,0,8056,0
mh_p_ksads__bpd__bpd2__curdep__pres_dx,ses-06A,parent,bpd,present,0,9284,0,0
mh_p_ksads__bpd__bpd2__curdep__pres_dx,ses-07A,parent,bpd,present,0,0,8321,0
mh_p_ksads__bpd__bpd2__curhypo__pres_dx,ses-00A,parent,bpd,present,0,11705,0,14
mh_p_ksads__bpd__bpd2__curhypo__pres_dx,ses-01A,parent,bpd,present,0,0,11074,1
mh_p_ksads__bpd__bpd2__curhypo__pres_dx,ses-02A,parent,bpd,present,1,10738,0,4
mh_p_ksads__bpd__bpd2__curhypo__pres_dx,ses-03A,parent,bpd,present,0,0,9990,0
mh_p_ksads__bpd__bpd2__curhypo__pres_dx,ses-04A,parent,bpd,present,0,8400,0,0
mh_p_ksads__bpd__bpd2__curhypo__pres_dx,ses-05A,parent,bpd,present,0,0,8056,0
mh_p_ksads__bpd__bpd2__curhypo__pres_dx,ses-06A,parent,bpd,present,0,9284,0,0
mh_p_ksads__bpd__bpd2__curhypo__pres_dx,ses-07A,parent,bpd,present,0,0,8321,0
mh_p_ksads__bpd__bpd2__oth__mindur_dx,ses-00A,parent,bpd,unknown,0,0,0,11719
mh_p_ksads__bpd__bpd2__oth__mindur_dx,ses-01A,parent,bpd,unknown,0,0,0,11075
mh_p_ksads__bpd__bpd2__oth__mindur_dx,ses-02A,parent,bpd,unknown,0,0,0,10743
mh_p_ksads__bpd__bpd2__oth__mindur_dx,ses-03A,parent,bpd,unknown,0,0,9990,0
mh_p_ksads__bpd__bpd2__oth__mindur_dx,ses-04A,parent,bpd,unknown,6,8394,0,0
mh_p_ksads__bpd__bpd2__oth__mindur_dx,ses-05A,parent,bpd,unknown,0,0,8056,0
mh_p_ksads__bpd__bpd2__oth__mindur_dx,ses-06A,parent,bpd,unknown,6,9278,0,0
mh_p_ksads__bpd__bpd2__oth__mindur_dx,ses-07A,parent,bpd,unknown,0,0,8321,0
mh_p_ksads__bpd__bpd2__oth__nomdd_dx,ses-00A,parent,bpd,unknown,0,0,0,11719
mh_p_ksads__bpd__bpd2__oth__nomdd_dx,ses-01A,parent,bpd,unknown,0,0,0,11075
mh_p_ksads__bpd__bpd2__oth__nomdd_dx,ses-02A,parent,bpd,unknown,0,0,0,10743
mh_p_ksads__bpd__bpd2__oth__nomdd_dx,ses-03A,parent,bpd,unknown,0,0,9990,0
mh_p_ksads__bpd__bpd2__oth__nomdd_dx,ses-04A,parent,bpd,unknown,2,8398,0,0
mh_p_ksads__bpd__bpd2__oth__nomdd_dx,ses-05A,parent,bpd,unknown,0,0,8056,0
mh_p_ksads__bpd__bpd2__oth__nomdd_dx,ses-06A,parent,bpd,unknown,0,9284,0,0
mh_p_ksads__bpd__bpd2__oth__nomdd_dx,ses-07A,parent,bpd,unknown,0,0,8321,0
mh_p_ksads__bpd__bpd2__rcnt__hypo__pres_dx,ses-00A,parent,bpd,present,130,11575,0,14
mh_p_ksads__bpd__bpd2__rcnt__hypo__pres_dx,ses-01A,parent,bpd,present,0,0,11074,1
mh_p_ksads__bpd__bpd2__rcnt__hypo__pres_dx,ses-02A,parent,bpd,present,85,10654,0,4
mh_p_ksads__bpd__bpd2__rcnt__hypo__pres_dx,ses-03A,parent,bpd,present,0,0,0,9990
mh_p_ksads__bpd__bpd2__rcnt__hypo__pres_dx,ses-04A,parent,bpd,present,0,0,0,8400
mh_p_ksads__bpd__bpd2__rcnt__hypo__pres_dx,ses-05A,parent,bpd,present,0,0,0,8056
mh_p_ksads__bpd__bpd2__rcnt__hypo__pres_dx,ses-06A,parent,bpd,present,0,0,0,9284
mh_p_ksads__bpd__bpd2__rcnt__hypo__pres_dx,ses-07A,parent,bpd,present,0,0,0,8321
mh_p_ksads__bpd__bpd2__rcnt__hypomix__pres_dx,ses-00A,parent,bpd,present,0,0,0,11719
mh_p_ksads__bpd__bpd2__rcnt__hypomix__pres_dx,ses-01A,parent,bpd,present,0,0,0,11075
mh_p_ksads__bpd__bpd2__rcnt__hypomix__pres_dx,ses-02A,parent,bpd,present,0,0,0,10743
mh_p_ksads__bpd__bpd2__rcnt__hypomix__pres_dx,ses-03A,parent,bpd,present,0,0,9990,0
mh_p_ksads__bpd__bpd2__rcnt__hypomix__pres_dx,ses-04A,parent,bpd,present,0,8400,0,0
mh_p_ksads__bpd__bpd2__rcnt__hypomix__pres_dx,ses-05A,parent,bpd,present,0,0,8056,0
mh_p_ksads__bpd__bpd2__rcnt__hypomix__pres_dx,ses-06A,parent,bpd,present,0,9284,0,0
mh_p_ksads__bpd__bpd2__rcnt__hypomix__pres_dx,ses-07A,parent,bpd,present,0,0,8321,0
mh_p_ksads__bpd__oth__mindur_dx,ses-00A,parent,bpd,unknown,0,0,0,11719
mh_p_ksads__bpd__oth__mindur_dx,ses-01A,parent,bpd,unknown,0,0,0,11075
mh_p_ksads__bpd__oth__mindur_dx,ses-02A,parent,bpd,unknown,0,0,0,10743
mh_p_ksads__bpd__oth__mindur_dx,ses-03A,parent,bpd,unknown,0,0,9990,0
mh_p_ksads__bpd__oth__mindur_dx,ses-04A,parent,bpd,unknown,9,8391,0,0
mh_p_ksads__bpd__oth__mindur_dx,ses-05A,parent,bpd,unknown,0,0,8056,0
mh_p_ksads__bpd__oth__mindur_dx,ses-06A,parent,bpd,unknown,23,9261,0,0
mh_p_ksads__bpd__oth__mindur_dx,ses-07A,parent,bpd,unknown,0,0,8321,0
mh_p_ksads__bpd__unspec__past_dx,ses-00A,parent,bpd,past,388,11317,0,14
mh_p_ksads__bpd__unspec__past_dx,ses-01A,parent,bpd,past,0,0,11074,1
mh_p_ksads__bpd__unspec__past_dx,ses-02A,parent,bpd,past,164,10575,0,4
mh_p_ksads__bpd__unspec__past_dx,ses-03A,parent,bpd,past,0,0,0,9990
mh_p_ksads__bpd__unspec__past_dx,ses-04A,parent,bpd,past,0,0,0,8400
mh_p_ksads__bpd__unspec__past_dx,ses-05A,parent,bpd,past,0,0,0,8056
mh_p_ksads__bpd__unspec__past_dx,ses-06A,parent,bpd,past,0,0,0,9284
mh_p_ksads__bpd__unspec__past_dx,ses-07A,parent,bpd,past,0,0,0,8321
mh_p_ksads__bpd__unspec__pres_dx,ses-00A,parent,bpd,present,42,11663,0,14
mh_p_ksads__bpd__unspec__pres_dx,ses-01A,parent,bpd,present,0,0,11074,1
mh_p_ksads__bpd__unspec__pres_dx,ses-02A,parent,bpd,present,20,10719,0,4
mh_p_ksads__bpd__unspec__pres_dx,ses-03A,parent,bpd,present,0,0,0,9990
mh_p_ksads__bpd__unspec__pres_dx,ses-04A,parent,bpd,present,0,0,0,8400
mh_p_ksads__bpd__unspec__pres_dx,ses-05A,parent,bpd,present,0,0,0,8056
mh_p_ksads__bpd__unspec__pres_dx,ses-06A,parent,bpd,present,0,0,0,9284
mh_p_ksads__bpd__unspec__pres_dx,ses-07A,parent,bpd,present,0,0,0,8321
mh_p_ksads__cond__onset__adoles__past_dx,ses-00A,parent,cond,past,23,11682,0,14
mh_p_ksads__cond__onset__adoles__past_dx,ses-01A,parent,cond,past,7,11067,0,9
mh_p_ksads__cond__onset__adoles__past_dx,ses-02A,parent,cond,past,15,10724,0,4
mh_p_ksads__cond__onset__adoles__past_dx,ses-03A,parent,cond,past,14,9976,0,6
mh_p_ksads__cond__onset__adoles__past_dx,ses-04A,parent,cond,past,9,8391,0,0
mh_p_ksads__cond__onset__adoles__past_dx,ses-05A,parent,cond,past,0,0,8056,0
mh_p_ksads__cond__onset__adoles__past_dx,ses-06A,parent,cond,past,24,9260,0,0
mh_p_ksads__cond__onset__adoles__past_dx,ses-07A,parent,cond,past,30,8291,0,0
mh_p_ksads__cond__onset__adoles__pres_dx,ses-00A,parent,cond,present,41,11664,0,14
mh_p_ksads__cond__onset__adoles__pres_dx,ses-01A,parent,cond,present,110,10964,0,9
mh_p_ksads__cond__onset__adoles__pres_dx,ses-02A,parent,cond,present,122,10617,0,4
mh_p_ksads__cond__onset__adoles__pres_dx,ses-03A,parent,cond,present,120,9870,0,6
mh_p_ksads__cond__onset__adoles__pres_dx,ses-04A,parent,cond,present,74,8326,0,0
mh_p_ksads__cond__onset__adoles__pres_dx,ses-05A,parent,cond,present,0,0,8056,0
mh_p_ksads__cond__onset__adoles__pres_dx,ses-06A,parent,cond,present,123,9161,0,0
mh_p_ksads__cond__onset__adoles__pres_dx,ses-07A,parent,cond,present,113,8208,0,0
mh_p_ksads__cond__onset__chld__past_dx,ses-00A,parent,cond,past,118,11587,0,14
mh_p_ksads__cond__onset__chld__past_dx,ses-01A,parent,cond,past,16,11058,0,9
mh_p_ksads__cond__onset__chld__past_dx,ses-02A,parent,cond,past,43,10696,0,4
mh_p_ksads__cond__onset__chld__past_dx,ses-03A,parent,cond,past,54,9936,0,6
mh_p_ksads__cond__onset__chld__past_dx,ses-04A,parent,cond,past,63,8337,0,0
mh_p_ksads__cond__onset__chld__past_dx,ses-05A,parent,cond,past,0,0,8056,0
mh_p_ksads__cond__onset__chld__past_dx,ses-06A,parent,cond,past,101,9183,0,0
mh_p_ksads__cond__onset__chld__past_dx,ses-07A,parent,cond,past,77,8244,0,0
mh_p_ksads__cond__onset__chld__pres_dx,ses-00A,parent,cond,present,333,11372,0,14
mh_p_ksads__cond__onset__chld__pres_dx,ses-01A,parent,cond,present,207,10867,0,9
mh_p_ksads__cond__onset__chld__pres_dx,ses-02A,parent,cond,present,90,10649,0,4
mh_p_ksads__cond__onset__chld__pres_dx,ses-03A,parent,cond,present,99,9891,0,6
mh_p_ksads__cond__onset__chld__pres_dx,ses-04A,parent,cond,present,114,8286,0,0
mh_p_ksads__cond__onset__chld__pres_dx,ses-05A,parent,cond,present,0,0,8056,0
mh_p_ksads__cond__onset__chld__pres_dx,ses-06A,parent,cond,present,141,9143,0,0
mh_p_ksads__cond__onset__chld__pres_dx,ses-07A,parent,cond,present,132,8189,0,0
mh_p_ksads__dep__mdd__partrem_dx,ses-00A,parent,dep,partial_remission,19,11686,0,14
mh_p_ksads__dep__mdd__partrem_dx,ses-01A,parent,dep,partial_remission,0,0,11074,1
mh_p_ksads__dep__mdd__partrem_dx,ses-02A,parent,dep,partial_remission,44,10695,0,4
mh_p_ksads__dep__mdd__partrem_dx,ses-03A,parent,dep,partial_remission,0,0,9990,0
mh_p_ksads__dep__mdd__partrem_dx,ses-04A,parent,dep,partial_remission,384,8016,0,0
mh_p_ksads__dep__mdd__partrem_dx,ses-05A,parent,dep,partial_remission,0,0,8056,0
mh_p_ksads__dep__mdd__partrem_dx,ses-06A,parent,dep,partial_remission,548,8736,0,0
mh_p_ksads__dep__mdd__partrem_dx,ses-07A,parent,dep,partial_remission,0,0,8321,0
mh_p_ksads__dep__mdd__past_dx,ses-00A,parent,dep,past,293,11412,0,14
mh_p_ksads__dep__mdd__past_dx,ses-01A,parent,dep,past,0,0,11074,1
mh_p_ksads__dep__mdd__past_dx,ses-02A,parent,dep,past,359,10380,0,4
mh_p_ksads__dep__mdd__past_dx,ses-03A,parent,dep,past,0,0,9990,0
mh_p_ksads__dep__mdd__past_dx,ses-04A,parent,dep,past,142,8258,0,0
mh_p_ksads__dep__mdd__past_dx,ses-05A,parent,dep,past,0,0,8056,0
mh_p_ksads__dep__mdd__past_dx,ses-06A,parent,dep,past,247,9037,0,0
mh_p_ksads__dep__mdd__past_dx,ses-07A,parent,dep,past,0,0,8321,0
mh_p_ksads__dep__mdd__pres_dx,ses-00A,parent,dep,present,23,11682,0,14
mh_p_ksads__dep__mdd__pres_dx,ses-01A,parent,dep,present,0,0,11074,1
mh_p_ksads__dep__mdd__pres_dx,ses-02A,parent,dep,present,41,10698,0,4
mh_p_ksads__dep__mdd__pres_dx,ses-03A,parent,dep,present,0,0,9990,0
mh_p_ksads__dep__mdd__pres_dx,ses-04A,parent,dep,present,80,8320,0,0
mh_p_ksads__dep__mdd__pres_dx,ses-05A,parent,dep,present,0,0,8056,0
mh_p_ksads__dep__mdd__pres_dx,ses-06A,parent,dep,present,96,9188,0,0
mh_p_ksads__dep__mdd__pres_dx,ses-07A,parent,dep,present,0,0,8321,0
mh_p_ksads__dep__pdd__oth__pres_dx,ses-00A,parent,dep,present,0,0,0,11719
mh_p_ksads__dep__pdd__oth__pres_dx,ses-01A,parent,dep,present,0,0,0,11075
mh_p_ksads__dep__pdd__oth__pres_dx,ses-02A,parent,dep,present,0,0,0,10743
mh_p_ksads__dep__pdd__oth__pres_dx,ses-03A,parent,dep,present,0,0,9990,0
mh_p_ksads__dep__pdd__oth__pres_dx,ses-04A,parent,dep,present,1,8399,0,0
mh_p_ksads__dep__pdd__oth__pres_dx,ses-05A,parent,dep,present,0,0,8056,0
mh_p_ksads__dep__pdd__oth__pres_dx,ses-06A,parent,dep,present,3,9281,0,0
mh_p_ksads__dep__pdd__oth__pres_dx,ses-07A,parent,dep,present,0,0,8321,0
mh_p_ksads__dep__pdd__partrem_dx,ses-00A,parent,dep,partial_remission,0,11705,0,14
mh_p_ksads__dep__pdd__partrem_dx,ses-01A,parent,dep,partial_remission,0,0,11074,1
mh_p_ksads__dep__pdd__partrem_dx,ses-02A,parent,dep,partial_remission,0,10739,0,4
mh_p_ksads__dep__pdd__partrem_dx,ses-03A,parent,dep,partial_remission,0,0,9990,0
mh_p_ksads__dep__pdd__partrem_dx,ses-04A,parent,dep,partial_remission,6,8394,0,0
mh_p_ksads__dep__pdd__partrem_dx,ses-05A,parent,dep,partial_remission,0,0,8056,0
mh_p_ksads__dep__pdd__partrem_dx,ses-06A,parent,dep,partial_remission,6,9278,0,0
mh_p_ksads__dep__pdd__partrem_dx,ses-07A,parent,dep,partial_remission,0,0,8321,0
mh_p_ksads__dep__pdd__past_dx,ses-00A,parent,dep,past,17,11688,0,14
mh_p_ksads__dep__pdd__past_dx,ses-01A,parent,dep,past,0,0,11074,1
mh_p_ksads__dep__pdd__past_dx,ses-02A,parent,dep,past,26,10713,0,4
mh_p_ksads__dep__pdd__past_dx,ses-03A,parent,dep,past,0,0,9990,0
mh_p_ksads__dep__pdd__past_dx,ses-04A,parent,dep,past,16,8384,0,0
mh_p_ksads__dep__pdd__past_dx,ses-05A,parent,dep,past,0,0,8056,0
mh_p_ksads__dep__pdd__past_dx,ses-06A,parent,dep,past,17,9267,0,0
mh_p_ksads__dep__pdd__past_dx,ses-07A,parent,dep,past,0,0,8321,0
mh_p_ksads__dep__pdd__pres_dx,ses-00A,parent,dep,present,0,11705,0,14
mh_p_ksads__dep__pdd__pres_dx,ses-01A,parent,dep,present,0,0,11074,1
mh_p_ksads__dep__pdd__pres_dx,ses-02A,parent,dep,present,0,10739,0,4
mh_p_ksads__dep__pdd__pres_dx,ses-03A,parent,dep,present,0,0,9990,0
mh_p_ksads__dep__pdd__pres_dx,ses-04A,parent,dep,present,34,8366,0,0
mh_p_ksads__dep__pdd__pres_dx,ses-05A,parent,dep,present,0,0,8056,0
mh_p_ksads__dep__pdd__pres_dx,ses-06A,parent,dep,present,46,9238,0,0
mh_p_ksads__dep__pdd__pres_dx,ses-07A,parent,dep,present,0,0,8321,0
mh_p_ksads__dep__unspec__past_dx,ses-00A,parent,dep,past,416,11289,0,14
mh_p_ksads__dep__unspec__past_dx,ses-01A,parent,dep,past,0,0,11074,1
mh_p_ksads__dep__unspec__past_dx,ses-02A,parent,dep,past,423,10316,0,4
mh_p_ksads__dep__unspec__past_dx,ses-03A,parent,dep,past,0,0,0,9990
mh_p_ksads__dep__unspec__past_dx,ses-04A,parent,dep,past,0,0,0,8400
mh_p_ksads__dep__unspec__past_dx,ses-05A,parent,dep,past,0,0,0,8056
mh_p_ksads__dep__unspec__past_dx,ses-06A,parent,dep,past,0,0,0,9284
mh_p_ksads__dep__unspec__past_dx,ses-07A,parent,dep,past,0,0,0,8321
mh_p_ksads__dep__unspec__pres_dx,ses-00A,parent,dep,present,14,11691,0,14
mh_p_ksads__dep__unspec__pres_dx,ses-01A,parent,dep,present,0,0,11074,1
mh_p_ksads__dep__unspec__pres_dx,ses-02A,parent,dep,present,0,10739,0,4
mh_p_ksads__dep__unspec__pres_dx,ses-03A,parent,dep,present,0,0,0,9990
mh_p_ksads__dep__unspec__pres_dx,ses-04A,parent,dep,present,0,0,0,8400
mh_p_ksads__dep__unspec__pres_dx,ses-05A,parent,dep,present,0,0,0,8056
mh_p_ksads__dep__unspec__pres_dx,ses-06A,parent,dep,present,0,0,0,9284
mh_p_ksads__dep__unspec__pres_dx,ses-07A,parent,dep,present,0,0,0,8321
mh_p_ksads__dmdd__dmdd__pres_dx,ses-00A,parent,dmdd,present,8,11697,0,3
mh_p_ksads__dmdd__dmdd__pres_dx,ses-01A,parent,dmdd,present,0,0,11074,0
mh_p_ksads__dmdd__dmdd__pres_dx,ses-02A,parent,dmdd,present,3,10736,0,1
mh_p_ksads__dmdd__dmdd__pres_dx,ses-03A,parent,dmdd,present,0,0,9990,0
mh_p_ksads__dmdd__dmdd__pres_dx,ses-04A,parent,dmdd,present,40,8360,0,0
mh_p_ksads__dmdd__dmdd__pres_dx,ses-05A,parent,dmdd,present,0,0,8056,0
mh_p_ksads__dmdd__dmdd__pres_dx,ses-06A,parent,dmdd,present,20,9264,0,0
mh_p_ksads__dmdd__dmdd__pres_dx,ses-07A,parent,dmdd,present,0,0,8321,0
mh_p_ksads__ed__an__bingeprg__partrem_dx,ses-00A,parent,ed,partial_remission,0,11705,0,14
mh_p_ksads__ed__an__bingeprg__partrem_dx,ses-01A,parent,ed,partial_remission,1,11073,0,9
mh_p_ksads__ed__an__bingeprg__partrem_dx,ses-02A,parent,ed,partial_remission,0,10739,0,4
mh_p_ksads__ed__an__bingeprg__partrem_dx,ses-03A,parent,ed,partial_remission,0,9990,0,6
mh_p_ksads__ed__an__bingeprg__partrem_dx,ses-04A,parent,ed,partial_remission,0,8400,0,0
mh_p_ksads__ed__an__bingeprg__partrem_dx,ses-05A,parent,ed,partial_remission,0,0,8056,0
mh_p_ksads__ed__an__bingeprg__partrem_dx,ses-06A,parent,ed,partial_remission,0,9284,0,0
mh_p_ksads__ed__an__bingeprg__partrem_dx,ses-07A,parent,ed,partial_remission,0,8321,0,0
mh_p_ksads__ed__an__bingeprg__past_dx,ses-00A,parent,ed,past,0,11705,0,14
mh_p_ksads__ed__an__bingeprg__past_dx,ses-01A,parent,ed,past,0,11074,0,9
mh_p_ksads__ed__an__bingeprg__past_dx,ses-02A,parent,ed,past,0,10739,0,4
mh_p_ksads__ed__an__bingeprg__past_dx,ses-03A,parent,ed,past,0,9990,0,6
mh_p_ksads__ed__an__bingeprg__past_dx,ses-04A,parent,ed,past,0,8400,0,0
mh_p_ksads__ed__an__bingeprg__past_dx,ses-05A,parent,ed,past,0,0,8056,0
mh_p_ksads__ed__an__bingeprg__past_dx,ses-06A,parent,ed,past,1,9283,0,0
mh_p_ksads__ed__an__bingeprg__past_dx,ses-07A,parent,ed,past,1,8320,0,0
mh_p_ksads__ed__an__bingeprg__pres_dx,ses-00A,parent,ed,present,0,11705,0,14
mh_p_ksads__ed__an__bingeprg__pres_dx,ses-01A,parent,ed,present,0,11074,0,9
mh_p_ksads__ed__an__bingeprg__pres_dx,ses-02A,parent,ed,present,1,10738,0,4
mh_p_ksads__ed__an__bingeprg__pres_dx,ses-03A,parent,ed,present,2,9988,0,6
mh_p_ksads__ed__an__bingeprg__pres_dx,ses-04A,parent,ed,present,3,8397,0,0
mh_p_ksads__ed__an__bingeprg__pres_dx,ses-05A,parent,ed,present,0,0,8056,0
mh_p_ksads__ed__an__bingeprg__pres_dx,ses-06A,parent,ed,present,6,9278,0,0
mh_p_ksads__ed__an__bingeprg__pres_dx,ses-07A,parent,ed,present,2,8319,0,0
mh_p_ksads__ed__an__oth__past_dx,ses-00A,parent,ed,past,13,11692,0,14
mh_p_ksads__ed__an__oth__past_dx,ses-01A,parent,ed,past,19,11055,0,9
mh_p_ksads__ed__an__oth__past_dx,ses-02A,parent,ed,past,20,10719,0,4
mh_p_ksads__ed__an__oth__past_dx,ses-03A,parent,ed,past,119,9871,0,6
mh_p_ksads__ed__an__oth__past_dx,ses-04A,parent,ed,past,136,8264,0,0
mh_p_ksads__ed__an__oth__past_dx,ses-05A,parent,ed,past,2,0,8054,0
mh_p_ksads__ed__an__oth__past_dx,ses-06A,parent,ed,past,177,9107,0,0
mh_p_ksads__ed__an__oth__past_dx,ses-07A,parent,ed,past,191,8130,0,0
mh_p_ksads__ed__an__oth__pres_dx,ses-00A,parent,ed,present,2,11703,0,14
mh_p_ksads__ed__an__oth__pres_dx,ses-01A,parent,ed,present,3,11071,0,9
mh_p_ksads__ed__an__oth__pres_dx,ses-02A,parent,ed,present,5,10734,0,4
mh_p_ksads__ed__an__oth__pres_dx,ses-03A,parent,ed,present,247,9743,0,6
mh_p_ksads__ed__an__oth__pres_dx,ses-04A,parent,ed,present,251,8149,0,0
mh_p_ksads__ed__an__oth__pres_dx,ses-05A,parent,ed,present,1,0,8055,0
mh_p_ksads__ed__an__oth__pres_dx,ses-06A,parent,ed,present,293,8991,0,0
mh_p_ksads__ed__an__oth__pres_dx,ses-07A,parent,ed,present,250,8071,0,0
mh_p_ksads__ed__an__restrict__partrem_dx,ses-00A,parent,ed,partial_remission,0,11705,0,14
mh_p_ksads__ed__an__restrict__partrem_dx,ses-01A,parent,ed,partial_remission,0,11074,0,9
mh_p_ksads__ed__an__restrict__partrem_dx,ses-02A,parent,ed,partial_remission,0,10739,0,4
mh_p_ksads__ed__an__restrict__partrem_dx,ses-03A,parent,ed,partial_remission,0,9990,0,6
mh_p_ksads__ed__an__restrict__partrem_dx,ses-04A,parent,ed,partial_remission,0,8400,0,0
mh_p_ksads__ed__an__restrict__partrem_dx,ses-05A,parent,ed,partial_remission,0,0,8056,0
mh_p_ksads__ed__an__restrict__partrem_dx,ses-06A,parent,ed,partial_remission,2,9282,0,0
mh_p_ksads__ed__an__restrict__partrem_dx,ses-07A,parent,ed,partial_remission,1,8320,0,0
mh_p_ksads__ed__an__restrict__past_dx,ses-00A,parent,ed,past,0,11705,0,14
mh_p_ksads__ed__an__restrict__past_dx,ses-01A,parent,ed,past,0,11074,0,9
mh_p_ksads__ed__an__restrict__past_dx,ses-02A,parent,ed,past,0,10739,0,4
mh_p_ksads__ed__an__restrict__past_dx,ses-03A,parent,ed,past,1,9989,0,6
mh_p_ksads__ed__an__restrict__past_dx,ses-04A,parent,ed,past,5,8395,0,0
mh_p_ksads__ed__an__restrict__past_dx,ses-05A,parent,ed,past,0,0,8056,0
mh_p_ksads__ed__an__restrict__past_dx,ses-06A,parent,ed,past,4,9280,0,0
mh_p_ksads__ed__an__restrict__past_dx,ses-07A,parent,ed,past,10,8311,0,0
mh_p_ksads__ed__an__restrict__pres_dx,ses-00A,parent,ed,present,0,11705,0,14
mh_p_ksads__ed__an__restrict__pres_dx,ses-01A,parent,ed,present,0,11074,0,9
mh_p_ksads__ed__an__restrict__pres_dx,ses-02A,parent,ed,present,0,10739,0,4
mh_p_ksads__ed__an__restrict__pres_dx,ses-03A,parent,ed,present,1,9989,0,6
mh_p_ksads__ed__an__restrict__pres_dx,ses-04A,parent,ed,present,9,8391,0,0
mh_p_ksads__ed__an__restrict__pres_dx,ses-05A,parent,ed,present,0,0,8056,0
mh_p_ksads__ed__an__restrict__pres_dx,ses-06A,parent,ed,present,10,9274,0,0
mh_p_ksads__ed__an__restrict__pres_dx,ses-07A,parent,ed,present,15,8306,0,0
mh_p_ksads__ed__binge__oth__mindur__past_dx,ses-00A,parent,ed,past,19,11686,0,14
mh_p_ksads__ed__binge__oth__mindur__past_dx,ses-01A,parent,ed,past,28,11046,0,9
mh_p_ksads__ed__binge__oth__mindur__past_dx,ses-02A,parent,ed,past,14,10725,0,4
mh_p_ksads__ed__binge__oth__mindur__past_dx,ses-03A,parent,ed,past,8,9982,0,6
mh_p_ksads__ed__binge__oth__mindur__past_dx,ses-04A,parent,ed,past,5,8395,0,0
mh_p_ksads__ed__binge__oth__mindur__past_dx,ses-05A,parent,ed,past,0,0,8056,0
mh_p_ksads__ed__binge__oth__mindur__past_dx,ses-06A,parent,ed,past,3,9281,0,0
mh_p_ksads__ed__binge__oth__mindur__past_dx,ses-07A,parent,ed,past,1,8320,0,0
mh_p_ksads__ed__binge__oth__mindur__pres_dx,ses-00A,parent,ed,present,4,11701,0,14
mh_p_ksads__ed__binge__oth__mindur__pres_dx,ses-01A,parent,ed,present,6,11068,0,9
mh_p_ksads__ed__binge__oth__mindur__pres_dx,ses-02A,parent,ed,present,8,10731,0,4
mh_p_ksads__ed__binge__oth__mindur__pres_dx,ses-03A,parent,ed,present,11,9979,0,6
mh_p_ksads__ed__binge__oth__mindur__pres_dx,ses-04A,parent,ed,present,33,8367,0,0
mh_p_ksads__ed__binge__oth__mindur__pres_dx,ses-05A,parent,ed,present,0,0,8056,0
mh_p_ksads__ed__binge__oth__mindur__pres_dx,ses-06A,parent,ed,present,3,9281,0,0
mh_p_ksads__ed__binge__oth__mindur__pres_dx,ses-07A,parent,ed,present,3,8318,0,0
mh_p_ksads__ed__binge__partrem_dx,ses-00A,parent,ed,partial_remission,0,11705,0,14
mh_p_ksads__ed__binge__partrem_dx,ses-01A,parent,ed,partial_remission,0,11074,0,9
mh_p_ksads__ed__binge__partrem_dx,ses-02A,parent,ed,partial_remission,0,10739,0,4
mh_p_ksads__ed__binge__partrem_dx,ses-03A,parent,ed,partial_remission,0,0,0,9996
mh_p_ksads__ed__binge__partrem_dx,ses-04A,parent,ed,partial_remission,0,0,0,8400
mh_p_ksads__ed__binge__partrem_dx,ses-05A,parent,ed,partial_remission,0,0,0,8056
mh_p_ksads__ed__binge__partrem_dx,ses-06A,parent,ed,partial_remission,0,0,0,9284
mh_p_ksads__ed__binge__partrem_dx,ses-07A,parent,ed,partial_remission,0,0,0,8321
mh_p_ksads__ed__binge__past_dx,ses-00A,parent,ed,past,43,11662,0,14
mh_p_ksads__ed__binge__past_dx,ses-01A,parent,ed,past,67,11007,0,9
mh_p_ksads__ed__binge__past_dx,ses-02A,parent,ed,past,54,10685,0,4
mh_p_ksads__ed__binge__past_dx,ses-03A,parent,ed,past,3,9987,0,6
mh_p_ksads__ed__binge__past_dx,ses-04A,parent,ed,past,6,8394,0,0
mh_p_ksads__ed__binge__past_dx,ses-05A,parent,ed,past,0,0,8056,0
mh_p_ksads__ed__binge__past_dx,ses-06A,parent,ed,past,10,9274,0,0
mh_p_ksads__ed__binge__past_dx,ses-07A,parent,ed,past,5,8316,0,0
mh_p_ksads__ed__binge__pres_dx,ses-00A,parent,ed,present,75,11630,0,14
mh_p_ksads__ed__binge__pres_dx,ses-01A,parent,ed,present,106,10968,0,9
mh_p_ksads__ed__binge__pres_dx,ses-02A,parent,ed,present,108,10631,0,4
mh_p_ksads__ed__binge__pres_dx,ses-03A,parent,ed,present,72,9918,0,6
mh_p_ksads__ed__binge__pres_dx,ses-04A,parent,ed,present,67,8333,0,0
mh_p_ksads__ed__binge__pres_dx,ses-05A,parent,ed,present,0,0,8056,0
mh_p_ksads__ed__binge__pres_dx,ses-06A,parent,ed,present,75,9209,0,0
mh_p_ksads__ed__binge__pres_dx,ses-07A,parent,ed,present,62,8259,0,0
mh_p_ksads__ed__bulim__oth__mindur__past_dx,ses-00A,parent,ed,past,0,11705,0,14
mh_p_ksads__ed__bulim__oth__mindur__past_dx,ses-01A,parent,ed,past,3,11071,0,9
mh_p_ksads__ed__bulim__oth__mindur__past_dx,ses-02A,parent,ed,past,0,10739,0,4
mh_p_ksads__ed__bulim__oth__mindur__past_dx,ses-03A,parent,ed,past,1,9989,0,6
mh_p_ksads__ed__bulim__oth__mindur__past_dx,ses-04A,parent,ed,past,0,8400,0,0
mh_p_ksads__ed__bulim__oth__mindur__past_dx,ses-05A,parent,ed,past,0,0,8056,0
mh_p_ksads__ed__bulim__oth__mindur__past_dx,ses-06A,parent,ed,past,1,9283,0,0
mh_p_ksads__ed__bulim__oth__mindur__past_dx,ses-07A,parent,ed,past,2,8319,0,0
mh_p_ksads__ed__bulim__oth__mindur__pres_dx,ses-00A,parent,ed,present,7,11698,0,14
mh_p_ksads__ed__bulim__oth__mindur__pres_dx,ses-01A,parent,ed,present,5,11069,0,9
mh_p_ksads__ed__bulim__oth__mindur__pres_dx,ses-02A,parent,ed,present,5,10734,0,4
mh_p_ksads__ed__bulim__oth__mindur__pres_dx,ses-03A,parent,ed,present,7,9983,0,6
mh_p_ksads__ed__bulim__oth__mindur__pres_dx,ses-04A,parent,ed,present,9,8391,0,0
mh_p_ksads__ed__bulim__oth__mindur__pres_dx,ses-05A,parent,ed,present,0,0,8056,0
mh_p_ksads__ed__bulim__oth__mindur__pres_dx,ses-06A,parent,ed,present,18,9266,0,0
mh_p_ksads__ed__bulim__oth__mindur__pres_dx,ses-07A,parent,ed,present,16,8305,0,0
mh_p_ksads__ed__bulim__partrem_dx,ses-00A,parent,ed,partial_remission,0,11705,0,14
mh_p_ksads__ed__bulim__partrem_dx,ses-01A,parent,ed,partial_remission,0,11074,0,9
mh_p_ksads__ed__bulim__partrem_dx,ses-02A,parent,ed,partial_remission,0,10739,0,4
mh_p_ksads__ed__bulim__partrem_dx,ses-03A,parent,ed,partial_remission,0,9990,0,6
mh_p_ksads__ed__bulim__partrem_dx,ses-04A,parent,ed,partial_remission,0,8400,0,0
mh_p_ksads__ed__bulim__partrem_dx,ses-05A,parent,ed,partial_remission,0,0,8056,0
mh_p_ksads__ed__bulim__partrem_dx,ses-06A,parent,ed,partial_remission,0,9284,0,0
mh_p_ksads__ed__bulim__partrem_dx,ses-07A,parent,ed,partial_remission,0,8321,0,0
mh_p_ksads__ed__bulim__past_dx,ses-00A,parent,ed,past,1,11704,0,14
mh_p_ksads__ed__bulim__past_dx,ses-01A,parent,ed,past,3,11071,0,9
mh_p_ksads__ed__bulim__past_dx,ses-02A,parent,ed,past,3,10736,0,4
mh_p_ksads__ed__bulim__past_dx,ses-03A,parent,ed,past,0,9990,0,6
mh_p_ksads__ed__bulim__past_dx,ses-04A,parent,ed,past,0,8400,0,0
mh_p_ksads__ed__bulim__past_dx,ses-05A,parent,ed,past,0,0,8056,0
mh_p_ksads__ed__bulim__past_dx,ses-06A,parent,ed,past,2,9282,0,0
mh_p_ksads__ed__bulim__past_dx,ses-07A,parent,ed,past,2,8319,0,0
mh_p_ksads__ed__bulim__pres_dx,ses-00A,parent,ed,present,6,11699,0,14
mh_p_ksads__ed__bulim__pres_dx,ses-01A,parent,ed,present,6,11068,0,9
mh_p_ksads__ed__bulim__pres_dx,ses-02A,parent,ed,present,9,10730,0,4
mh_p_ksads__ed__bulim__pres_dx,ses-03A,parent,ed,present,8,9982,0,6
mh_p_ksads__ed__bulim__pres_dx,ses-04A,parent,ed,present,15,8385,0,0
mh_p_ksads__ed__bulim__pres_dx,ses-05A,parent,ed,present,0,0,8056,0
mh_p_ksads__ed__bulim__pres_dx,ses-06A,parent,ed,present,18,9266,0,0
mh_p_ksads__ed__bulim__pres_dx,ses-07A,parent,ed,present,19,8302,0,0
mh_p_ksads__gad__oth__mindur__past_dx,ses-00A,parent,gad,past,225,11480,0,14
mh_p_ksads__gad__oth__mindur__past_dx,ses-01A,parent,gad,past,0,0,11074,1
mh_p_ksads__gad__oth__mindur__past_dx,ses-02A,parent,gad,past,215,10524,0,4
mh_p_ksads__gad__oth__mindur__past_dx,ses-03A,parent,gad,past,0,0,9990,0
mh_p_ksads__gad__oth__mindur__past_dx,ses-04A,parent,gad,past,214,8186,0,0
mh_p_ksads__gad__oth__mindur__past_dx,ses-05A,parent,gad,past,0,0,8056,0
mh_p_ksads__gad__oth__mindur__past_dx,ses-06A,parent,gad,past,250,9034,0,0
mh_p_ksads__gad__oth__mindur__past_dx,ses-07A,parent,gad,past,0,0,8321,0
mh_p_ksads__gad__oth__mindur__pres_dx,ses-00A,parent,gad,present,11,11694,0,14
mh_p_ksads__gad__oth__mindur__pres_dx,ses-01A,parent,gad,present,0,0,11074,1
mh_p_ksads__gad__oth__mindur__pres_dx,ses-02A,parent,gad,present,22,10717,0,4
mh_p_ksads__gad__oth__mindur__pres_dx,ses-03A,parent,gad,present,0,0,9990,0
mh_p_ksads__gad__oth__mindur__pres_dx,ses-04A,parent,gad,present,12,8388,0,0
mh_p_ksads__gad__oth__mindur__pres_dx,ses-05A,parent,gad,present,0,0,8056,0
mh_p_ksads__gad__oth__mindur__pres_dx,ses-06A,parent,gad,present,11,9273,0,0
mh_p_ksads__gad__oth__mindur__pres_dx,ses-07A,parent,gad,present,0,0,8321,0
mh_p_ksads__gad__past_dx,ses-00A,parent,gad,past,440,11265,0,14
mh_p_ksads__gad__past_dx,ses-01A,parent,gad,past,0,0,11074,1
mh_p_ksads__gad__past_dx,ses-02A,parent,gad,past,416,10323,0,4
mh_p_ksads__gad__past_dx,ses-03A,parent,gad,past,0,0,9990,0
mh_p_ksads__gad__past_dx,ses-04A,parent,gad,past,268,8132,0,0
mh_p_ksads__gad__past_dx,ses-05A,parent,gad,past,0,0,8056,0
mh_p_ksads__gad__past_dx,ses-06A,parent,gad,past,348,8936,0,0
mh_p_ksads__gad__past_dx,ses-07A,parent,gad,past,0,0,8321,0
mh_p_ksads__gad__pres_dx,ses-00A,parent,gad,present,128,11577,0,14
mh_p_ksads__gad__pres_dx,ses-01A,parent,gad,present,0,0,11074,1
mh_p_ksads__gad__pres_dx,ses-02A,parent,gad,present,110,10629,0,4
mh_p_ksads__gad__pres_dx,ses-03A,parent,gad,present,0,0,9990,0
mh_p_ksads__gad__pres_dx,ses-04A,parent,gad,present,109,8291,0,0
mh_p_ksads__gad__pres_dx,ses-05A,parent,gad,present,0,0,8056,0
mh_p_ksads__gad__pres_dx,ses-06A,parent,gad,present,115,9169,0,0
mh_p_ksads__gad__pres_dx,ses-07A,parent,gad,present,0,0,8321,0
mh_p_ksads__hom__past_dx,ses-00A,parent,hom,past,45,11660,0,14
mh_p_ksads__hom__past_dx,ses-01A,parent,hom,past,0,0,11074,1
mh_p_ksads__hom__past_dx,ses-02A,parent,hom,past,37,10702,0,4
mh_p_ksads__hom__past_dx,ses-03A,parent,hom,past,0,0,9990,0
mh_p_ksads__hom__past_dx,ses-04A,parent,hom,past,35,8365,0,0
mh_p_ksads__hom__past_dx,ses-05A,parent,hom,past,0,0,8056,0
mh_p_ksads__hom__past_dx,ses-06A,parent,hom,past,40,9244,0,0
mh_p_ksads__hom__past_dx,ses-07A,parent,hom,past,0,0,8321,0
mh_p_ksads__hom__pres_dx,ses-00A,parent,hom,present,37,11668,0,14
mh_p_ksads__hom__pres_dx,ses-01A,parent,hom,present,0,0,11074,1
mh_p_ksads__hom__pres_dx,ses-02A,parent,hom,present,42,10697,0,4
mh_p_ksads__hom__pres_dx,ses-03A,parent,hom,present,0,0,9990,0
mh_p_ksads__hom__pres_dx,ses-04A,parent,hom,present,30,8370,0,0
mh_p_ksads__hom__pres_dx,ses-05A,parent,hom,present,0,0,8056,0
mh_p_ksads__hom__pres_dx,ses-06A,parent,hom,present,36,9248,0,0
mh_p_ksads__hom__pres_dx,ses-07A,parent,hom,present,0,0,8321,0
mh_p_ksads__ocd__oth__past_dx,ses-00A,parent,ocd,past,126,11579,0,14
mh_p_ksads__ocd__oth__past_dx,ses-01A,parent,ocd,past,0,0,11074,1
mh_p_ksads__ocd__oth__past_dx,ses-02A,parent,ocd,past,71,10668,0,4
mh_p_ksads__ocd__oth__past_dx,ses-03A,parent,ocd,past,0,0,9990,0
mh_p_ksads__ocd__oth__past_dx,ses-04A,parent,ocd,past,6,8394,0,0
mh_p_ksads__ocd__oth__past_dx,ses-05A,parent,ocd,past,0,0,8056,0
mh_p_ksads__ocd__oth__past_dx,ses-06A,parent,ocd,past,4,9280,0,0
mh_p_ksads__ocd__oth__past_dx,ses-07A,parent,ocd,past,0,0,8321,0
mh_p_ksads__ocd__oth__pres_dx,ses-00A,parent,ocd,present,110,11595,0,14
mh_p_ksads__ocd__oth__pres_dx,ses-01A,parent,ocd,present,0,0,11074,1
mh_p_ksads__ocd__oth__pres_dx,ses-02A,parent,ocd,present,95,10644,0,4
mh_p_ksads__ocd__oth__pres_dx,ses-03A,parent,ocd,present,0,0,9990,0
mh_p_ksads__ocd__oth__pres_dx,ses-04A,parent,ocd,present,10,8390,0,0
mh_p_ksads__ocd__oth__pres_dx,ses-05A,parent,ocd,present,0,0,8056,0
mh_p_ksads__ocd__oth__pres_dx,ses-06A,parent,ocd,present,12,9272,0,0
mh_p_ksads__ocd__oth__pres_dx,ses-07A,parent,ocd,present,0,0,8321,0
mh_p_ksads__ocd__past_dx,ses-00A,parent,ocd,past,500,11205,0,14
mh_p_ksads__ocd__past_dx,ses-01A,parent,ocd,past,0,0,11074,1
mh_p_ksads__ocd__past_dx,ses-02A,parent,ocd,past,383,10356,0,4
mh_p_ksads__ocd__past_dx,ses-03A,parent,ocd,past,0,0,9990,0
mh_p_ksads__ocd__past_dx,ses-04A,parent,ocd,past,86,8314,0,0
mh_p_ksads__ocd__past_dx,ses-05A,parent,ocd,past,0,0,8056,0
mh_p_ksads__ocd__past_dx,ses-06A,parent,ocd,past,106,9178,0,0
mh_p_ksads__ocd__past_dx,ses-07A,parent,ocd,past,0,0,8321,0
mh_p_ksads__ocd__pres_dx,ses-00A,parent,ocd,present,897,10808,0,14
mh_p_ksads__ocd__pres_dx,ses-01A,parent,ocd,present,0,0,11074,1
mh_p_ksads__ocd__pres_dx,ses-02A,parent,ocd,present,661,10078,0,4
mh_p_ksads__ocd__pres_dx,ses-03A,parent,ocd,present,0,0,9990,0
mh_p_ksads__ocd__pres_dx,ses-04A,parent,ocd,present,214,8186,0,0
mh_p_ksads__ocd__pres_dx,ses-05A,parent,ocd,present,0,0,8056,0
mh_p_ksads__ocd__pres_dx,ses-06A,parent,ocd,present,241,9043,0,0
mh_p_ksads__ocd__pres_dx,ses-07A,parent,ocd,present,0,0,8321,0
mh_p_ksads__odd__past_dx,ses-00A,parent,odd,past,1067,10638,0,14
mh_p_ksads__odd__past_dx,ses-01A,parent,odd,past,1242,9832,0,9
mh_p_ksads__odd__past_dx,ses-02A,parent,odd,past,922,9817,0,4
mh_p_ksads__odd__past_dx,ses-03A,parent,odd,past,0,0,9990,0
mh_p_ksads__odd__past_dx,ses-04A,parent,odd,past,78,8322,0,0
mh_p_ksads__odd__past_dx,ses-05A,parent,odd,past,0,0,8056,0
mh_p_ksads__odd__past_dx,ses-06A,parent,odd,past,0,0,9284,0
mh_p_ksads__odd__past_dx,ses-07A,parent,odd,past,473,7848,0,0
mh_p_ksads__odd__pres_dx,ses-00A,parent,odd,present,655,11050,0,14
mh_p_ksads__odd__pres_dx,ses-01A,parent,odd,present,672,10402,0,9
mh_p_ksads__odd__pres_dx,ses-02A,parent,odd,present,516,10223,0,4
mh_p_ksads__odd__pres_dx,ses-03A,parent,odd,present,0,0,9990,0
mh_p_ksads__odd__pres_dx,ses-04A,parent,odd,present,420,7980,0,0
mh_p_ksads__odd__pres_dx,ses-05A,parent,odd,present,0,0,8056,0
mh_p_ksads__odd__pres_dx,ses-06A,parent,odd,present,0,0,9284,0
mh_p_ksads__odd__pres_dx,ses-07A,parent,odd,present,222,8099,0,0
mh_p_ksads__panic__oth__past_dx,ses-00A,parent,panic,past,88,11617,0,14
mh_p_ksads__panic__oth__past_dx,ses-01A,parent,panic,past,0,0,11074,1
mh_p_ksads__panic__oth__past_dx,ses-02A,parent,panic,past,126,10613,0,4
mh_p_ksads__panic__oth__past_dx,ses-03A,parent,panic,past,0,0,9990,0
mh_p_ksads__panic__oth__past_dx,ses-04A,parent,panic,past,69,8331,0,0
mh_p_ksads__panic__oth__past_dx,ses-05A,parent,panic,past,0,0,8056,0
mh_p_ksads__panic__oth__past_dx,ses-06A,parent,panic,past,92,9192,0,0
mh_p_ksads__panic__oth__past_dx,ses-07A,parent,panic,past,0,0,8321,0
mh_p_ksads__panic__oth__pres_dx,ses-00A,parent,panic,present,13,11692,0,14
mh_p_ksads__panic__oth__pres_dx,ses-01A,parent,panic,present,0,0,11074,1
mh_p_ksads__panic__oth__pres_dx,ses-02A,parent,panic,present,26,10713,0,4
mh_p_ksads__panic__oth__pres_dx,ses-03A,parent,panic,present,0,0,9990,0
mh_p_ksads__panic__oth__pres_dx,ses-04A,parent,panic,present,19,8381,0,0
mh_p_ksads__panic__oth__pres_dx,ses-05A,parent,panic,present,0,0,8056,0
mh_p_ksads__panic__oth__pres_dx,ses-06A,parent,panic,present,14,9270,0,0
mh_p_ksads__panic__oth__pres_dx,ses-07A,parent,panic,present,0,0,8321,0
mh_p_ksads__panic__partrem_dx,ses-00A,parent,panic,partial_remission,0,0,0,11719
mh_p_ksads__panic__partrem_dx,ses-01A,parent,panic,partial_remission,0,0,0,11075
mh_p_ksads__panic__partrem_dx,ses-02A,parent,panic,partial_remission,0,0,0,10743
mh_p_ksads__panic__partrem_dx,ses-03A,parent,panic,partial_remission,0,0,9990,0
mh_p_ksads__panic__partrem_dx,ses-04A,parent,panic,partial_remission,30,8370,0,0
mh_p_ksads__panic__partrem_dx,ses-05A,parent,panic,partial_remission,0,0,8056,0
mh_p_ksads__panic__partrem_dx,ses-06A,parent,panic,partial_remission,55,9229,0,0
mh_p_ksads__panic__partrem_dx,ses-07A,parent,panic,partial_remission,0,0,8321,0
mh_p_ksads__panic__past_dx,ses-00A,parent,panic,past,30,11675,0,14
mh_p_ksads__panic__past_dx,ses-01A,parent,panic,past,0,0,11074,1
mh_p_ksads__panic__past_dx,ses-02A,parent,panic,past,54,10685,0,4
mh_p_ksads__panic__past_dx,ses-03A,parent,panic,past,0,0,9990,0
mh_p_ksads__panic__past_dx,ses-04A,parent,panic,past,63,8337,0,0
mh_p_ksads__panic__past_dx,ses-05A,parent,panic,past,0,0,8056,0
mh_p_ksads__panic__past_dx,ses-06A,parent,panic,past,146,9138,0,0
mh_p_ksads__panic__past_dx,ses-07A,parent,panic,past,0,0,8321,0
mh_p_ksads__panic__pres_dx,ses-00A,parent,panic,present,5,11700,0,14
mh_p_ksads__panic__pres_dx,ses-01A,parent,panic,present,0,0,11074,1
mh_p_ksads__panic__pres_dx,ses-02A,parent,panic,present,8,10731,0,4
mh_p_ksads__panic__pres_dx,ses-03A,parent,panic,present,0,0,9990,0
mh_p_ksads__panic__pres_dx,ses-04A,parent,panic,present,42,8358,0,0
mh_p_ksads__panic__pres_dx,ses-05A,parent,panic,present,0,0,8056,0
mh_p_ksads__panic__pres_dx,ses-06A,parent,panic,present,47,9237,0,0
mh_p_ksads__panic__pres_dx,ses-07A,parent,panic,present,0,0,8321,0
mh_p_ksads__phobia__past_dx,ses-00A,parent,phobia,past,2693,9012,0,14
mh_p_ksads__phobia__past_dx,ses-01A,parent,phobia,past,0,0,11074,1
mh_p_ksads__phobia__past_dx,ses-02A,parent,phobia,past,2170,8569,0,4
mh_p_ksads__phobia__past_dx,ses-03A,parent,phobia,past,0,0,9990,0
mh_p_ksads__phobia__past_dx,ses-04A,parent,phobia,past,1646,6754,0,0
mh_p_ksads__phobia__past_dx,ses-05A,parent,phobia,past,0,0,8056,0
mh_p_ksads__phobia__past_dx,ses-06A,parent,phobia,past,0,0,9284,0
mh_p_ksads__phobia__past_dx,ses-07A,parent,phobia,past,0,0,8321,0
mh_p_ksads__phobia__pres_dx,ses-00A,parent,phobia,present,1033,10672,0,14
mh_p_ksads__phobia__pres_dx,ses-01A,parent,phobia,present,0,0,11074,1
mh_p_ksads__phobia__pres_dx,ses-02A,parent,phobia,present,649,10090,0,4
mh_p_ksads__phobia__pres_dx,ses-03A,parent,phobia,present,0,0,9990,0
mh_p_ksads__phobia__pres_dx,ses-04A,parent,phobia,present,346,8054,0,0
mh_p_ksads__phobia__pres_dx,ses-05A,parent,phobia,present,0,0,8056,0
mh_p_ksads__phobia__pres_dx,ses-06A,parent,phobia,present,0,0,9284,0
mh_p_ksads__phobia__pres_dx,ses-07A,parent,phobia,present,0,0,8321,0
mh_p_ksads__psych__aps__past_dx,ses-00A,parent,psych,past,96,11609,0,14
mh_p_ksads__psych__aps__past_dx,ses-01A,parent,psych,past,134,10940,0,9
mh_p_ksads__psych__aps__past_dx,ses-02A,parent,psych,past,74,10665,0,4
mh_p_ksads__psych__aps__past_dx,ses-03A,parent,psych,past,0,0,0,9996
mh_p_ksads__psych__aps__past_dx,ses-04A,parent,psych,past,0,0,0,8400
mh_p_ksads__psych__aps__past_dx,ses-05A,parent,psych,past,0,0,0,8056
mh_p_ksads__psych__aps__past_dx,ses-06A,parent,psych,past,0,0,0,9284
mh_p_ksads__psych__aps__past_dx,ses-07A,parent,psych,past,0,0,0,8321
mh_p_ksads__psych__aps__pres_dx,ses-00A,parent,psych,present,139,11566,0,14
mh_p_ksads__psych__aps__pres_dx,ses-01A,parent,psych,present,188,10886,0,9
mh_p_ksads__psych__aps__pres_dx,ses-02A,parent,psych,present,106,10633,0,4
mh_p_ksads__psych__aps__pres_dx,ses-03A,parent,psych,present,0,0,0,9996
mh_p_ksads__psych__aps__pres_dx,ses-04A,parent,psych,present,0,0,0,8400
mh_p_ksads__psych__aps__pres_dx,ses-05A,parent,psych,present,0,0,0,8056
mh_p_ksads__psych__aps__pres_dx,ses-06A,parent,psych,present,0,0,0,9284
mh_p_ksads__psych__aps__pres_dx,ses-07A,parent,psych,present,0,0,0,8321
mh_p_ksads__psych__delus__past_dx,ses-00A,parent,psych,past,183,11522,0,14
mh_p_ksads__psych__delus__past_dx,ses-01A,parent,psych,past,234,10840,0,9
mh_p_ksads__psych__delus__past_dx,ses-02A,parent,psych,past,128,10611,0,4
mh_p_ksads__psych__delus__past_dx,ses-03A,parent,psych,past,0,0,0,9996
mh_p_ksads__psych__delus__past_dx,ses-04A,parent,psych,past,0,0,0,8400
mh_p_ksads__psych__delus__past_dx,ses-05A,parent,psych,past,0,0,0,8056
mh_p_ksads__psych__delus__past_dx,ses-06A,parent,psych,past,0,0,0,9284
mh_p_ksads__psych__delus__past_dx,ses-07A,parent,psych,past,0,0,0,8321
mh_p_ksads__psych__delus__pres_dx,ses-00A,parent,psych,present,74,11631,0,14
mh_p_ksads__psych__delus__pres_dx,ses-01A,parent,psych,present,117,10957,0,9
mh_p_ksads__psych__delus__pres_dx,ses-02A,parent,psych,present,57,10682,0,4
mh_p_ksads__psych__delus__pres_dx,ses-03A,parent,psych,present,0,0,0,9996
mh_p_ksads__psych__delus__pres_dx,ses-04A,parent,psych,present,0,0,0,8400
mh_p_ksads__psych__delus__pres_dx,ses-05A,parent,psych,present,0,0,0,8056
mh_p_ksads__psych__delus__pres_dx,ses-06A,parent,psych,present,0,0,0,9284
mh_p_ksads__psych__delus__pres_dx,ses-07A,parent,psych,present,0,0,0,8321
mh_p_ksads__psych__hlcn__past_dx,ses-00A,parent,psych,past,52,11653,0,14
mh_p_ksads__psych__hlcn__past_dx,ses-01A,parent,psych,past,65,11009,0,9
mh_p_ksads__psych__hlcn__past_dx,ses-02A,parent,psych,past,60,10679,0,4
mh_p_ksads__psych__hlcn__past_dx,ses-03A,parent,psych,past,0,0,0,9996
mh_p_ksads__psych__hlcn__past_dx,ses-04A,parent,psych,past,0,0,0,8400
mh_p_ksads__psych__hlcn__past_dx,ses-05A,parent,psych,past,0,0,0,8056
mh_p_ksads__psych__hlcn__past_dx,ses-06A,parent,psych,past,0,0,0,9284
mh_p_ksads__psych__hlcn__past_dx,ses-07A,parent,psych,past,0,0,0,8321
mh_p_ksads__psych__hlcn__pres_dx,ses-00A,parent,psych,present,11,11694,0,14
mh_p_ksads__psych__hlcn__pres_dx,ses-01A,parent,psych,present,16,11058,0,9
mh_p_ksads__psych__hlcn__pres_dx,ses-02A,parent,psych,present,14,10725,0,4
mh_p_ksads__psych__hlcn__pres_dx,ses-03A,parent,psych,present,0,0,0,9996
mh_p_ksads__psych__hlcn__pres_dx,ses-04A,parent,psych,present,0,0,0,8400
mh_p_ksads__psych__hlcn__pres_dx,ses-05A,parent,psych,present,0,0,0,8056
mh_p_ksads__psych__hlcn__pres_dx,ses-06A,parent,psych,present,0,0,0,9284
mh_p_ksads__psych__hlcn__pres_dx,ses-07A,parent,psych,present,0,0,0,8321
mh_p_ksads__psych__oth__pres_dx,ses-00A,parent,psych,present,0,0,0,11719
mh_p_ksads__psych__oth__pres_dx,ses-01A,parent,psych,present,0,0,0,11083
mh_p_ksads__psych__oth__pres_dx,ses-02A,parent,psych,present,0,0,0,10743
mh_p_ksads__psych__oth__pres_dx,ses-03A,parent,psych,present,13,9977,0,6
mh_p_ksads__psych__oth__pres_dx,ses-04A,parent,psych,present,12,8388,0,0
mh_p_ksads__psych__oth__pres_dx,ses-05A,parent,psych,present,0,0,8056,0
mh_p_ksads__psych__oth__pres_dx,ses-06A,parent,psych,present,8,9276,0,0
mh_p_ksads__psych__oth__pres_dx,ses-07A,parent,psych,present,3,8318,0,0
mh_p_ksads__psych__schiz__oth__past_dx,ses-00A,parent,psych,past,59,11646,0,14
mh_p_ksads__psych__schiz__oth__past_dx,ses-01A,parent,psych,past,79,10995,0,9
mh_p_ksads__psych__schiz__oth__past_dx,ses-02A,parent,psych,past,61,10678,0,4
mh_p_ksads__psych__schiz__oth__past_dx,ses-03A,parent,psych,past,0,0,0,9996
mh_p_ksads__psych__schiz__oth__past_dx,ses-04A,parent,psych,past,0,0,0,8400
mh_p_ksads__psych__schiz__oth__past_dx,ses-05A,parent,psych,past,0,0,0,8056
mh_p_ksads__psych__schiz__oth__past_dx,ses-06A,parent,psych,past,0,0,0,9284
mh_p_ksads__psych__schiz__oth__past_dx,ses-07A,parent,psych,past,0,0,0,8321
mh_p_ksads__psych__schiz__oth__pres_dx,ses-00A,parent,psych,present,33,11672,0,14
mh_p_ksads__psych__schiz__oth__pres_dx,ses-01A,parent,psych,present,57,11017,0,9
mh_p_ksads__psych__schiz__oth__pres_dx,ses-02A,parent,psych,present,34,10705,0,4
mh_p_ksads__psych__schiz__oth__pres_dx,ses-03A,parent,psych,present,0,0,0,9996
mh_p_ksads__psych__schiz__oth__pres_dx,ses-04A,parent,psych,present,0,0,0,8400
mh_p_ksads__psych__schiz__oth__pres_dx,ses-05A,parent,psych,present,0,0,0,8056
mh_p_ksads__psych__schiz__oth__pres_dx,ses-06A,parent,psych,present,0,0,0,9284
mh_p_ksads__psych__schiz__oth__pres_dx,ses-07A,parent,psych,present,0,0,0,8321
mh_p_ksads__psych__schiz__pres_dx,ses-00A,parent,psych,present,0,0,0,11719
mh_p_ksads__psych__schiz__pres_dx,ses-01A,parent,psych,present,0,0,0,11083
mh_p_ksads__psych__schiz__pres_dx,ses-02A,parent,psych,present,0,0,0,10743
mh_p_ksads__psych__schiz__pres_dx,ses-03A,parent,psych,present,7,9983,0,6
mh_p_ksads__psych__schiz__pres_dx,ses-04A,parent,psych,present,11,8389,0,0
mh_p_ksads__psych__schiz__pres_dx,ses-05A,parent,psych,present,0,0,8056,0
mh_p_ksads__psych__schiz__pres_dx,ses-06A,parent,psych,present,12,9272,0,0
mh_p_ksads__psych__schiz__pres_dx,ses-07A,parent,psych,present,13,8308,0,0
mh_p_ksads__psych__schizaffct__pres_dx,ses-00A,parent,psych,present,0,0,0,11719
mh_p_ksads__psych__schizaffct__pres_dx,ses-01A,parent,psych,present,0,0,0,11083
mh_p_ksads__psych__schizaffct__pres_dx,ses-02A,parent,psych,present,0,0,0,10743
mh_p_ksads__psych__schizaffct__pres_dx,ses-03A,parent,psych,present,0,9990,0,6
mh_p_ksads__psych__schizaffct__pres_dx,ses-04A,parent,psych,present,0,8400,0,0
mh_p_ksads__psych__schizaffct__pres_dx,ses-05A,parent,psych,present,0,0,8056,0
mh_p_ksads__psych__schizaffct__pres_dx,ses-06A,parent,psych,present,0,9284,0,0
mh_p_ksads__psych__schizaffct__pres_dx,ses-07A,parent,psych,present,0,8321,0,0
mh_p_ksads__psych__schizform__pres_dx,ses-00A,parent,psych,present,0,0,0,11719
mh_p_ksads__psych__schizform__pres_dx,ses-01A,parent,psych,present,0,0,0,11083
mh_p_ksads__psych__schizform__pres_dx,ses-02A,parent,psych,present,0,0,0,10743
mh_p_ksads__psych__schizform__pres_dx,ses-03A,parent,psych,present,0,9990,0,6
mh_p_ksads__psych__schizform__pres_dx,ses-04A,parent,psych,present,4,8396,0,0
mh_p_ksads__psych__schizform__pres_dx,ses-05A,parent,psych,present,0,0,8056,0
mh_p_ksads__psych__schizform__pres_dx,ses-06A,parent,psych,present,5,9279,0,0
mh_p_ksads__psych__schizform__pres_dx,ses-07A,parent,psych,present,5,8316,0,0
mh_p_ksads__ptsd__oth__past_dx,ses-00A,parent,ptsd,past,312,11393,0,14
mh_p_ksads__ptsd__oth__past_dx,ses-01A,parent,ptsd,past,0,0,11074,1
mh_p_ksads__ptsd__oth__past_dx,ses-02A,parent,ptsd,past,217,10522,0,4
mh_p_ksads__ptsd__oth__past_dx,ses-03A,parent,ptsd,past,0,0,9990,0
mh_p_ksads__ptsd__oth__past_dx,ses-04A,parent,ptsd,past,83,8317,0,0
mh_p_ksads__ptsd__oth__past_dx,ses-05A,parent,ptsd,past,0,0,8056,0
mh_p_ksads__ptsd__oth__past_dx,ses-06A,parent,ptsd,past,208,9076,0,0
mh_p_ksads__ptsd__oth__past_dx,ses-07A,parent,ptsd,past,0,0,8321,0
mh_p_ksads__ptsd__oth__pres_dx,ses-00A,parent,ptsd,present,56,11649,0,14
mh_p_ksads__ptsd__oth__pres_dx,ses-01A,parent,ptsd,present,0,0,11074,1
mh_p_ksads__ptsd__oth__pres_dx,ses-02A,parent,ptsd,present,51,10688,0,4
mh_p_ksads__ptsd__oth__pres_dx,ses-03A,parent,ptsd,present,0,0,9990,0
mh_p_ksads__ptsd__oth__pres_dx,ses-04A,parent,ptsd,present,20,8380,0,0
mh_p_ksads__ptsd__oth__pres_dx,ses-05A,parent,ptsd,present,0,0,8056,0
mh_p_ksads__ptsd__oth__pres_dx,ses-06A,parent,ptsd,present,27,9257,0,0
mh_p_ksads__ptsd__oth__pres_dx,ses-07A,parent,ptsd,present,0,0,8321,0
mh_p_ksads__ptsd__partrem_dx,ses-00A,parent,ptsd,partial_remission,0,0,0,11719
mh_p_ksads__ptsd__partrem_dx,ses-01A,parent,ptsd,partial_remission,0,0,0,11075
mh_p_ksads__ptsd__partrem_dx,ses-02A,parent,ptsd,partial_remission,0,0,0,10743
mh_p_ksads__ptsd__partrem_dx,ses-03A,parent,ptsd,partial_remission,0,0,9990,0
mh_p_ksads__ptsd__partrem_dx,ses-04A,parent,ptsd,partial_remission,71,8329,0,0
mh_p_ksads__ptsd__partrem_dx,ses-05A,parent,ptsd,partial_remission,0,0,8056,0
mh_p_ksads__ptsd__partrem_dx,ses-06A,parent,ptsd,partial_remission,126,9158,0,0
mh_p_ksads__ptsd__partrem_dx,ses-07A,parent,ptsd,partial_remission,0,0,8321,0
mh_p_ksads__ptsd__past_dx,ses-00A,parent,ptsd,past,1,11704,0,14
mh_p_ksads__ptsd__past_dx,ses-01A,parent,ptsd,past,0,0,11074,1
mh_p_ksads__ptsd__past_dx,ses-02A,parent,ptsd,past,70,10669,0,4
mh_p_ksads__ptsd__past_dx,ses-03A,parent,ptsd,past,0,0,9990,0
mh_p_ksads__ptsd__past_dx,ses-04A,parent,ptsd,past,177,8223,0,0
mh_p_ksads__ptsd__past_dx,ses-05A,parent,ptsd,past,0,0,8056,0
mh_p_ksads__ptsd__past_dx,ses-06A,parent,ptsd,past,309,8975,0,0
mh_p_ksads__ptsd__past_dx,ses-07A,parent,ptsd,past,0,0,8321,0
mh_p_ksads__ptsd__pres_dx,ses-00A,parent,ptsd,present,0,11705,0,14
mh_p_ksads__ptsd__pres_dx,ses-01A,parent,ptsd,present,0,0,11074,1
mh_p_ksads__ptsd__pres_dx,ses-02A,parent,ptsd,present,0,10739,0,4
mh_p_ksads__ptsd__pres_dx,ses-03A,parent,ptsd,present,0,0,9990,0
mh_p_ksads__ptsd__pres_dx,ses-04A,parent,ptsd,present,9,8391,0,0
mh_p_ksads__ptsd__pres_dx,ses-05A,parent,ptsd,present,0,0,8056,0
mh_p_ksads__ptsd__pres_dx,ses-06A,parent,ptsd,present,9,9275,0,0
mh_p_ksads__ptsd__pres_dx,ses-07A,parent,ptsd,present,0,0,8321,0
mh_p_ksads__sepanx__oth__past_dx,ses-00A,parent,sepanx,past,549,11156,0,14
mh_p_ksads__sepanx__oth__past_dx,ses-01A,parent,sepanx,past,0,0,11074,1
mh_p_ksads__sepanx__oth__past_dx,ses-02A,parent,sepanx,past,331,10408,0,4
mh_p_ksads__sepanx__oth__past_dx,ses-03A,parent,sepanx,past,0,0,9990,0
mh_p_ksads__sepanx__oth__past_dx,ses-04A,parent,sepanx,past,0,0,8400,0
mh_p_ksads__sepanx__oth__past_dx,ses-05A,parent,sepanx,past,0,0,8056,0
mh_p_ksads__sepanx__oth__past_dx,ses-06A,parent,sepanx,past,0,0,9284,0
mh_p_ksads__sepanx__oth__past_dx,ses-07A,parent,sepanx,past,0,0,8321,0
mh_p_ksads__sepanx__oth__pres_dx,ses-00A,parent,sepanx,present,52,11653,0,14
mh_p_ksads__sepanx__oth__pres_dx,ses-01A,parent,sepanx,present,0,0,11074,1
mh_p_ksads__sepanx__oth__pres_dx,ses-02A,parent,sepanx,present,29,10710,0,4
mh_p_ksads__sepanx__oth__pres_dx,ses-03A,parent,sepanx,present,0,0,9990,0
mh_p_ksads__sepanx__oth__pres_dx,ses-04A,parent,sepanx,present,0,0,8400,0
mh_p_ksads__sepanx__oth__pres_dx,ses-05A,parent,sepanx,present,0,0,8056,0
mh_p_ksads__sepanx__oth__pres_dx,ses-06A,parent,sepanx,present,0,0,9284,0
mh_p_ksads__sepanx__oth__pres_dx,ses-07A,parent,sepanx,present,0,0,8321,0
mh_p_ksads__sepanx__past_dx,ses-00A,parent,sepanx,past,1043,10662,0,14
mh_p_ksads__sepanx__past_dx,ses-01A,parent,sepanx,past,0,0,11074,1
mh_p_ksads__sepanx__past_dx,ses-02A,parent,sepanx,past,606,10133,0,4
mh_p_ksads__sepanx__past_dx,ses-03A,parent,sepanx,past,0,0,9990,0
mh_p_ksads__sepanx__past_dx,ses-04A,parent,sepanx,past,0,0,8400,0
mh_p_ksads__sepanx__past_dx,ses-05A,parent,sepanx,past,0,0,8056,0
mh_p_ksads__sepanx__past_dx,ses-06A,parent,sepanx,past,0,0,9284,0
mh_p_ksads__sepanx__past_dx,ses-07A,parent,sepanx,past,0,0,8321,0
mh_p_ksads__sepanx__pres_dx,ses-00A,parent,sepanx,present,48,11657,0,14
mh_p_ksads__sepanx__pres_dx,ses-01A,parent,sepanx,present,0,0,11074,1
mh_p_ksads__sepanx__pres_dx,ses-02A,parent,sepanx,present,27,10712,0,4
mh_p_ksads__sepanx__pres_dx,ses-03A,parent,sepanx,present,0,0,9990,0
mh_p_ksads__sepanx__pres_dx,ses-04A,parent,sepanx,present,0,0,8400,0
mh_p_ksads__sepanx__pres_dx,ses-05A,parent,sepanx,present,0,0,8056,0
mh_p_ksads__sepanx__pres_dx,ses-06A,parent,sepanx,present,0,0,9284,0
mh_p_ksads__sepanx__pres_dx,ses-07A,parent,sepanx,present,0,0,8321,0
mh_p_ksads__sleep__prob__past_dx,ses-00A,parent,sleep,past,1035,10670,0,14
mh_p_ksads__sleep__prob__past_dx,ses-01A,parent,sleep,past,0,0,11074,1
mh_p_ksads__sleep__prob__past_dx,ses-02A,parent,sleep,past,953,9786,0,4
mh_p_ksads__sleep__prob__past_dx,ses-03A,parent,sleep,past,0,0,9990,0
mh_p_ksads__sleep__prob__past_dx,ses-04A,parent,sleep,past,634,7766,0,0
mh_p_ksads__sleep__prob__past_dx,ses-05A,parent,sleep,past,0,0,8056,0
mh_p_ksads__sleep__prob__past_dx,ses-06A,parent,sleep,past,719,8565,0,0
mh_p_ksads__sleep__prob__past_dx,ses-07A,parent,sleep,past,0,0,8321,0
mh_p_ksads__sleep__prob__pres_dx,ses-00A,parent,sleep,present,285,11420,0,14
mh_p_ksads__sleep__prob__pres_dx,ses-01A,parent,sleep,present,0,0,11074,1
mh_p_ksads__sleep__prob__pres_dx,ses-02A,parent,sleep,present,291,10448,0,4
mh_p_ksads__sleep__prob__pres_dx,ses-03A,parent,sleep,present,0,0,9990,0
mh_p_ksads__sleep__prob__pres_dx,ses-04A,parent,sleep,present,241,8159,0,0
mh_p_ksads__sleep__prob__pres_dx,ses-05A,parent,sleep,present,0,0,8056,0
mh_p_ksads__sleep__prob__pres_dx,ses-06A,parent,sleep,present,231,9053,0,0
mh_p_ksads__sleep__prob__pres_dx,ses-07A,parent,sleep,present,0,0,8321,0
mh_p_ksads__socanx__oth__mindur__past_dx,ses-00A,parent,socanx,past,129,11576,0,14
mh_p_ksads__socanx__oth__mindur__past_dx,ses-01A,parent,socanx,past,0,0,11074,1
mh_p_ksads__socanx__oth__mindur__past_dx,ses-02A,parent,socanx,past,122,10617,0,4
mh_p_ksads__socanx__oth__mindur__past_dx,ses-03A,parent,socanx,past,0,0,9990,0
mh_p_ksads__socanx__oth__mindur__past_dx,ses-04A,parent,socanx,past,47,8353,0,0
mh_p_ksads__socanx__oth__mindur__past_dx,ses-05A,parent,socanx,past,0,0,8056,0
mh_p_ksads__socanx__oth__mindur__past_dx,ses-06A,parent,socanx,past,57,9227,0,0
mh_p_ksads__socanx__oth__mindur__past_dx,ses-07A,parent,socanx,past,0,0,8321,0
mh_p_ksads__socanx__oth__mindur__pres_dx,ses-00A,parent,socanx,present,0,11705,0,14
mh_p_ksads__socanx__oth__mindur__pres_dx,ses-01A,parent,socanx,present,0,0,11074,1
mh_p_ksads__socanx__oth__mindur__pres_dx,ses-02A,parent,socanx,present,0,10739,0,4
mh_p_ksads__socanx__oth__mindur__pres_dx,ses-03A,parent,socanx,present,0,0,9990,0
mh_p_ksads__socanx__oth__mindur__pres_dx,ses-04A,parent,socanx,present,13,8387,0,0
mh_p_ksads__socanx__oth__mindur__pres_dx,ses-05A,parent,socanx,present,0,0,8056,0
mh_p_ksads__socanx__oth__mindur__pres_dx,ses-06A,parent,socanx,present,7,9277,0,0
mh_p_ksads__socanx__oth__mindur__pres_dx,ses-07A,parent,socanx,present,0,0,8321,0
mh_p_ksads__socanx__past_dx,ses-00A,parent,socanx,past,503,11202,0,14
mh_p_ksads__socanx__past_dx,ses-01A,parent,socanx,past,0,0,11074,1
mh_p_ksads__socanx__past_dx,ses-02A,parent,socanx,past,451,10288,0,4
mh_p_ksads__socanx__past_dx,ses-03A,parent,socanx,past,0,0,9990,0
mh_p_ksads__socanx__past_dx,ses-04A,parent,socanx,past,167,8233,0,0
mh_p_ksads__socanx__past_dx,ses-05A,parent,socanx,past,0,0,8056,0
mh_p_ksads__socanx__past_dx,ses-06A,parent,socanx,past,234,9050,0,0
mh_p_ksads__socanx__past_dx,ses-07A,parent,socanx,past,0,0,8321,0
mh_p_ksads__socanx__pres_dx,ses-00A,parent,socanx,present,110,11595,0,14
mh_p_ksads__socanx__pres_dx,ses-01A,parent,socanx,present,0,0,11074,1
mh_p_ksads__socanx__pres_dx,ses-02A,parent,socanx,present,109,10630,0,4
mh_p_ksads__socanx__pres_dx,ses-03A,parent,socanx,present,0,0,9990,0
mh_p_ksads__socanx__pres_dx,ses-04A,parent,socanx,present,305,8095,0,0
mh_p_ksads__socanx__pres_dx,ses-05A,parent,socanx,present,0,0,8056,0
mh_p_ksads__socanx__pres_dx,ses-06A,parent,socanx,present,359,8925,0,0
mh_p_ksads__socanx__pres_dx,ses-07A,parent,socanx,present,0,0,8321,0
mh_p_ksads__suic__actv__int__past_dx,ses-00A,parent,suic,past,43,11662,0,14
mh_p_ksads__suic__actv__int__past_dx,ses-01A,parent,suic,past,0,0,11074,1
mh_p_ksads__suic__actv__int__past_dx,ses-02A,parent,suic,past,68,10671,0,4
mh_p_ksads__suic__actv__int__past_dx,ses-03A,parent,suic,past,0,0,9990,0
mh_p_ksads__suic__actv__int__past_dx,ses-04A,parent,suic,past,91,8309,0,0
mh_p_ksads__suic__actv__int__past_dx,ses-05A,parent,suic,past,0,0,8056,0
mh_p_ksads__suic__actv__int__past_dx,ses-06A,parent,suic,past,154,9130,0,0
mh_p_ksads__suic__actv__int__past_dx,ses-07A,parent,suic,past,0,0,8321,0
mh_p_ksads__suic__actv__int__pres_dx,ses-00A,parent,suic,present,9,11696,0,14
mh_p_ksads__suic__actv__int__pres_dx,ses-01A,parent,suic,present,0,0,11074,1
mh_p_ksads__suic__actv__int__pres_dx,ses-02A,parent,suic,present,11,10728,0,4
mh_p_ksads__suic__actv__int__pres_dx,ses-03A,parent,suic,present,0,0,9990,0
mh_p_ksads__suic__actv__int__pres_dx,ses-04A,parent,suic,present,17,8383,0,0
mh_p_ksads__suic__actv__int__pres_dx,ses-05A,parent,suic,present,0,0,8056,0
mh_p_ksads__suic__actv__int__pres_dx,ses-06A,parent,suic,present,11,9273,0,0
mh_p_ksads__suic__actv__int__pres_dx,ses-07A,parent,suic,present,0,0,8321,0
mh_p_ksads__suic__actv__mthd__past_dx,ses-00A,parent,suic,past,98,11607,0,14
mh_p_ksads__suic__actv__mthd__past_dx,ses-01A,parent,suic,past,0,0,11074,1
mh_p_ksads__suic__actv__mthd__past_dx,ses-02A,parent,suic,past,147,10592,0,4
mh_p_ksads__suic__actv__mthd__past_dx,ses-03A,parent,suic,past,0,0,9990,0
mh_p_ksads__suic__actv__mthd__past_dx,ses-04A,parent,suic,past,173,8227,0,0
mh_p_ksads__suic__actv__mthd__past_dx,ses-05A,parent,suic,past,0,0,8056,0
mh_p_ksads__suic__actv__mthd__past_dx,ses-06A,parent,suic,past,247,9037,0,0
mh_p_ksads__suic__actv__mthd__past_dx,ses-07A,parent,suic,past,0,0,8321,0
mh_p_ksads__suic__actv__mthd__pres_dx,ses-00A,parent,suic,present,20,11685,0,14
mh_p_ksads__suic__actv__mthd__pres_dx,ses-01A,parent,suic,present,0,0,11074,1
mh_p_ksads__suic__actv__mthd__pres_dx,ses-02A,parent,suic,present,28,10711,0,4
mh_p_ksads__suic__actv__mthd__pres_dx,ses-03A,parent,suic,present,0,0,9990,0
mh_p_ksads__suic__actv__mthd__pres_dx,ses-04A,parent,suic,present,47,8353,0,0
mh_p_ksads__suic__actv__mthd__pres_dx,ses-05A,parent,suic,present,0,0,8056,0
mh_p_ksads__suic__actv__mthd__pres_dx,ses-06A,parent,suic,present,47,9237,0,0
mh_p_ksads__suic__actv__mthd__pres_dx,ses-07A,parent,suic,present,0,0,8321,0
mh_p_ksads__suic__actv__past_dx,ses-00A,parent,suic,past,369,11336,0,14
mh_p_ksads__suic__actv__past_dx,ses-01A,parent,suic,past,0,0,11074,1
mh_p_ksads__suic__actv__past_dx,ses-02A,parent,suic,past,544,10195,0,4
mh_p_ksads__suic__actv__past_dx,ses-03A,parent,suic,past,0,0,9990,0
mh_p_ksads__suic__actv__past_dx,ses-04A,parent,suic,past,673,7727,0,0
mh_p_ksads__suic__actv__past_dx,ses-05A,parent,suic,past,0,0,8056,0
mh_p_ksads__suic__actv__past_dx,ses-06A,parent,suic,past,895,8389,0,0
mh_p_ksads__suic__actv__past_dx,ses-07A,parent,suic,past,0,0,8321,0
mh_p_ksads__suic__actv__plan__past_dx,ses-00A,parent,suic,past,16,11689,0,14
mh_p_ksads__suic__actv__plan__past_dx,ses-01A,parent,suic,past,0,0,11074,1
mh_p_ksads__suic__actv__plan__past_dx,ses-02A,parent,suic,past,33,10706,0,4
mh_p_ksads__suic__actv__plan__past_dx,ses-03A,parent,suic,past,0,0,9990,0
mh_p_ksads__suic__actv__plan__past_dx,ses-04A,parent,suic,past,46,8354,0,0
mh_p_ksads__suic__actv__plan__past_dx,ses-05A,parent,suic,past,0,0,8056,0
mh_p_ksads__suic__actv__plan__past_dx,ses-06A,parent,suic,past,72,9212,0,0
mh_p_ksads__suic__actv__plan__past_dx,ses-07A,parent,suic,past,0,0,8321,0
mh_p_ksads__suic__actv__plan__pres_dx,ses-00A,parent,suic,present,4,11701,0,14
mh_p_ksads__suic__actv__plan__pres_dx,ses-01A,parent,suic,present,0,0,11074,1
mh_p_ksads__suic__actv__plan__pres_dx,ses-02A,parent,suic,present,9,10730,0,4
mh_p_ksads__suic__actv__plan__pres_dx,ses-03A,parent,suic,present,0,0,9990,0
mh_p_ksads__suic__actv__plan__pres_dx,ses-04A,parent,suic,present,12,8388,0,0
mh_p_ksads__suic__actv__plan__pres_dx,ses-05A,parent,suic,present,0,0,8056,0
mh_p_ksads__suic__actv__plan__pres_dx,ses-06A,parent,suic,present,6,9278,0,0
mh_p_ksads__suic__actv__plan__pres_dx,ses-07A,parent,suic,present,0,0,8321,0
mh_p_ksads__suic__actv__pres_dx,ses-00A,parent,suic,present,132,11573,0,14
mh_p_ksads__suic__actv__pres_dx,ses-01A,parent,suic,present,0,0,11074,1
mh_p_ksads__suic__actv__pres_dx,ses-02A,parent,suic,present,143,10596,0,4
mh_p_ksads__suic__actv__pres_dx,ses-03A,parent,suic,present,0,0,9990,0
mh_p_ksads__suic__actv__pres_dx,ses-04A,parent,suic,present,187,8213,0,0
mh_p_ksads__suic__actv__pres_dx,ses-05A,parent,suic,present,0,0,8056,0
mh_p_ksads__suic__actv__pres_dx,ses-06A,parent,suic,present,180,9104,0,0
mh_p_ksads__suic__actv__pres_dx,ses-07A,parent,suic,present,0,0,8321,0
mh_p_ksads__suic__atmpt__abrt__past_dx,ses-00A,parent,suic,past,9,11696,0,14
mh_p_ksads__suic__atmpt__abrt__past_dx,ses-01A,parent,suic,past,0,0,11074,1
mh_p_ksads__suic__atmpt__abrt__past_dx,ses-02A,parent,suic,past,7,10732,0,4
mh_p_ksads__suic__atmpt__abrt__past_dx,ses-03A,parent,suic,past,0,0,9990,0
mh_p_ksads__suic__atmpt__abrt__past_dx,ses-04A,parent,suic,past,25,8375,0,0
mh_p_ksads__suic__atmpt__abrt__past_dx,ses-05A,parent,suic,past,0,0,8056,0
mh_p_ksads__suic__atmpt__abrt__past_dx,ses-06A,parent,suic,past,27,9257,0,0
mh_p_ksads__suic__atmpt__abrt__past_dx,ses-07A,parent,suic,past,0,0,8321,0
mh_p_ksads__suic__atmpt__abrt__pres_dx,ses-00A,parent,suic,present,1,11704,0,14
mh_p_ksads__suic__atmpt__abrt__pres_dx,ses-01A,parent,suic,present,0,0,11074,1
mh_p_ksads__suic__atmpt__abrt__pres_dx,ses-02A,parent,suic,present,3,10736,0,4
mh_p_ksads__suic__atmpt__abrt__pres_dx,ses-03A,parent,suic,present,0,0,9990,0
mh_p_ksads__suic__atmpt__abrt__pres_dx,ses-04A,parent,suic,present,3,8397,0,0
mh_p_ksads__suic__atmpt__abrt__pres_dx,ses-05A,parent,suic,present,0,0,8056,0
mh_p_ksads__suic__atmpt__abrt__pres_dx,ses-06A,parent,suic,present,1,9283,0,0
mh_p_ksads__suic__atmpt__abrt__pres_dx,ses-07A,parent,suic,present,0,0,8321,0
mh_p_ksads__suic__atmpt__intr__past_dx,ses-00A,parent,suic,past,7,11698,0,14
mh_p_ksads__suic__atmpt__intr__past_dx,ses-01A,parent,suic,past,0,0,11074,1
mh_p_ksads__suic__atmpt__intr__past_dx,ses-02A,parent,suic,past,8,10731,0,4
mh_p_ksads__suic__atmpt__intr__past_dx,ses-03A,parent,suic,past,0,0,9990,0
mh_p_ksads__suic__atmpt__intr__past_dx,ses-04A,parent,suic,past,8,8392,0,0
mh_p_ksads__suic__atmpt__intr__past_dx,ses-05A,parent,suic,past,0,0,8056,0
mh_p_ksads__suic__atmpt__intr__past_dx,ses-06A,parent,suic,past,10,9274,0,0
mh_p_ksads__suic__atmpt__intr__past_dx,ses-07A,parent,suic,past,0,0,8321,0
mh_p_ksads__suic__atmpt__intr__pres_dx,ses-00A,parent,suic,present,0,11705,0,14
mh_p_ksads__suic__atmpt__intr__pres_dx,ses-01A,parent,suic,present,0,0,11074,1
mh_p_ksads__suic__atmpt__intr__pres_dx,ses-02A,parent,suic,present,1,10738,0,4
mh_p_ksads__suic__atmpt__intr__pres_dx,ses-03A,parent,suic,present,0,0,9990,0
mh_p_ksads__suic__atmpt__intr__pres_dx,ses-04A,parent,suic,present,1,8399,0,0
mh_p_ksads__suic__atmpt__intr__pres_dx,ses-05A,parent,suic,present,0,0,8056,0
mh_p_ksads__suic__atmpt__intr__pres_dx,ses-06A,parent,suic,present,1,9283,0,0
mh_p_ksads__suic__atmpt__intr__pres_dx,ses-07A,parent,suic,present,0,0,8321,0
mh_p_ksads__suic__atmpt__past_dx,ses-00A,parent,suic,past,32,11673,0,14
mh_p_ksads__suic__atmpt__past_dx,ses-01A,parent,suic,past,0,0,11074,1
mh_p_ksads__suic__atmpt__past_dx,ses-02A,parent,suic,past,64,10675,0,4
mh_p_ksads__suic__atmpt__past_dx,ses-03A,parent,suic,past,0,0,9990,0
mh_p_ksads__suic__atmpt__past_dx,ses-04A,parent,suic,past,125,8275,0,0
mh_p_ksads__suic__atmpt__past_dx,ses-05A,parent,suic,past,0,0,8056,0
mh_p_ksads__suic__atmpt__past_dx,ses-06A,parent,suic,past,267,9017,0,0
mh_p_ksads__suic__atmpt__past_dx,ses-07A,parent,suic,past,0,0,8321,0
mh_p_ksads__suic__atmpt__pres_dx,ses-00A,parent,suic,present,7,11698,0,14
mh_p_ksads__suic__atmpt__pres_dx,ses-01A,parent,suic,present,0,0,11074,1
mh_p_ksads__suic__atmpt__pres_dx,ses-02A,parent,suic,present,8,10731,0,4
mh_p_ksads__suic__atmpt__pres_dx,ses-03A,parent,suic,present,0,0,9990,0
mh_p_ksads__suic__atmpt__pres_dx,ses-04A,parent,suic,present,13,8387,0,0
mh_p_ksads__suic__atmpt__pres_dx,ses-05A,parent,suic,present,0,0,8056,0
mh_p_ksads__suic__atmpt__pres_dx,ses-06A,parent,suic,present,20,9264,0,0
mh_p_ksads__suic__atmpt__pres_dx,ses-07A,parent,suic,present,0,0,8321,0
mh_p_ksads__suic__imnt__past_dx,ses-00A,parent,suic,past,51,11654,0,14
mh_p_ksads__suic__imnt__past_dx,ses-01A,parent,suic,past,0,0,11074,1
mh_p_ksads__suic__imnt__past_dx,ses-02A,parent,suic,past,70,10669,0,4
mh_p_ksads__suic__imnt__past_dx,ses-03A,parent,suic,past,0,0,9990,0
mh_p_ksads__suic__imnt__past_dx,ses-04A,parent,suic,past,91,8309,0,0
mh_p_ksads__suic__imnt__past_dx,ses-05A,parent,suic,past,0,0,8056,0
mh_p_ksads__suic__imnt__past_dx,ses-06A,parent,suic,past,100,9184,0,0
mh_p_ksads__suic__imnt__past_dx,ses-07A,parent,suic,past,0,0,8321,0
mh_p_ksads__suic__imnt__pres_dx,ses-00A,parent,suic,present,12,11693,0,14
mh_p_ksads__suic__imnt__pres_dx,ses-01A,parent,suic,present,0,0,11074,1
mh_p_ksads__suic__imnt__pres_dx,ses-02A,parent,suic,present,16,10723,0,4
mh_p_ksads__suic__imnt__pres_dx,ses-03A,parent,suic,present,0,0,9990,0
mh_p_ksads__suic__imnt__pres_dx,ses-04A,parent,suic,present,23,8377,0,0
mh_p_ksads__suic__imnt__pres_dx,ses-05A,parent,suic,present,0,0,8056,0
mh_p_ksads__suic__imnt__pres_dx,ses-06A,parent,suic,present,27,9257,0,0
mh_p_ksads__suic__imnt__pres_dx,ses-07A,parent,suic,present,0,0,8321,0
mh_p_ksads__suic__none__past_dx,ses-00A,parent,suic,past,0,11705,0,14
mh_p_ksads__suic__none__past_dx,ses-01A,parent,suic,past,0,0,11074,1
mh_p_ksads__suic__none__past_dx,ses-02A,parent,suic,past,0,10739,0,4
mh_p_ksads__suic__none__past_dx,ses-03A,parent,suic,past,0,0,9990,0
mh_p_ksads__suic__none__past_dx,ses-04A,parent,suic,past,0,8400,0,0
mh_p_ksads__suic__none__past_dx,ses-05A,parent,suic,past,0,0,8056,0
mh_p_ksads__suic__none__past_dx,ses-06A,parent,suic,past,0,9284,0,0
mh_p_ksads__suic__none__past_dx,ses-07A,parent,suic,past,0,0,8321,0
mh_p_ksads__suic__none__pres_dx,ses-00A,parent,suic,present,0,11705,0,14
mh_p_ksads__suic__none__pres_dx,ses-01A,parent,suic,present,0,0,11074,1
mh_p_ksads__suic__none__pres_dx,ses-02A,parent,suic,present,0,10739,0,4
mh_p_ksads__suic__none__pres_dx,ses-03A,parent,suic,present,0,0,9990,0
mh_p_ksads__suic__none__pres_dx,ses-04A,parent,suic,present,0,8400,0,0
mh_p_ksads__suic__none__pres_dx,ses-05A,parent,suic,present,0,0,8056,0
mh_p_ksads__suic__none__pres_dx,ses-06A,parent,suic,present,0,9284,0,0
mh_p_ksads__suic__none__pres_dx,ses-07A,parent,suic,present,0,0,8321,0
mh_p_ksads__suic__pass__past_dx,ses-00A,parent,suic,past,759,10946,0,14
mh_p_ksads__suic__pass__past_dx,ses-01A,parent,suic,past,0,0,11074,1
mh_p_ksads__suic__pass__past_dx,ses-02A,parent,suic,past,748,9991,0,4
mh_p_ksads__suic__pass__past_dx,ses-03A,parent,suic,past,0,0,9990,0
mh_p_ksads__suic__pass__past_dx,ses-04A,parent,suic,past,739,7661,0,0
mh_p_ksads__suic__pass__past_dx,ses-05A,parent,suic,past,0,0,8056,0
mh_p_ksads__suic__pass__past_dx,ses-06A,parent,suic,past,897,8387,0,0
mh_p_ksads__suic__pass__past_dx,ses-07A,parent,suic,past,0,0,8321,0
mh_p_ksads__suic__pass__pres_dx,ses-00A,parent,suic,present,63,11642,0,14
mh_p_ksads__suic__pass__pres_dx,ses-01A,parent,suic,present,0,0,11074,1
mh_p_ksads__suic__pass__pres_dx,ses-02A,parent,suic,present,72,10667,0,4
mh_p_ksads__suic__pass__pres_dx,ses-03A,parent,suic,present,0,0,9990,0
mh_p_ksads__suic__pass__pres_dx,ses-04A,parent,suic,present,94,8306,0,0
mh_p_ksads__suic__pass__pres_dx,ses-05A,parent,suic,present,0,0,8056,0
mh_p_ksads__suic__pass__pres_dx,ses-06A,parent,suic,present,78,9206,0,0
mh_p_ksads__suic__pass__pres_dx,ses-07A,parent,suic,present,0,0,8321,0
mh_p_ksads__suic__slfinj__nosi__past_dx,ses-00A,parent,suic,past,391,11314,0,14
mh_p_ksads__suic__slfinj__nosi__past_dx,ses-01A,parent,suic,past,0,0,11074,1
mh_p_ksads__suic__slfinj__nosi__past_dx,ses-02A,parent,suic,past,403,10336,0,4
mh_p_ksads__suic__slfinj__nosi__past_dx,ses-03A,parent,suic,past,0,0,9990,0
mh_p_ksads__suic__slfinj__nosi__past_dx,ses-04A,parent,suic,past,592,7808,0,0
mh_p_ksads__suic__slfinj__nosi__past_dx,ses-05A,parent,suic,past,0,0,8056,0
mh_p_ksads__suic__slfinj__nosi__past_dx,ses-06A,parent,suic,past,833,8451,0,0
mh_p_ksads__suic__slfinj__nosi__past_dx,ses-07A,parent,suic,past,0,0,8321,0
mh_p_ksads__suic__slfinj__nosi__pres_dx,ses-00A,parent,suic,present,180,11525,0,14
mh_p_ksads__suic__slfinj__nosi__pres_dx,ses-01A,parent,suic,present,0,0,11074,1
mh_p_ksads__suic__slfinj__nosi__pres_dx,ses-02A,parent,suic,present,218,10521,0,4
mh_p_ksads__suic__slfinj__nosi__pres_dx,ses-03A,parent,suic,present,0,0,9990,0
mh_p_ksads__suic__slfinj__nosi__pres_dx,ses-04A,parent,suic,present,219,8181,0,0
mh_p_ksads__suic__slfinj__nosi__pres_dx,ses-05A,parent,suic,present,0,0,8056,0
mh_p_ksads__suic__slfinj__nosi__pres_dx,ses-06A,parent,suic,present,223,9061,0,0
mh_p_ksads__suic__slfinj__nosi__pres_dx,ses-07A,parent,suic,present,0,0,8321,0
mh_p_ksads__tic__perst__nosymp__rem_dx,ses-00A,parent,tic,remission,0,0,0,11705
mh_p_ksads__tic__perst__nosymp__rem_dx,ses-01A,parent,tic,remission,0,0,0,11074
mh_p_ksads__tic__perst__nosymp__rem_dx,ses-02A,parent,tic,remission,0,0,0,10739
mh_p_ksads__tic__perst__nosymp__rem_dx,ses-03A,parent,tic,remission,24,9966,0,6
mh_p_ksads__tic__perst__nosymp__rem_dx,ses-04A,parent,tic,remission,80,8320,0,0
mh_p_ksads__tic__perst__nosymp__rem_dx,ses-05A,parent,tic,remission,0,0,8056,0
mh_p_ksads__tic__perst__nosymp__rem_dx,ses-06A,parent,tic,remission,110,9174,0,0
mh_p_ksads__tic__perst__nosymp__rem_dx,ses-07A,parent,tic,remission,0,0,8321,0
mh_p_ksads__tic__perst__pres_dx,ses-00A,parent,tic,present,0,0,0,11705
mh_p_ksads__tic__perst__pres_dx,ses-01A,parent,tic,present,0,0,0,11074
mh_p_ksads__tic__perst__pres_dx,ses-02A,parent,tic,present,0,0,0,10739
mh_p_ksads__tic__perst__pres_dx,ses-03A,parent,tic,present,64,9926,0,6
mh_p_ksads__tic__perst__pres_dx,ses-04A,parent,tic,present,174,8226,0,0
mh_p_ksads__tic__perst__pres_dx,ses-05A,parent,tic,present,0,0,8056,0
mh_p_ksads__tic__perst__pres_dx,ses-06A,parent,tic,present,214,9070,0,0
mh_p_ksads__tic__perst__pres_dx,ses-07A,parent,tic,present,0,0,8321,0
mh_p_ksads__tic__prov__pres_dx,ses-00A,parent,tic,present,0,0,0,11705
mh_p_ksads__tic__prov__pres_dx,ses-01A,parent,tic,present,0,0,0,11074
mh_p_ksads__tic__prov__pres_dx,ses-02A,parent,tic,present,0,0,0,10739
mh_p_ksads__tic__prov__pres_dx,ses-03A,parent,tic,present,63,9927,0,6
mh_p_ksads__tic__prov__pres_dx,ses-04A,parent,tic,present,178,8222,0,0
mh_p_ksads__tic__prov__pres_dx,ses-05A,parent,tic,present,0,0,8056,0
mh_p_ksads__tic__prov__pres_dx,ses-06A,parent,tic,present,96,9188,0,0
mh_p_ksads__tic__prov__pres_dx,ses-07A,parent,tic,present,0,0,8321,0
mh_p_ksads__tic__ts__nosymp__rem_dx,ses-00A,parent,tic,remission,0,0,0,11705
mh_p_ksads__tic__ts__nosymp__rem_dx,ses-01A,parent,tic,remission,0,0,0,11074
mh_p_ksads__tic__ts__nosymp__rem_dx,ses-02A,parent,tic,remission,0,0,0,10739
mh_p_ksads__tic__ts__nosymp__rem_dx,ses-03A,parent,tic,remission,2,9988,0,6
mh_p_ksads__tic__ts__nosymp__rem_dx,ses-04A,parent,tic,remission,15,8385,0,0
mh_p_ksads__tic__ts__nosymp__rem_dx,ses-05A,parent,tic,remission,0,0,8056,0
mh_p_ksads__tic__ts__nosymp__rem_dx,ses-06A,parent,tic,remission,19,9265,0,0
mh_p_ksads__tic__ts__nosymp__rem_dx,ses-07A,parent,tic,remission,0,0,8321,0
mh_p_ksads__tic__ts__pres_dx,ses-00A,parent,tic,present,0,0,0,11705
mh_p_ksads__tic__ts__pres_dx,ses-01A,parent,tic,present,0,0,0,11074
mh_p_ksads__tic__ts__pres_dx,ses-02A,parent,tic,present,0,0,0,10739
mh_p_ksads__tic__ts__pres_dx,ses-03A,parent,tic,present,12,9978,0,6
mh_p_ksads__tic__ts__pres_dx,ses-04A,parent,tic,present,32,8368,0,0
mh_p_ksads__tic__ts__pres_dx,ses-05A,parent,tic,present,0,0,8056,0
mh_p_ksads__tic__ts__pres_dx,ses-06A,parent,tic,present,31,9253,0,0
mh_p_ksads__tic__ts__pres_dx,ses-07A,parent,tic,present,0,0,8321,0
mh_p_ksads__tic__unspec__past_dx,ses-00A,parent,tic,past,0,0,11705,0
mh_p_ksads__tic__unspec__past_dx,ses-01A,parent,tic,past,0,0,11074,0
mh_p_ksads__tic__unspec__past_dx,ses-02A,parent,tic,past,0,0,10739,0
mh_p_ksads__tic__unspec__past_dx,ses-03A,parent,tic,past,0,0,0,9996
mh_p_ksads__tic__unspec__past_dx,ses-04A,parent,tic,past,0,0,0,8400
mh_p_ksads__tic__unspec__past_dx,ses-05A,parent,tic,past,0,0,0,8056
mh_p_ksads__tic__unspec__past_dx,ses-06A,parent,tic,past,0,0,0,9284
mh_p_ksads__tic__unspec__past_dx,ses-07A,parent,tic,past,0,0,0,8321
mh_p_ksads__tic__unspec__pres_dx,ses-00A,parent,tic,present,0,0,11705,0
mh_p_ksads__tic__unspec__pres_dx,ses-01A,parent,tic,present,0,0,11074,0
mh_p_ksads__tic__unspec__pres_dx,ses-02A,parent,tic,present,0,0,10739,0
mh_p_ksads__tic__unspec__pres_dx,ses-03A,parent,tic,present,0,0,0,9996
mh_p_ksads__tic__unspec__pres_dx,ses-04A,parent,tic,present,0,0,0,8400
mh_p_ksads__tic__unspec__pres_dx,ses-05A,parent,tic,present,0,0,0,8056
mh_p_ksads__tic__unspec__pres_dx,ses-06A,parent,tic,present,0,0,0,9284
mh_p_ksads__tic__unspec__pres_dx,ses-07A,parent,tic,present,0,0,0,8321
mh_y_ksads__bpd__bpd1__curdep__partrem_dx,ses-00A,youth,bpd,partial_remission,0,0,0,11782
mh_y_ksads__bpd__bpd1__curdep__partrem_dx,ses-01A,youth,bpd,partial_remission,0,0,0,11099
mh_y_ksads__bpd__bpd1__curdep__partrem_dx,ses-02A,youth,bpd,partial_remission,0,0,0,10855
mh_y_ksads__bpd__bpd1__curdep__partrem_dx,ses-03A,youth,bpd,partial_remission,0,0,10301,0
mh_y_ksads__bpd__bpd1__curdep__partrem_dx,ses-04A,youth,bpd,partial_remission,60,8973,0,7
mh_y_ksads__bpd__bpd1__curdep__partrem_dx,ses-05A,youth,bpd,partial_remission,0,0,8535,0
mh_y_ksads__bpd__bpd1__curdep__partrem_dx,ses-06A,youth,bpd,partial_remission,65,9230,0,4
mh_y_ksads__bpd__bpd1__curdep__partrem_dx,ses-07A,youth,bpd,partial_remission,0,0,8344,13
mh_y_ksads__bpd__bpd1__curdep__pres_dx,ses-00A,youth,bpd,present,25,11750,0,7
mh_y_ksads__bpd__bpd1__curdep__pres_dx,ses-01A,youth,bpd,present,0,1,11096,2
mh_y_ksads__bpd__bpd1__curdep__pres_dx,ses-02A,youth,bpd,present,17,10837,0,1
mh_y_ksads__bpd__bpd1__curdep__pres_dx,ses-03A,youth,bpd,present,0,0,10301,0
mh_y_ksads__bpd__bpd1__curdep__pres_dx,ses-04A,youth,bpd,present,19,9014,0,7
mh_y_ksads__bpd__bpd1__curdep__pres_dx,ses-05A,youth,bpd,present,0,0,8535,0
mh_y_ksads__bpd__bpd1__curdep__pres_dx,ses-06A,youth,bpd,present,27,9268,0,4
mh_y_ksads__bpd__bpd1__curdep__pres_dx,ses-07A,youth,bpd,present,0,0,8344,13
mh_y_ksads__bpd__bpd1__curhypo__pres_dx,ses-00A,youth,bpd,present,6,11769,0,7
mh_y_ksads__bpd__bpd1__curhypo__pres_dx,ses-01A,youth,bpd,present,0,1,11096,2
mh_y_ksads__bpd__bpd1__curhypo__pres_dx,ses-02A,youth,bpd,present,3,10851,0,1
mh_y_ksads__bpd__bpd1__curhypo__pres_dx,ses-03A,youth,bpd,present,0,0,0,10301
mh_y_ksads__bpd__bpd1__curhypo__pres_dx,ses-04A,youth,bpd,present,0,0,0,9040
mh_y_ksads__bpd__bpd1__curhypo__pres_dx,ses-05A,youth,bpd,present,0,0,0,8535
mh_y_ksads__bpd__bpd1__curhypo__pres_dx,ses-06A,youth,bpd,present,0,0,0,9299
mh_y_ksads__bpd__bpd1__curhypo__pres_dx,ses-07A,youth,bpd,present,0,0,0,8357
mh_y_ksads__bpd__bpd1__curmanic__pres_dx,ses-00A,youth,bpd,present,27,11748,0,7
mh_y_ksads__bpd__bpd1__curmanic__pres_dx,ses-01A,youth,bpd,present,0,1,11096,2
mh_y_ksads__bpd__bpd1__curmanic__pres_dx,ses-02A,youth,bpd,present,14,10840,0,1
mh_y_ksads__bpd__bpd1__curmanic__pres_dx,ses-03A,youth,bpd,present,0,0,10301,0
mh_y_ksads__bpd__bpd1__curmanic__pres_dx,ses-04A,youth,bpd,present,26,9007,0,7
mh_y_ksads__bpd__bpd1__curmanic__pres_dx,ses-05A,youth,bpd,present,0,0,8535,0
mh_y_ksads__bpd__bpd1__curmanic__pres_dx,ses-06A,youth,bpd,present,20,9275,0,4
mh_y_ksads__bpd__bpd1__curmanic__pres_dx,ses-07A,youth,bpd,present,0,0,8344,13
mh_y_ksads__bpd__bpd1__rcnt__dep__pres_dx,ses-00A,youth,bpd,present,33,11742,0,7
mh_y_ksads__bpd__bpd1__rcnt__dep__pres_dx,ses-01A,youth,bpd,present,0,1,11096,2
mh_y_ksads__bpd__bpd1__rcnt__dep__pres_dx,ses-02A,youth,bpd,present,33,10821,0,1
mh_y_ksads__bpd__bpd1__rcnt__dep__pres_dx,ses-03A,youth,bpd,present,0,0,0,10301
mh_y_ksads__bpd__bpd1__rcnt__dep__pres_dx,ses-04A,youth,bpd,present,0,0,0,9040
mh_y_ksads__bpd__bpd1__rcnt__dep__pres_dx,ses-05A,youth,bpd,present,0,0,0,8535
mh_y_ksads__bpd__bpd1__rcnt__dep__pres_dx,ses-06A,youth,bpd,present,0,0,0,9299
mh_y_ksads__bpd__bpd1__rcnt__dep__pres_dx,ses-07A,youth,bpd,present,0,0,0,8357
mh_y_ksads__bpd__bpd1__rcnt__manic__pres_dx,ses-00A,youth,bpd,present,351,11424,0,7
mh_y_ksads__bpd__bpd1__rcnt__manic__pres_dx,ses-01A,youth,bpd,present,0,1,11096,2
mh_y_ksads__bpd__bpd1__rcnt__manic__pres_dx,ses-02A,youth,bpd,present,281,10573,0,1
mh_y_ksads__bpd__bpd1__rcnt__manic__pres_dx,ses-03A,youth,bpd,present,0,0,0,10301
mh_y_ksads__bpd__bpd1__rcnt__manic__pres_dx,ses-04A,youth,bpd,present,0,0,0,9040
mh_y_ksads__bpd__bpd1__rcnt__manic__pres_dx,ses-05A,youth,bpd,present,0,0,0,8535
mh_y_ksads__bpd__bpd1__rcnt__manic__pres_dx,ses-06A,youth,bpd,present,0,0,0,9299
mh_y_ksads__bpd__bpd1__rcnt__manic__pres_dx,ses-07A,youth,bpd,present,0,0,0,8357
mh_y_ksads__bpd__bpd1__rcnt__manicmix__pres_dx,ses-00A,youth,bpd,present,0,0,0,11782
mh_y_ksads__bpd__bpd1__rcnt__manicmix__pres_dx,ses-01A,youth,bpd,present,0,0,0,11099
mh_y_ksads__bpd__bpd1__rcnt__manicmix__pres_dx,ses-02A,youth,bpd,present,0,0,0,10855
mh_y_ksads__bpd__bpd1__rcnt__manicmix__pres_dx,ses-03A,youth,bpd,present,0,0,10301,0
mh_y_ksads__bpd__bpd1__rcnt__manicmix__pres_dx,ses-04A,youth,bpd,present,37,8996,0,7
mh_y_ksads__bpd__bpd1__rcnt__manicmix__pres_dx,ses-05A,youth,bpd,present,0,0,8535,0
mh_y_ksads__bpd__bpd1__rcnt__manicmix__pres_dx,ses-06A,youth,bpd,present,28,9267,0,4
mh_y_ksads__bpd__bpd1__rcnt__manicmix__pres_dx,ses-07A,youth,bpd,present,0,0,8344,13
mh_y_ksads__bpd__bpd2__curdep__partrem_dx,ses-00A,youth,bpd,partial_remission,0,0,0,11782
mh_y_ksads__bpd__bpd2__curdep__partrem_dx,ses-01A,youth,bpd,partial_remission,0,0,0,11099
mh_y_ksads__bpd__bpd2__curdep__partrem_dx,ses-02A,youth,bpd,partial_remission,0,0,0,10855
mh_y_ksads__bpd__bpd2__curdep__partrem_dx,ses-03A,youth,bpd,partial_remission,0,0,10301,0
mh_y_ksads__bpd__bpd2__curdep__partrem_dx,ses-04A,youth,bpd,partial_remission,29,9004,0,7
mh_y_ksads__bpd__bpd2__curdep__partrem_dx,ses-05A,youth,bpd,partial_remission,0,0,8535,0
mh_y_ksads__bpd__bpd2__curdep__partrem_dx,ses-06A,youth,bpd,partial_remission,35,9260,0,4
mh_y_ksads__bpd__bpd2__curdep__partrem_dx,ses-07A,youth,bpd,partial_remission,0,0,8344,13
mh_y_ksads__bpd__bpd2__curdep__pres_dx,ses-00A,youth,bpd,present,22,11753,0,7
mh_y_ksads__bpd__bpd2__curdep__pres_dx,ses-01A,youth,bpd,present,0,1,11096,2
mh_y_ksads__bpd__bpd2__curdep__pres_dx,ses-02A,youth,bpd,present,9,10845,0,1
mh_y_ksads__bpd__bpd2__curdep__pres_dx,ses-03A,youth,bpd,present,0,0,10301,0
mh_y_ksads__bpd__bpd2__curdep__pres_dx,ses-04A,youth,bpd,present,4,9029,0,7
mh_y_ksads__bpd__bpd2__curdep__pres_dx,ses-05A,youth,bpd,present,0,0,8535,0
mh_y_ksads__bpd__bpd2__curdep__pres_dx,ses-06A,youth,bpd,present,4,9291,0,4
mh_y_ksads__bpd__bpd2__curdep__pres_dx,ses-07A,youth,bpd,present,0,0,8344,13
mh_y_ksads__bpd__bpd2__curhypo__pres_dx,ses-00A,youth,bpd,present,8,11767,0,7
mh_y_ksads__bpd__bpd2__curhypo__pres_dx,ses-01A,youth,bpd,present,0,1,11096,2
mh_y_ksads__bpd__bpd2__curhypo__pres_dx,ses-02A,youth,bpd,present,2,10852,0,1
mh_y_ksads__bpd__bpd2__curhypo__pres_dx,ses-03A,youth,bpd,present,0,0,10301,0
mh_y_ksads__bpd__bpd2__curhypo__pres_dx,ses-04A,youth,bpd,present,3,9030,0,7
mh_y_ksads__bpd__bpd2__curhypo__pres_dx,ses-05A,youth,bpd,present,0,0,8535,0
mh_y_ksads__bpd__bpd2__curhypo__pres_dx,ses-06A,youth,bpd,present,3,9292,0,4
mh_y_ksads__bpd__bpd2__curhypo__pres_dx,ses-07A,youth,bpd,present,0,0,8344,13
mh_y_ksads__bpd__bpd2__oth__mindur_dx,ses-00A,youth,bpd,unknown,0,0,0,11782
mh_y_ksads__bpd__bpd2__oth__mindur_dx,ses-01A,youth,bpd,unknown,0,0,0,11099
mh_y_ksads__bpd__bpd2__oth__mindur_dx,ses-02A,youth,bpd,unknown,0,0,0,10855
mh_y_ksads__bpd__bpd2__oth__mindur_dx,ses-03A,youth,bpd,unknown,0,0,10301,0
mh_y_ksads__bpd__bpd2__oth__mindur_dx,ses-04A,youth,bpd,unknown,29,9004,0,7
mh_y_ksads__bpd__bpd2__oth__mindur_dx,ses-05A,youth,bpd,unknown,0,0,8535,0
mh_y_ksads__bpd__bpd2__oth__mindur_dx,ses-06A,youth,bpd,unknown,31,9264,0,4
mh_y_ksads__bpd__bpd2__oth__mindur_dx,ses-07A,youth,bpd,unknown,0,0,8344,13
mh_y_ksads__bpd__bpd2__oth__nomdd_dx,ses-00A,youth,bpd,unknown,0,0,0,11782
mh_y_ksads__bpd__bpd2__oth__nomdd_dx,ses-01A,youth,bpd,unknown,0,0,0,11099
mh_y_ksads__bpd__bpd2__oth__nomdd_dx,ses-02A,youth,bpd,unknown,0,0,0,10855
mh_y_ksads__bpd__bpd2__oth__nomdd_dx,ses-03A,youth,bpd,unknown,0,0,10301,0
mh_y_ksads__bpd__bpd2__oth__nomdd_dx,ses-04A,youth,bpd,unknown,31,9002,0,7
mh_y_ksads__bpd__bpd2__oth__nomdd_dx,ses-05A,youth,bpd,unknown,0,0,8535,0
mh_y_ksads__bpd__bpd2__oth__nomdd_dx,ses-06A,youth,bpd,unknown,0,9295,0,4
mh_y_ksads__bpd__bpd2__oth__nomdd_dx,ses-07A,youth,bpd,unknown,0,0,8344,13
mh_y_ksads__bpd__bpd2__rcnt__hypo__pres_dx,ses-00A,youth,bpd,present,118,11657,0,7
mh_y_ksads__bpd__bpd2__rcnt__hypo__pres_dx,ses-01A,youth,bpd,present,0,1,11096,2
mh_y_ksads__bpd__bpd2__rcnt__hypo__pres_dx,ses-02A,youth,bpd,present,94,10760,0,1
mh_y_ksads__bpd__bpd2__rcnt__hypo__pres_dx,ses-03A,youth,bpd,present,0,0,0,10301
mh_y_ksads__bpd__bpd2__rcnt__hypo__pres_dx,ses-04A,youth,bpd,present,0,0,0,9040
mh_y_ksads__bpd__bpd2__rcnt__hypo__pres_dx,ses-05A,youth,bpd,present,0,0,0,8535
mh_y_ksads__bpd__bpd2__rcnt__hypo__pres_dx,ses-06A,youth,bpd,present,0,0,0,9299
mh_y_ksads__bpd__bpd2__rcnt__hypo__pres_dx,ses-07A,youth,bpd,present,0,0,0,8357
mh_y_ksads__bpd__bpd2__rcnt__hypomix__pres_dx,ses-00A,youth,bpd,present,0,0,0,11782
mh_y_ksads__bpd__bpd2__rcnt__hypomix__pres_dx,ses-01A,youth,bpd,present,0,0,0,11099
mh_y_ksads__bpd__bpd2__rcnt__hypomix__pres_dx,ses-02A,youth,bpd,present,0,0,0,10855
mh_y_ksads__bpd__bpd2__rcnt__hypomix__pres_dx,ses-03A,youth,bpd,present,0,0,10301,0
mh_y_ksads__bpd__bpd2__rcnt__hypomix__pres_dx,ses-04A,youth,bpd,present,8,9025,0,7
mh_y_ksads__bpd__bpd2__rcnt__hypomix__pres_dx,ses-05A,youth,bpd,present,0,0,8535,0
mh_y_ksads__bpd__bpd2__rcnt__hypomix__pres_dx,ses-06A,youth,bpd,present,7,9288,0,4
mh_y_ksads__bpd__bpd2__rcnt__hypomix__pres_dx,ses-07A,youth,bpd,present,0,0,8344,13
mh_y_ksads__bpd__oth__mindur_dx,ses-00A,youth,bpd,unknown,0,0,0,11782
mh_y_ksads__bpd__oth__mindur_dx,ses-01A,youth,bpd,unknown,0,0,0,11099
mh_y_ksads__bpd__oth__mindur_dx,ses-02A,youth,bpd,unknown,0,0,0,10855
mh_y_ksads__bpd__oth__mindur_dx,ses-03A,youth,bpd,unknown,0,0,10301,0
mh_y_ksads__bpd__oth__mindur_dx,ses-04A,youth,bpd,unknown,77,8956,0,7
mh_y_ksads__bpd__oth__mindur_dx,ses-05A,youth,bpd,unknown,0,0,8535,0
mh_y_ksads__bpd__oth__mindur_dx,ses-06A,youth,bpd,unknown,102,9193,0,4
mh_y_ksads__bpd__oth__mindur_dx,ses-07A,youth,bpd,unknown,0,0,8344,13
mh_y_ksads__bpd__unspec__past_dx,ses-00A,youth,bpd,past,605,11170,0,7
mh_y_ksads__bpd__unspec__past_dx,ses-01A,youth,bpd,past,0,1,11096,2
mh_y_ksads__bpd__unspec__past_dx,ses-02A,youth,bpd,past,266,10588,0,1
mh_y_ksads__bpd__unspec__past_dx,ses-03A,youth,bpd,past,0,0,0,10301
mh_y_ksads__bpd__unspec__past_dx,ses-04A,youth,bpd,past,0,0,0,9040
mh_y_ksads__bpd__unspec__past_dx,ses-05A,youth,bpd,past,0,0,0,8535
mh_y_ksads__bpd__unspec__past_dx,ses-06A,youth,bpd,past,0,0,0,9299
mh_y_ksads__bpd__unspec__past_dx,ses-07A,youth,bpd,past,0,0,0,8357
mh_y_ksads__bpd__unspec__pres_dx,ses-00A,youth,bpd,present,75,11700,0,7
mh_y_ksads__bpd__unspec__pres_dx,ses-01A,youth,bpd,present,0,1,11096,2
mh_y_ksads__bpd__unspec__pres_dx,ses-02A,youth,bpd,present,39,10815,0,1
mh_y_ksads__bpd__unspec__pres_dx,ses-03A,youth,bpd,present,0,0,0,10301
mh_y_ksads__bpd__unspec__pres_dx,ses-04A,youth,bpd,present,0,0,0,9040
mh_y_ksads__bpd__unspec__pres_dx,ses-05A,youth,bpd,present,0,0,0,8535
mh_y_ksads__bpd__unspec__pres_dx,ses-06A,youth,bpd,present,0,0,0,9299
mh_y_ksads__bpd__unspec__pres_dx,ses-07A,youth,bpd,present,0,0,0,8357
mh_y_ksads__cond__onset__adoles__past_dx,ses-00A,youth,cond,past,0,0,11775,1
mh_y_ksads__cond__onset__adoles__past_dx,ses-01A,youth,cond,past,0,0,11097,0
mh_y_ksads__cond__onset__adoles__past_dx,ses-02A,youth,cond,past,10,10844,0,1
mh_y_ksads__cond__onset__adoles__past_dx,ses-03A,youth,cond,past,0,0,10301,0
mh_y_ksads__cond__onset__adoles__past_dx,ses-04A,youth,cond,past,9,9024,0,7
mh_y_ksads__cond__onset__adoles__past_dx,ses-05A,youth,cond,past,0,0,8535,0
mh_y_ksads__cond__onset__adoles__past_dx,ses-06A,youth,cond,past,43,9252,0,4
mh_y_ksads__cond__onset__adoles__past_dx,ses-07A,youth,cond,past,0,0,8344,13
mh_y_ksads__cond__onset__adoles__pres_dx,ses-00A,youth,cond,present,0,0,11775,1
mh_y_ksads__cond__onset__adoles__pres_dx,ses-01A,youth,cond,present,0,0,11097,0
mh_y_ksads__cond__onset__adoles__pres_dx,ses-02A,youth,cond,present,62,10792,0,1
mh_y_ksads__cond__onset__adoles__pres_dx,ses-03A,youth,cond,present,0,0,10301,0
mh_y_ksads__cond__onset__adoles__pres_dx,ses-04A,youth,cond,present,74,8959,0,7
mh_y_ksads__cond__onset__adoles__pres_dx,ses-05A,youth,cond,present,0,0,8535,0
mh_y_ksads__cond__onset__adoles__pres_dx,ses-06A,youth,cond,present,196,9099,0,4
mh_y_ksads__cond__onset__adoles__pres_dx,ses-07A,youth,cond,present,0,0,8344,13
mh_y_ksads__cond__onset__chld__past_dx,ses-00A,youth,cond,past,0,0,11775,1
mh_y_ksads__cond__onset__chld__past_dx,ses-01A,youth,cond,past,0,0,11097,0
mh_y_ksads__cond__onset__chld__past_dx,ses-02A,youth,cond,past,19,10835,0,1
mh_y_ksads__cond__onset__chld__past_dx,ses-03A,youth,cond,past,0,0,10301,0
mh_y_ksads__cond__onset__chld__past_dx,ses-04A,youth,cond,past,66,8967,0,7
mh_y_ksads__cond__onset__chld__past_dx,ses-05A,youth,cond,past,0,0,8535,0
mh_y_ksads__cond__onset__chld__past_dx,ses-06A,youth,cond,past,114,9181,0,4
mh_y_ksads__cond__onset__chld__past_dx,ses-07A,youth,cond,past,0,0,8344,13
mh_y_ksads__cond__onset__chld__pres_dx,ses-00A,youth,cond,present,0,0,11775,1
mh_y_ksads__cond__onset__chld__pres_dx,ses-01A,youth,cond,present,0,0,11097,0
mh_y_ksads__cond__onset__chld__pres_dx,ses-02A,youth,cond,present,15,10839,0,1
mh_y_ksads__cond__onset__chld__pres_dx,ses-03A,youth,cond,present,0,0,10301,0
mh_y_ksads__cond__onset__chld__pres_dx,ses-04A,youth,cond,present,112,8921,0,7
mh_y_ksads__cond__onset__chld__pres_dx,ses-05A,youth,cond,present,0,0,8535,0
mh_y_ksads__cond__onset__chld__pres_dx,ses-06A,youth,cond,present,210,9085,0,4
mh_y_ksads__cond__onset__chld__pres_dx,ses-07A,youth,cond,present,0,0,8344,13
mh_y_ksads__dep__mdd__partrem_dx,ses-00A,youth,dep,partial_remission,26,11749,0,7
mh_y_ksads__dep__mdd__partrem_dx,ses-01A,youth,dep,partial_remission,0,1,11096,2
mh_y_ksads__dep__mdd__partrem_dx,ses-02A,youth,dep,partial_remission,39,10815,0,1
mh_y_ksads__dep__mdd__partrem_dx,ses-03A,youth,dep,partial_remission,0,0,10301,0
mh_y_ksads__dep__mdd__partrem_dx,ses-04A,youth,dep,partial_remission,799,8234,0,7
mh_y_ksads__dep__mdd__partrem_dx,ses-05A,youth,dep,partial_remission,0,0,8535,0
mh_y_ksads__dep__mdd__partrem_dx,ses-06A,youth,dep,partial_remission,952,8343,0,4
mh_y_ksads__dep__mdd__partrem_dx,ses-07A,youth,dep,partial_remission,0,0,8344,13
mh_y_ksads__dep__mdd__past_dx,ses-00A,youth,dep,past,253,11522,0,7
mh_y_ksads__dep__mdd__past_dx,ses-01A,youth,dep,past,0,1,11096,2
mh_y_ksads__dep__mdd__past_dx,ses-02A,youth,dep,past,319,10535,0,1
mh_y_ksads__dep__mdd__past_dx,ses-03A,youth,dep,past,0,0,10301,0
mh_y_ksads__dep__mdd__past_dx,ses-04A,youth,dep,past,310,8723,0,7
mh_y_ksads__dep__mdd__past_dx,ses-05A,youth,dep,past,0,0,8535,0
mh_y_ksads__dep__mdd__past_dx,ses-06A,youth,dep,past,382,8913,0,4
mh_y_ksads__dep__mdd__past_dx,ses-07A,youth,dep,past,0,0,8344,13
mh_y_ksads__dep__mdd__pres_dx,ses-00A,youth,dep,present,66,11709,0,7
mh_y_ksads__dep__mdd__pres_dx,ses-01A,youth,dep,present,0,1,11096,2
mh_y_ksads__dep__mdd__pres_dx,ses-02A,youth,dep,present,62,10792,0,1
mh_y_ksads__dep__mdd__pres_dx,ses-03A,youth,dep,present,0,0,10301,0
mh_y_ksads__dep__mdd__pres_dx,ses-04A,youth,dep,present,194,8839,0,7
mh_y_ksads__dep__mdd__pres_dx,ses-05A,youth,dep,present,0,0,8535,0
mh_y_ksads__dep__mdd__pres_dx,ses-06A,youth,dep,present,216,9079,0,4
mh_y_ksads__dep__mdd__pres_dx,ses-07A,youth,dep,present,0,0,8344,13
mh_y_ksads__dep__pdd__oth__pres_dx,ses-00A,youth,dep,present,0,0,0,11782
mh_y_ksads__dep__pdd__oth__pres_dx,ses-01A,youth,dep,present,0,0,0,11099
mh_y_ksads__dep__pdd__oth__pres_dx,ses-02A,youth,dep,present,0,0,0,10855
mh_y_ksads__dep__pdd__oth__pres_dx,ses-03A,youth,dep,present,0,0,10301,0
mh_y_ksads__dep__pdd__oth__pres_dx,ses-04A,youth,dep,present,7,9026,0,7
mh_y_ksads__dep__pdd__oth__pres_dx,ses-05A,youth,dep,present,0,0,8535,0
mh_y_ksads__dep__pdd__oth__pres_dx,ses-06A,youth,dep,present,10,9285,0,4
mh_y_ksads__dep__pdd__oth__pres_dx,ses-07A,youth,dep,present,0,0,8344,13
mh_y_ksads__dep__pdd__partrem_dx,ses-00A,youth,dep,partial_remission,0,11775,0,7
mh_y_ksads__dep__pdd__partrem_dx,ses-01A,youth,dep,partial_remission,0,1,11096,2
mh_y_ksads__dep__pdd__partrem_dx,ses-02A,youth,dep,partial_remission,0,10854,0,1
mh_y_ksads__dep__pdd__partrem_dx,ses-03A,youth,dep,partial_remission,0,0,10301,0
mh_y_ksads__dep__pdd__partrem_dx,ses-04A,youth,dep,partial_remission,6,9027,0,7
mh_y_ksads__dep__pdd__partrem_dx,ses-05A,youth,dep,partial_remission,0,0,8535,0
mh_y_ksads__dep__pdd__partrem_dx,ses-06A,youth,dep,partial_remission,10,9285,0,4
mh_y_ksads__dep__pdd__partrem_dx,ses-07A,youth,dep,partial_remission,0,0,8344,13
mh_y_ksads__dep__pdd__past_dx,ses-00A,youth,dep,past,7,11768,0,7
mh_y_ksads__dep__pdd__past_dx,ses-01A,youth,dep,past,0,1,11096,2
mh_y_ksads__dep__pdd__past_dx,ses-02A,youth,dep,past,12,10842,0,1
mh_y_ksads__dep__pdd__past_dx,ses-03A,youth,dep,past,0,0,10301,0
mh_y_ksads__dep__pdd__past_dx,ses-04A,youth,dep,past,13,9020,0,7
mh_y_ksads__dep__pdd__past_dx,ses-05A,youth,dep,past,0,0,8535,0
mh_y_ksads__dep__pdd__past_dx,ses-06A,youth,dep,past,14,9281,0,4
mh_y_ksads__dep__pdd__past_dx,ses-07A,youth,dep,past,0,0,8344,13
mh_y_ksads__dep__pdd__pres_dx,ses-00A,youth,dep,present,0,11775,0,7
mh_y_ksads__dep__pdd__pres_dx,ses-01A,youth,dep,present,0,1,11096,2
mh_y_ksads__dep__pdd__pres_dx,ses-02A,youth,dep,present,0,10854,0,1
mh_y_ksads__dep__pdd__pres_dx,ses-03A,youth,dep,present,0,0,10301,0
mh_y_ksads__dep__pdd__pres_dx,ses-04A,youth,dep,present,73,8960,0,7
mh_y_ksads__dep__pdd__pres_dx,ses-05A,youth,dep,present,0,0,8535,0
mh_y_ksads__dep__pdd__pres_dx,ses-06A,youth,dep,present,56,9239,0,4
mh_y_ksads__dep__pdd__pres_dx,ses-07A,youth,dep,present,0,0,8344,13
mh_y_ksads__dep__unspec__past_dx,ses-00A,youth,dep,past,258,11517,0,7
mh_y_ksads__dep__unspec__past_dx,ses-01A,youth,dep,past,0,1,11096,2
mh_y_ksads__dep__unspec__past_dx,ses-02A,youth,dep,past,257,10597,0,1
mh_y_ksads__dep__unspec__past_dx,ses-03A,youth,dep,past,0,0,0,10301
mh_y_ksads__dep__unspec__past_dx,ses-04A,youth,dep,past,0,0,0,9040
mh_y_ksads__dep__unspec__past_dx,ses-05A,youth,dep,past,0,0,0,8535
mh_y_ksads__dep__unspec__past_dx,ses-06A,youth,dep,past,0,0,0,9299
mh_y_ksads__dep__unspec__past_dx,ses-07A,youth,dep,past,0,0,0,8357
mh_y_ksads__dep__unspec__pres_dx,ses-00A,youth,dep,present,27,11748,0,7
mh_y_ksads__dep__unspec__pres_dx,ses-01A,youth,dep,present,0,1,11096,2
mh_y_ksads__dep__unspec__pres_dx,ses-02A,youth,dep,present,0,10854,0,1
mh_y_ksads__dep__unspec__pres_dx,ses-03A,youth,dep,present,0,0,0,10301
mh_y_ksads__dep__unspec__pres_dx,ses-04A,youth,dep,present,0,0,0,9040
mh_y_ksads__dep__unspec__pres_dx,ses-05A,youth,dep,present,0,0,0,8535
mh_y_ksads__dep__unspec__pres_dx,ses-06A,youth,dep,present,0,0,0,9299
mh_y_ksads__dep__unspec__pres_dx,ses-07A,youth,dep,present,0,0,0,8357
mh_y_ksads__dmdd__dmdd__pres_dx,ses-00A,youth,dmdd,present,13,11762,0,0
mh_y_ksads__dmdd__dmdd__pres_dx,ses-01A,youth,dmdd,present,0,1,11096,0
mh_y_ksads__dmdd__dmdd__pres_dx,ses-02A,youth,dmdd,present,3,10851,0,0
mh_y_ksads__dmdd__dmdd__pres_dx,ses-03A,youth,dmdd,present,0,0,10301,0
mh_y_ksads__dmdd__dmdd__pres_dx,ses-04A,youth,dmdd,present,16,9017,0,7
mh_y_ksads__dmdd__dmdd__pres_dx,ses-05A,youth,dmdd,present,0,0,8535,0
mh_y_ksads__dmdd__dmdd__pres_dx,ses-06A,youth,dmdd,present,5,9290,0,4
mh_y_ksads__dmdd__dmdd__pres_dx,ses-07A,youth,dmdd,present,0,0,8344,13
mh_y_ksads__ed__an__bingeprg__partrem_dx,ses-00A,youth,ed,partial_remission,0,0,11775,1
mh_y_ksads__ed__an__bingeprg__partrem_dx,ses-01A,youth,ed,partial_remission,0,0,11097,0
mh_y_ksads__ed__an__bingeprg__partrem_dx,ses-02A,youth,ed,partial_remission,3,10851,0,1
mh_y_ksads__ed__an__bingeprg__partrem_dx,ses-03A,youth,ed,partial_remission,0,0,10301,0
mh_y_ksads__ed__an__bingeprg__partrem_dx,ses-04A,youth,ed,partial_remission,0,9033,0,7
mh_y_ksads__ed__an__bingeprg__partrem_dx,ses-05A,youth,ed,partial_remission,0,0,8535,0
mh_y_ksads__ed__an__bingeprg__partrem_dx,ses-06A,youth,ed,partial_remission,1,9294,0,4
mh_y_ksads__ed__an__bingeprg__partrem_dx,ses-07A,youth,ed,partial_remission,0,0,8344,13
mh_y_ksads__ed__an__bingeprg__past_dx,ses-00A,youth,ed,past,0,0,11775,1
mh_y_ksads__ed__an__bingeprg__past_dx,ses-01A,youth,ed,past,0,0,11097,0
mh_y_ksads__ed__an__bingeprg__past_dx,ses-02A,youth,ed,past,0,10854,0,1
mh_y_ksads__ed__an__bingeprg__past_dx,ses-03A,youth,ed,past,0,0,10301,0
mh_y_ksads__ed__an__bingeprg__past_dx,ses-04A,youth,ed,past,1,9032,0,7
mh_y_ksads__ed__an__bingeprg__past_dx,ses-05A,youth,ed,past,0,0,8535,0
mh_y_ksads__ed__an__bingeprg__past_dx,ses-06A,youth,ed,past,5,9290,0,4
mh_y_ksads__ed__an__bingeprg__past_dx,ses-07A,youth,ed,past,0,0,8344,13
mh_y_ksads__ed__an__bingeprg__pres_dx,ses-00A,youth,ed,present,0,0,11775,1
mh_y_ksads__ed__an__bingeprg__pres_dx,ses-01A,youth,ed,present,0,0,11097,0
mh_y_ksads__ed__an__bingeprg__pres_dx,ses-02A,youth,ed,present,0,10854,0,1
mh_y_ksads__ed__an__bingeprg__pres_dx,ses-03A,youth,ed,present,0,0,10301,0
mh_y_ksads__ed__an__bingeprg__pres_dx,ses-04A,youth,ed,present,19,9014,0,7
mh_y_ksads__ed__an__bingeprg__pres_dx,ses-05A,youth,ed,present,0,0,8535,0
mh_y_ksads__ed__an__bingeprg__pres_dx,ses-06A,youth,ed,present,18,9277,0,4
mh_y_ksads__ed__an__bingeprg__pres_dx,ses-07A,youth,ed,present,0,0,8344,13
mh_y_ksads__ed__an__oth__past_dx,ses-00A,youth,ed,past,0,0,11775,1
mh_y_ksads__ed__an__oth__past_dx,ses-01A,youth,ed,past,0,0,11097,0
mh_y_ksads__ed__an__oth__past_dx,ses-02A,youth,ed,past,15,10839,0,1
mh_y_ksads__ed__an__oth__past_dx,ses-03A,youth,ed,past,0,0,10301,0
mh_y_ksads__ed__an__oth__past_dx,ses-04A,youth,ed,past,528,8505,0,7
mh_y_ksads__ed__an__oth__past_dx,ses-05A,youth,ed,past,1,0,8534,0
mh_y_ksads__ed__an__oth__past_dx,ses-06A,youth,ed,past,776,8519,0,4
mh_y_ksads__ed__an__oth__past_dx,ses-07A,youth,ed,past,0,0,8344,13
mh_y_ksads__ed__an__oth__pres_dx,ses-00A,youth,ed,present,0,0,11775,1
mh_y_ksads__ed__an__oth__pres_dx,ses-01A,youth,ed,present,0,0,11097,0
mh_y_ksads__ed__an__oth__pres_dx,ses-02A,youth,ed,present,5,10849,0,1
mh_y_ksads__ed__an__oth__pres_dx,ses-03A,youth,ed,present,0,0,10301,0
mh_y_ksads__ed__an__oth__pres_dx,ses-04A,youth,ed,present,325,8708,0,7
mh_y_ksads__ed__an__oth__pres_dx,ses-05A,youth,ed,present,0,0,8535,0
mh_y_ksads__ed__an__oth__pres_dx,ses-06A,youth,ed,present,465,8830,0,4
mh_y_ksads__ed__an__oth__pres_dx,ses-07A,youth,ed,present,0,0,8344,13
mh_y_ksads__ed__an__restrict__partrem_dx,ses-00A,youth,ed,partial_remission,0,0,11775,1
mh_y_ksads__ed__an__restrict__partrem_dx,ses-01A,youth,ed,partial_remission,0,0,11097,0
mh_y_ksads__ed__an__restrict__partrem_dx,ses-02A,youth,ed,partial_remission,0,10854,0,1
mh_y_ksads__ed__an__restrict__partrem_dx,ses-03A,youth,ed,partial_remission,0,0,10301,0
mh_y_ksads__ed__an__restrict__partrem_dx,ses-04A,youth,ed,partial_remission,2,9031,0,7
mh_y_ksads__ed__an__restrict__partrem_dx,ses-05A,youth,ed,partial_remission,0,0,8535,0
mh_y_ksads__ed__an__restrict__partrem_dx,ses-06A,youth,ed,partial_remission,0,9295,0,4
mh_y_ksads__ed__an__restrict__partrem_dx,ses-07A,youth,ed,partial_remission,0,0,8344,13
mh_y_ksads__ed__an__restrict__past_dx,ses-00A,youth,ed,past,0,0,11775,1
mh_y_ksads__ed__an__restrict__past_dx,ses-01A,youth,ed,past,0,0,11097,0
mh_y_ksads__ed__an__restrict__past_dx,ses-02A,youth,ed,past,0,10854,0,1
mh_y_ksads__ed__an__restrict__past_dx,ses-03A,youth,ed,past,0,0,10301,0
mh_y_ksads__ed__an__restrict__past_dx,ses-04A,youth,ed,past,7,9026,0,7
mh_y_ksads__ed__an__restrict__past_dx,ses-05A,youth,ed,past,0,0,8535,0
mh_y_ksads__ed__an__restrict__past_dx,ses-06A,youth,ed,past,11,9284,0,4
mh_y_ksads__ed__an__restrict__past_dx,ses-07A,youth,ed,past,0,0,8344,13
mh_y_ksads__ed__an__restrict__pres_dx,ses-00A,youth,ed,present,0,0,11775,1
mh_y_ksads__ed__an__restrict__pres_dx,ses-01A,youth,ed,present,0,0,11097,0
mh_y_ksads__ed__an__restrict__pres_dx,ses-02A,youth,ed,present,0,10854,0,1
mh_y_ksads__ed__an__restrict__pres_dx,ses-03A,youth,ed,present,0,0,10301,0
mh_y_ksads__ed__an__restrict__pres_dx,ses-04A,youth,ed,present,14,9019,0,7
mh_y_ksads__ed__an__restrict__pres_dx,ses-05A,youth,ed,present,0,0,8535,0
mh_y_ksads__ed__an__restrict__pres_dx,ses-06A,youth,ed,present,28,9267,0,4
mh_y_ksads__ed__an__restrict__pres_dx,ses-07A,youth,ed,present,0,0,8344,13
mh_y_ksads__ed__binge__oth__mindur__past_dx,ses-00A,youth,ed,past,0,0,11775,1
mh_y_ksads__ed__binge__oth__mindur__past_dx,ses-01A,youth,ed,past,0,0,11097,0
mh_y_ksads__ed__binge__oth__mindur__past_dx,ses-02A,youth,ed,past,8,10846,0,1
mh_y_ksads__ed__binge__oth__mindur__past_dx,ses-03A,youth,ed,past,0,0,10301,0
mh_y_ksads__ed__binge__oth__mindur__past_dx,ses-04A,youth,ed,past,7,9026,0,7
mh_y_ksads__ed__binge__oth__mindur__past_dx,ses-05A,youth,ed,past,0,0,8535,0
mh_y_ksads__ed__binge__oth__mindur__past_dx,ses-06A,youth,ed,past,12,9283,0,4
mh_y_ksads__ed__binge__oth__mindur__past_dx,ses-07A,youth,ed,past,0,0,8344,13
mh_y_ksads__ed__binge__oth__mindur__pres_dx,ses-00A,youth,ed,present,0,0,11775,1
mh_y_ksads__ed__binge__oth__mindur__pres_dx,ses-01A,youth,ed,present,0,0,11097,0
mh_y_ksads__ed__binge__oth__mindur__pres_dx,ses-02A,youth,ed,present,9,10845,0,1
mh_y_ksads__ed__binge__oth__mindur__pres_dx,ses-03A,youth,ed,present,0,0,10301,0
mh_y_ksads__ed__binge__oth__mindur__pres_dx,ses-04A,youth,ed,present,37,8996,0,7
mh_y_ksads__ed__binge__oth__mindur__pres_dx,ses-05A,youth,ed,present,0,0,8535,0
mh_y_ksads__ed__binge__oth__mindur__pres_dx,ses-06A,youth,ed,present,23,9272,0,4
mh_y_ksads__ed__binge__oth__mindur__pres_dx,ses-07A,youth,ed,present,0,0,8344,13
mh_y_ksads__ed__binge__partrem_dx,ses-00A,youth,ed,partial_remission,0,0,11775,1
mh_y_ksads__ed__binge__partrem_dx,ses-01A,youth,ed,partial_remission,0,0,11097,0
mh_y_ksads__ed__binge__partrem_dx,ses-02A,youth,ed,partial_remission,1,10853,0,1
mh_y_ksads__ed__binge__partrem_dx,ses-03A,youth,ed,partial_remission,0,0,0,10301
mh_y_ksads__ed__binge__partrem_dx,ses-04A,youth,ed,partial_remission,0,0,0,9040
mh_y_ksads__ed__binge__partrem_dx,ses-05A,youth,ed,partial_remission,0,0,0,8535
mh_y_ksads__ed__binge__partrem_dx,ses-06A,youth,ed,partial_remission,0,0,0,9299
mh_y_ksads__ed__binge__partrem_dx,ses-07A,youth,ed,partial_remission,0,0,0,8357
mh_y_ksads__ed__binge__past_dx,ses-00A,youth,ed,past,0,0,11775,1
mh_y_ksads__ed__binge__past_dx,ses-01A,youth,ed,past,0,0,11097,0
mh_y_ksads__ed__binge__past_dx,ses-02A,youth,ed,past,10,10844,0,1
mh_y_ksads__ed__binge__past_dx,ses-03A,youth,ed,past,0,0,10301,0
mh_y_ksads__ed__binge__past_dx,ses-04A,youth,ed,past,4,9029,0,7
mh_y_ksads__ed__binge__past_dx,ses-05A,youth,ed,past,0,0,8535,0
mh_y_ksads__ed__binge__past_dx,ses-06A,youth,ed,past,16,9279,0,4
mh_y_ksads__ed__binge__past_dx,ses-07A,youth,ed,past,0,0,8344,13
mh_y_ksads__ed__binge__pres_dx,ses-00A,youth,ed,present,0,0,11775,1
mh_y_ksads__ed__binge__pres_dx,ses-01A,youth,ed,present,0,0,11097,0
mh_y_ksads__ed__binge__pres_dx,ses-02A,youth,ed,present,23,10831,0,1
mh_y_ksads__ed__binge__pres_dx,ses-03A,youth,ed,present,0,0,10301,0
mh_y_ksads__ed__binge__pres_dx,ses-04A,youth,ed,present,58,8975,0,7
mh_y_ksads__ed__binge__pres_dx,ses-05A,youth,ed,present,0,0,8535,0
mh_y_ksads__ed__binge__pres_dx,ses-06A,youth,ed,present,102,9192,0,5
mh_y_ksads__ed__binge__pres_dx,ses-07A,youth,ed,present,0,0,8344,13
mh_y_ksads__ed__bulim__oth__mindur__past_dx,ses-00A,youth,ed,past,0,0,11775,1
mh_y_ksads__ed__bulim__oth__mindur__past_dx,ses-01A,youth,ed,past,0,0,11097,0
mh_y_ksads__ed__bulim__oth__mindur__past_dx,ses-02A,youth,ed,past,4,10850,0,1
mh_y_ksads__ed__bulim__oth__mindur__past_dx,ses-03A,youth,ed,past,0,0,10301,0
mh_y_ksads__ed__bulim__oth__mindur__past_dx,ses-04A,youth,ed,past,9,9024,0,7
mh_y_ksads__ed__bulim__oth__mindur__past_dx,ses-05A,youth,ed,past,0,0,8535,0
mh_y_ksads__ed__bulim__oth__mindur__past_dx,ses-06A,youth,ed,past,25,9270,0,4
mh_y_ksads__ed__bulim__oth__mindur__past_dx,ses-07A,youth,ed,past,0,0,8344,13
mh_y_ksads__ed__bulim__oth__mindur__pres_dx,ses-00A,youth,ed,present,0,0,11775,1
mh_y_ksads__ed__bulim__oth__mindur__pres_dx,ses-01A,youth,ed,present,0,0,11097,0
mh_y_ksads__ed__bulim__oth__mindur__pres_dx,ses-02A,youth,ed,present,8,10846,0,1
mh_y_ksads__ed__bulim__oth__mindur__pres_dx,ses-03A,youth,ed,present,0,0,10301,0
mh_y_ksads__ed__bulim__oth__mindur__pres_dx,ses-04A,youth,ed,present,19,9014,0,7
mh_y_ksads__ed__bulim__oth__mindur__pres_dx,ses-05A,youth,ed,present,0,0,8535,0
mh_y_ksads__ed__bulim__oth__mindur__pres_dx,ses-06A,youth,ed,present,50,9245,0,4
mh_y_ksads__ed__bulim__oth__mindur__pres_dx,ses-07A,youth,ed,present,0,0,8344,13
mh_y_ksads__ed__bulim__partrem_dx,ses-00A,youth,ed,partial_remission,0,0,11775,1
mh_y_ksads__ed__bulim__partrem_dx,ses-01A,youth,ed,partial_remission,0,0,11097,0
mh_y_ksads__ed__bulim__partrem_dx,ses-02A,youth,ed,partial_remission,0,10854,0,1
mh_y_ksads__ed__bulim__partrem_dx,ses-03A,youth,ed,partial_remission,0,0,10301,0
mh_y_ksads__ed__bulim__partrem_dx,ses-04A,youth,ed,partial_remission,0,9033,0,7
mh_y_ksads__ed__bulim__partrem_dx,ses-05A,youth,ed,partial_remission,0,0,8535,0
mh_y_ksads__ed__bulim__partrem_dx,ses-06A,youth,ed,partial_remission,1,9293,0,5
mh_y_ksads__ed__bulim__partrem_dx,ses-07A,youth,ed,partial_remission,0,0,8344,13
mh_y_ksads__ed__bulim__past_dx,ses-00A,youth,ed,past,0,0,11775,1
mh_y_ksads__ed__bulim__past_dx,ses-01A,youth,ed,past,0,0,11097,0
mh_y_ksads__ed__bulim__past_dx,ses-02A,youth,ed,past,2,10852,0,1
mh_y_ksads__ed__bulim__past_dx,ses-03A,youth,ed,past,0,0,10301,0
mh_y_ksads__ed__bulim__past_dx,ses-04A,youth,ed,past,1,9032,0,7
mh_y_ksads__ed__bulim__past_dx,ses-05A,youth,ed,past,0,0,8535,0
mh_y_ksads__ed__bulim__past_dx,ses-06A,youth,ed,past,16,9278,0,5
mh_y_ksads__ed__bulim__past_dx,ses-07A,youth,ed,past,0,0,8344,13
mh_y_ksads__ed__bulim__pres_dx,ses-00A,youth,ed,present,0,0,11775,1
mh_y_ksads__ed__bulim__pres_dx,ses-01A,youth,ed,present,0,0,11097,0
mh_y_ksads__ed__bulim__pres_dx,ses-02A,youth,ed,present,1,10853,0,1
mh_y_ksads__ed__bulim__pres_dx,ses-03A,youth,ed,present,0,0,10301,0
mh_y_ksads__ed__bulim__pres_dx,ses-04A,youth,ed,present,28,9005,0,7
mh_y_ksads__ed__bulim__pres_dx,ses-05A,youth,ed,present,0,0,8535,0
mh_y_ksads__ed__bulim__pres_dx,ses-06A,youth,ed,present,62,9233,0,4
mh_y_ksads__ed__bulim__pres_dx,ses-07A,youth,ed,present,0,0,8344,13
mh_y_ksads__gad__oth__mindur__past_dx,ses-00A,youth,gad,past,157,11618,0,7
mh_y_ksads__gad__oth__mindur__past_dx,ses-01A,youth,gad,past,0,1,11096,2
mh_y_ksads__gad__oth__mindur__past_dx,ses-02A,youth,gad,past,172,10682,0,1
mh_y_ksads__gad__oth__mindur__past_dx,ses-03A,youth,gad,past,0,0,10301,0
mh_y_ksads__gad__oth__mindur__past_dx,ses-04A,youth,gad,past,302,8731,0,7
mh_y_ksads__gad__oth__mindur__past_dx,ses-05A,youth,gad,past,0,0,8535,0
mh_y_ksads__gad__oth__mindur__past_dx,ses-06A,youth,gad,past,387,8908,0,4
mh_y_ksads__gad__oth__mindur__past_dx,ses-07A,youth,gad,past,0,0,8344,13
mh_y_ksads__gad__oth__mindur__pres_dx,ses-00A,youth,gad,present,21,11754,0,7
mh_y_ksads__gad__oth__mindur__pres_dx,ses-01A,youth,gad,present,0,1,11096,2
mh_y_ksads__gad__oth__mindur__pres_dx,ses-02A,youth,gad,present,41,10813,0,1
mh_y_ksads__gad__oth__mindur__pres_dx,ses-03A,youth,gad,present,0,0,10301,0
mh_y_ksads__gad__oth__mindur__pres_dx,ses-04A,youth,gad,present,47,8986,0,7
mh_y_ksads__gad__oth__mindur__pres_dx,ses-05A,youth,gad,present,0,0,8535,0
mh_y_ksads__gad__oth__mindur__pres_dx,ses-06A,youth,gad,present,53,9242,0,4
mh_y_ksads__gad__oth__mindur__pres_dx,ses-07A,youth,gad,present,0,0,8344,13
mh_y_ksads__gad__past_dx,ses-00A,youth,gad,past,56,11719,0,7
mh_y_ksads__gad__past_dx,ses-01A,youth,gad,past,0,1,11096,2
mh_y_ksads__gad__past_dx,ses-02A,youth,gad,past,98,10756,0,1
mh_y_ksads__gad__past_dx,ses-03A,youth,gad,past,0,0,10301,0
mh_y_ksads__gad__past_dx,ses-04A,youth,gad,past,199,8834,0,7
mh_y_ksads__gad__past_dx,ses-05A,youth,gad,past,0,0,8535,0
mh_y_ksads__gad__past_dx,ses-06A,youth,gad,past,270,9025,0,4
mh_y_ksads__gad__past_dx,ses-07A,youth,gad,past,0,0,8344,13
mh_y_ksads__gad__pres_dx,ses-00A,youth,gad,present,35,11740,0,7
mh_y_ksads__gad__pres_dx,ses-01A,youth,gad,present,0,1,11096,2
mh_y_ksads__gad__pres_dx,ses-02A,youth,gad,present,61,10793,0,1
mh_y_ksads__gad__pres_dx,ses-03A,youth,gad,present,0,0,10301,0
mh_y_ksads__gad__pres_dx,ses-04A,youth,gad,present,161,8872,0,7
mh_y_ksads__gad__pres_dx,ses-05A,youth,gad,present,0,0,8535,0
mh_y_ksads__gad__pres_dx,ses-06A,youth,gad,present,186,9109,0,4
mh_y_ksads__gad__pres_dx,ses-07A,youth,gad,present,0,0,8344,13
mh_y_ksads__ocd__oth__past_dx,ses-00A,youth,ocd,past,0,0,11775,0
mh_y_ksads__ocd__oth__past_dx,ses-01A,youth,ocd,past,0,0,11097,0
mh_y_ksads__ocd__oth__past_dx,ses-02A,youth,ocd,past,0,0,10854,0
mh_y_ksads__ocd__oth__past_dx,ses-03A,youth,ocd,past,0,0,10301,0
mh_y_ksads__ocd__oth__past_dx,ses-04A,youth,ocd,past,0,0,9033,7
mh_y_ksads__ocd__oth__past_dx,ses-05A,youth,ocd,past,0,0,8535,0
mh_y_ksads__ocd__oth__past_dx,ses-06A,youth,ocd,past,5,9290,0,4
mh_y_ksads__ocd__oth__past_dx,ses-07A,youth,ocd,past,0,0,8344,13
mh_y_ksads__ocd__oth__pres_dx,ses-00A,youth,ocd,present,0,0,11775,0
mh_y_ksads__ocd__oth__pres_dx,ses-01A,youth,ocd,present,0,0,11097,0
mh_y_ksads__ocd__oth__pres_dx,ses-02A,youth,ocd,present,0,0,10854,0
mh_y_ksads__ocd__oth__pres_dx,ses-03A,youth,ocd,present,0,0,10301,0
mh_y_ksads__ocd__oth__pres_dx,ses-04A,youth,ocd,present,0,0,9033,7
mh_y_ksads__ocd__oth__pres_dx,ses-05A,youth,ocd,present,0,0,8535,0
mh_y_ksads__ocd__oth__pres_dx,ses-06A,youth,ocd,present,3,9292,0,4
mh_y_ksads__ocd__oth__pres_dx,ses-07A,youth,ocd,present,0,0,8344,13
mh_y_ksads__ocd__past_dx,ses-00A,youth,ocd,past,0,0,11775,0
mh_y_ksads__ocd__past_dx,ses-01A,youth,ocd,past,0,0,11097,0
mh_y_ksads__ocd__past_dx,ses-02A,youth,ocd,past,0,0,10854,0
mh_y_ksads__ocd__past_dx,ses-03A,youth,ocd,past,0,0,10301,0
mh_y_ksads__ocd__past_dx,ses-04A,youth,ocd,past,0,0,9033,7
mh_y_ksads__ocd__past_dx,ses-05A,youth,ocd,past,0,0,8535,0
mh_y_ksads__ocd__past_dx,ses-06A,youth,ocd,past,66,9229,0,4
mh_y_ksads__ocd__past_dx,ses-07A,youth,ocd,past,0,0,8344,13
mh_y_ksads__ocd__pres_dx,ses-00A,youth,ocd,present,0,0,11775,0
mh_y_ksads__ocd__pres_dx,ses-01A,youth,ocd,present,0,0,11097,0
mh_y_ksads__ocd__pres_dx,ses-02A,youth,ocd,present,0,0,10854,0
mh_y_ksads__ocd__pres_dx,ses-03A,youth,ocd,present,0,0,10301,0
mh_y_ksads__ocd__pres_dx,ses-04A,youth,ocd,present,0,0,9033,7
mh_y_ksads__ocd__pres_dx,ses-05A,youth,ocd,present,0,0,8535,0
mh_y_ksads__ocd__pres_dx,ses-06A,youth,ocd,present,673,8622,0,4
mh_y_ksads__ocd__pres_dx,ses-07A,youth,ocd,present,0,0,8344,13
mh_y_ksads__panic__oth__past_dx,ses-00A,youth,panic,past,0,0,11775,0
mh_y_ksads__panic__oth__past_dx,ses-01A,youth,panic,past,0,0,11097,0
mh_y_ksads__panic__oth__past_dx,ses-02A,youth,panic,past,0,0,10854,0
mh_y_ksads__panic__oth__past_dx,ses-03A,youth,panic,past,0,0,10301,0
mh_y_ksads__panic__oth__past_dx,ses-04A,youth,panic,past,0,0,9033,7
mh_y_ksads__panic__oth__past_dx,ses-05A,youth,panic,past,0,0,8535,0
mh_y_ksads__panic__oth__past_dx,ses-06A,youth,panic,past,177,9118,0,4
mh_y_ksads__panic__oth__past_dx,ses-07A,youth,panic,past,0,0,8344,13
mh_y_ksads__panic__oth__pres_dx,ses-00A,youth,panic,present,0,0,11775,0
mh_y_ksads__panic__oth__pres_dx,ses-01A,youth,panic,present,0,0,11097,0
mh_y_ksads__panic__oth__pres_dx,ses-02A,youth,panic,present,0,0,10854,0
mh_y_ksads__panic__oth__pres_dx,ses-03A,youth,panic,present,0,0,10301,0
mh_y_ksads__panic__oth__pres_dx,ses-04A,youth,panic,present,0,0,9033,7
mh_y_ksads__panic__oth__pres_dx,ses-05A,youth,panic,present,0,0,8535,0
mh_y_ksads__panic__oth__pres_dx,ses-06A,youth,panic,present,36,9259,0,4
mh_y_ksads__panic__oth__pres_dx,ses-07A,youth,panic,present,0,0,8344,13
mh_y_ksads__panic__partrem_dx,ses-00A,youth,panic,partial_remission,0,0,0,11775
mh_y_ksads__panic__partrem_dx,ses-01A,youth,panic,partial_remission,0,0,0,11097
mh_y_ksads__panic__partrem_dx,ses-02A,youth,panic,partial_remission,0,0,0,10854
mh_y_ksads__panic__partrem_dx,ses-03A,youth,panic,partial_remission,0,0,10301,0
mh_y_ksads__panic__partrem_dx,ses-04A,youth,panic,partial_remission,0,0,9033,7
mh_y_ksads__panic__partrem_dx,ses-05A,youth,panic,partial_remission,0,0,8535,0
mh_y_ksads__panic__partrem_dx,ses-06A,youth,panic,partial_remission,151,9144,0,4
mh_y_ksads__panic__partrem_dx,ses-07A,youth,panic,partial_remission,0,0,8344,13
mh_y_ksads__panic__past_dx,ses-00A,youth,panic,past,0,0,11775,0
mh_y_ksads__panic__past_dx,ses-01A,youth,panic,past,0,0,11097,0
mh_y_ksads__panic__past_dx,ses-02A,youth,panic,past,0,0,10854,0
mh_y_ksads__panic__past_dx,ses-03A,youth,panic,past,0,0,10301,0
mh_y_ksads__panic__past_dx,ses-04A,youth,panic,past,0,0,9033,7
mh_y_ksads__panic__past_dx,ses-05A,youth,panic,past,0,0,8535,0
mh_y_ksads__panic__past_dx,ses-06A,youth,panic,past,180,9115,0,4
mh_y_ksads__panic__past_dx,ses-07A,youth,panic,past,0,0,8344,13
mh_y_ksads__panic__pres_dx,ses-00A,youth,panic,present,0,0,11775,0
mh_y_ksads__panic__pres_dx,ses-01A,youth,panic,present,0,0,11097,0
mh_y_ksads__panic__pres_dx,ses-02A,youth,panic,present,0,0,10854,0
mh_y_ksads__panic__pres_dx,ses-03A,youth,panic,present,0,0,10301,0
mh_y_ksads__panic__pres_dx,ses-04A,youth,panic,present,0,0,9033,7
mh_y_ksads__panic__pres_dx,ses-05A,youth,panic,present,0,0,8535,0
mh_y_ksads__panic__pres_dx,ses-06A,youth,panic,present,129,9166,0,4
mh_y_ksads__panic__pres_dx,ses-07A,youth,panic,present,0,0,8344,13
mh_y_ksads__ptsd__oth__past_dx,ses-00A,youth,ptsd,past,0,0,11775,0
mh_y_ksads__ptsd__oth__past_dx,ses-01A,youth,ptsd,past,0,0,11097,0
mh_y_ksads__ptsd__oth__past_dx,ses-02A,youth,ptsd,past,0,0,10854,0
mh_y_ksads__ptsd__oth__past_dx,ses-03A,youth,ptsd,past,0,0,10301,0
mh_y_ksads__ptsd__oth__past_dx,ses-04A,youth,ptsd,past,0,0,9033,7
mh_y_ksads__ptsd__oth__past_dx,ses-05A,youth,ptsd,past,0,0,8535,0
mh_y_ksads__ptsd__oth__past_dx,ses-06A,youth,ptsd,past,140,9155,0,4
mh_y_ksads__ptsd__oth__past_dx,ses-07A,youth,ptsd,past,203,8141,0,13
mh_y_ksads__ptsd__oth__pres_dx,ses-00A,youth,ptsd,present,0,0,11775,0
mh_y_ksads__ptsd__oth__pres_dx,ses-01A,youth,ptsd,present,0,0,11097,0
mh_y_ksads__ptsd__oth__pres_dx,ses-02A,youth,ptsd,present,0,0,10854,0
mh_y_ksads__ptsd__oth__pres_dx,ses-03A,youth,ptsd,present,0,0,10301,0
mh_y_ksads__ptsd__oth__pres_dx,ses-04A,youth,ptsd,present,0,0,9033,7
mh_y_ksads__ptsd__oth__pres_dx,ses-05A,youth,ptsd,present,0,0,8535,0
mh_y_ksads__ptsd__oth__pres_dx,ses-06A,youth,ptsd,present,22,9273,0,4
mh_y_ksads__ptsd__oth__pres_dx,ses-07A,youth,ptsd,present,19,8325,0,13
mh_y_ksads__ptsd__partrem_dx,ses-00A,youth,ptsd,partial_remission,0,0,0,11775
mh_y_ksads__ptsd__partrem_dx,ses-01A,youth,ptsd,partial_remission,0,0,0,11097
mh_y_ksads__ptsd__partrem_dx,ses-02A,youth,ptsd,partial_remission,0,0,0,10854
mh_y_ksads__ptsd__partrem_dx,ses-03A,youth,ptsd,partial_remission,0,0,10301,0
mh_y_ksads__ptsd__partrem_dx,ses-04A,youth,ptsd,partial_remission,0,0,9033,7
mh_y_ksads__ptsd__partrem_dx,ses-05A,youth,ptsd,partial_remission,0,0,8535,0
mh_y_ksads__ptsd__partrem_dx,ses-06A,youth,ptsd,partial_remission,187,9108,0,4
mh_y_ksads__ptsd__partrem_dx,ses-07A,youth,ptsd,partial_remission,291,8053,0,13
mh_y_ksads__ptsd__past_dx,ses-00A,youth,ptsd,past,0,0,11775,0
mh_y_ksads__ptsd__past_dx,ses-01A,youth,ptsd,past,0,0,11097,0
mh_y_ksads__ptsd__past_dx,ses-02A,youth,ptsd,past,0,0,10854,0
mh_y_ksads__ptsd__past_dx,ses-03A,youth,ptsd,past,0,0,10301,0
mh_y_ksads__ptsd__past_dx,ses-04A,youth,ptsd,past,0,0,9033,7
mh_y_ksads__ptsd__past_dx,ses-05A,youth,ptsd,past,0,0,8535,0
mh_y_ksads__ptsd__past_dx,ses-06A,youth,ptsd,past,235,9060,0,4
mh_y_ksads__ptsd__past_dx,ses-07A,youth,ptsd,past,361,7983,0,13
mh_y_ksads__ptsd__pres_dx,ses-00A,youth,ptsd,present,0,0,11775,0
mh_y_ksads__ptsd__pres_dx,ses-01A,youth,ptsd,present,0,0,11097,0
mh_y_ksads__ptsd__pres_dx,ses-02A,youth,ptsd,present,0,0,10854,0
mh_y_ksads__ptsd__pres_dx,ses-03A,youth,ptsd,present,0,0,10301,0
mh_y_ksads__ptsd__pres_dx,ses-04A,youth,ptsd,present,0,0,9033,7
mh_y_ksads__ptsd__pres_dx,ses-05A,youth,ptsd,present,0,0,8535,0
mh_y_ksads__ptsd__pres_dx,ses-06A,youth,ptsd,present,13,9282,0,4
mh_y_ksads__ptsd__pres_dx,ses-07A,youth,ptsd,present,59,8285,0,13
mh_y_ksads__sleep__prob__past_dx,ses-00A,youth,sleep,past,1357,10418,0,7
mh_y_ksads__sleep__prob__past_dx,ses-01A,youth,sleep,past,0,1,11096,2
mh_y_ksads__sleep__prob__past_dx,ses-02A,youth,sleep,past,1164,9690,0,1
mh_y_ksads__sleep__prob__past_dx,ses-03A,youth,sleep,past,0,0,10301,0
mh_y_ksads__sleep__prob__past_dx,ses-04A,youth,sleep,past,1227,7806,0,7
mh_y_ksads__sleep__prob__past_dx,ses-05A,youth,sleep,past,0,0,8535,0
mh_y_ksads__sleep__prob__past_dx,ses-06A,youth,sleep,past,1228,8067,0,4
mh_y_ksads__sleep__prob__past_dx,ses-07A,youth,sleep,past,0,0,8344,13
mh_y_ksads__sleep__prob__pres_dx,ses-00A,youth,sleep,present,782,10993,0,7
mh_y_ksads__sleep__prob__pres_dx,ses-01A,youth,sleep,present,0,1,11096,2
mh_y_ksads__sleep__prob__pres_dx,ses-02A,youth,sleep,present,538,10316,0,1
mh_y_ksads__sleep__prob__pres_dx,ses-03A,youth,sleep,present,0,0,10301,0
mh_y_ksads__sleep__prob__pres_dx,ses-04A,youth,sleep,present,605,8428,0,7
mh_y_ksads__sleep__prob__pres_dx,ses-05A,youth,sleep,present,0,0,8535,0
mh_y_ksads__sleep__prob__pres_dx,ses-06A,youth,sleep,present,627,8668,0,4
mh_y_ksads__sleep__prob__pres_dx,ses-07A,youth,sleep,present,0,0,8344,13
mh_y_ksads__socanx__oth__mindur__past_dx,ses-00A,youth,socanx,past,102,11673,0,7
mh_y_ksads__socanx__oth__mindur__past_dx,ses-01A,youth,socanx,past,0,1,11096,2
mh_y_ksads__socanx__oth__mindur__past_dx,ses-02A,youth,socanx,past,122,10732,0,1
mh_y_ksads__socanx__oth__mindur__past_dx,ses-03A,youth,socanx,past,0,0,10301,0
mh_y_ksads__socanx__oth__mindur__past_dx,ses-04A,youth,socanx,past,52,8981,0,7
mh_y_ksads__socanx__oth__mindur__past_dx,ses-05A,youth,socanx,past,0,0,8535,0
mh_y_ksads__socanx__oth__mindur__past_dx,ses-06A,youth,socanx,past,50,9245,0,4
mh_y_ksads__socanx__oth__mindur__past_dx,ses-07A,youth,socanx,past,0,0,8344,13
mh_y_ksads__socanx__oth__mindur__pres_dx,ses-00A,youth,socanx,present,0,11775,0,7
mh_y_ksads__socanx__oth__mindur__pres_dx,ses-01A,youth,socanx,present,0,1,11096,2
mh_y_ksads__socanx__oth__mindur__pres_dx,ses-02A,youth,socanx,present,0,10854,0,1
mh_y_ksads__socanx__oth__mindur__pres_dx,ses-03A,youth,socanx,present,0,0,10301,0
mh_y_ksads__socanx__oth__mindur__pres_dx,ses-04A,youth,socanx,present,47,8986,0,7
mh_y_ksads__socanx__oth__mindur__pres_dx,ses-05A,youth,socanx,present,0,0,8535,0
mh_y_ksads__socanx__oth__mindur__pres_dx,ses-06A,youth,socanx,present,21,9274,0,4
mh_y_ksads__socanx__oth__mindur__pres_dx,ses-07A,youth,socanx,present,0,0,8344,13
mh_y_ksads__socanx__past_dx,ses-00A,youth,socanx,past,59,11716,0,7
mh_y_ksads__socanx__past_dx,ses-01A,youth,socanx,past,0,1,11096,2
mh_y_ksads__socanx__past_dx,ses-02A,youth,socanx,past,113,10741,0,1
mh_y_ksads__socanx__past_dx,ses-03A,youth,socanx,past,0,0,10301,0
mh_y_ksads__socanx__past_dx,ses-04A,youth,socanx,past,112,8921,0,7
mh_y_ksads__socanx__past_dx,ses-05A,youth,socanx,past,0,0,8535,0
mh_y_ksads__socanx__past_dx,ses-06A,youth,socanx,past,205,9090,0,4
mh_y_ksads__socanx__past_dx,ses-07A,youth,socanx,past,0,0,8344,13
mh_y_ksads__socanx__pres_dx,ses-00A,youth,socanx,present,48,11727,0,7
mh_y_ksads__socanx__pres_dx,ses-01A,youth,socanx,present,0,1,11096,2
mh_y_ksads__socanx__pres_dx,ses-02A,youth,socanx,present,65,10789,0,1
mh_y_ksads__socanx__pres_dx,ses-03A,youth,socanx,present,0,0,10301,0
mh_y_ksads__socanx__pres_dx,ses-04A,youth,socanx,present,339,8694,0,7
mh_y_ksads__socanx__pres_dx,ses-05A,youth,socanx,present,0,0,8535,0
mh_y_ksads__socanx__pres_dx,ses-06A,youth,socanx,present,357,8938,0,4
mh_y_ksads__socanx__pres_dx,ses-07A,youth,socanx,present,0,0,8344,13
mh_y_ksads__suic__actv__int__past_dx,ses-00A,youth,suic,past,59,11716,0,7
mh_y_ksads__suic__actv__int__past_dx,ses-01A,youth,suic,past,84,11013,0,9
mh_y_ksads__suic__actv__int__past_dx,ses-02A,youth,suic,past,96,10758,0,1
mh_y_ksads__suic__actv__int__past_dx,ses-03A,youth,suic,past,134,10167,0,0
mh_y_ksads__suic__actv__int__past_dx,ses-04A,youth,suic,past,178,8855,0,7
mh_y_ksads__suic__actv__int__past_dx,ses-05A,youth,suic,past,0,0,8535,0
mh_y_ksads__suic__actv__int__past_dx,ses-06A,youth,suic,past,0,0,9295,4
mh_y_ksads__suic__actv__int__past_dx,ses-07A,youth,suic,past,0,0,8344,13
mh_y_ksads__suic__actv__int__pres_dx,ses-00A,youth,suic,present,37,11738,0,7
mh_y_ksads__suic__actv__int__pres_dx,ses-01A,youth,suic,present,39,11058,0,9
mh_y_ksads__suic__actv__int__pres_dx,ses-02A,youth,suic,present,29,10825,0,1
mh_y_ksads__suic__actv__int__pres_dx,ses-03A,youth,suic,present,57,10244,0,0
mh_y_ksads__suic__actv__int__pres_dx,ses-04A,youth,suic,present,53,8980,0,7
mh_y_ksads__suic__actv__int__pres_dx,ses-05A,youth,suic,present,32,8503,0,0
mh_y_ksads__suic__actv__int__pres_dx,ses-06A,youth,suic,present,30,9265,0,4
mh_y_ksads__suic__actv__int__pres_dx,ses-07A,youth,suic,present,35,8309,0,13
mh_y_ksads__suic__actv__mthd__past_dx,ses-00A,youth,suic,past,108,11667,0,7
mh_y_ksads__suic__actv__mthd__past_dx,ses-01A,youth,suic,past,116,10981,0,9
mh_y_ksads__suic__actv__mthd__past_dx,ses-02A,youth,suic,past,113,10741,0,1
mh_y_ksads__suic__actv__mthd__past_dx,ses-03A,youth,suic,past,204,10097,0,0
mh_y_ksads__suic__actv__mthd__past_dx,ses-04A,youth,suic,past,280,8753,0,7
mh_y_ksads__suic__actv__mthd__past_dx,ses-05A,youth,suic,past,0,0,8535,0
mh_y_ksads__suic__actv__mthd__past_dx,ses-06A,youth,suic,past,0,0,9295,4
mh_y_ksads__suic__actv__mthd__past_dx,ses-07A,youth,suic,past,0,0,8344,13
mh_y_ksads__suic__actv__mthd__pres_dx,ses-00A,youth,suic,present,63,11712,0,7
mh_y_ksads__suic__actv__mthd__pres_dx,ses-01A,youth,suic,present,47,11050,0,9
mh_y_ksads__suic__actv__mthd__pres_dx,ses-02A,youth,suic,present,54,10800,0,1
mh_y_ksads__suic__actv__mthd__pres_dx,ses-03A,youth,suic,present,107,10194,0,0
mh_y_ksads__suic__actv__mthd__pres_dx,ses-04A,youth,suic,present,129,8904,0,7
mh_y_ksads__suic__actv__mthd__pres_dx,ses-05A,youth,suic,present,92,8443,0,0
mh_y_ksads__suic__actv__mthd__pres_dx,ses-06A,youth,suic,present,104,9191,0,4
mh_y_ksads__suic__actv__mthd__pres_dx,ses-07A,youth,suic,present,92,8252,0,13
mh_y_ksads__suic__actv__past_dx,ses-00A,youth,suic,past,430,11345,0,7
mh_y_ksads__suic__actv__past_dx,ses-01A,youth,suic,past,427,10670,0,9
mh_y_ksads__suic__actv__past_dx,ses-02A,youth,suic,past,416,10438,0,1
mh_y_ksads__suic__actv__past_dx,ses-03A,youth,suic,past,625,9676,0,0
mh_y_ksads__suic__actv__past_dx,ses-04A,youth,suic,past,797,8236,0,7
mh_y_ksads__suic__actv__past_dx,ses-05A,youth,suic,past,0,0,8535,0
mh_y_ksads__suic__actv__past_dx,ses-06A,youth,suic,past,0,0,9295,4
mh_y_ksads__suic__actv__past_dx,ses-07A,youth,suic,past,0,0,8344,13
mh_y_ksads__suic__actv__plan__past_dx,ses-00A,youth,suic,past,38,11737,0,7
mh_y_ksads__suic__actv__plan__past_dx,ses-01A,youth,suic,past,35,11062,0,9
mh_y_ksads__suic__actv__plan__past_dx,ses-02A,youth,suic,past,35,10819,0,1
mh_y_ksads__suic__actv__plan__past_dx,ses-03A,youth,suic,past,64,10237,0,0
mh_y_ksads__suic__actv__plan__past_dx,ses-04A,youth,suic,past,90,8943,0,7
mh_y_ksads__suic__actv__plan__past_dx,ses-05A,youth,suic,past,0,0,8535,0
mh_y_ksads__suic__actv__plan__past_dx,ses-06A,youth,suic,past,0,0,9295,4
mh_y_ksads__suic__actv__plan__past_dx,ses-07A,youth,suic,past,0,0,8344,13
mh_y_ksads__suic__actv__plan__pres_dx,ses-00A,youth,suic,present,32,11743,0,7
mh_y_ksads__suic__actv__plan__pres_dx,ses-01A,youth,suic,present,22,11075,0,9
mh_y_ksads__suic__actv__plan__pres_dx,ses-02A,youth,suic,present,26,10828,0,1
mh_y_ksads__suic__actv__plan__pres_dx,ses-03A,youth,suic,present,47,10254,0,0
mh_y_ksads__suic__actv__plan__pres_dx,ses-04A,youth,suic,present,57,8976,0,7
mh_y_ksads__suic__actv__plan__pres_dx,ses-05A,youth,suic,present,33,8502,0,0
mh_y_ksads__suic__actv__plan__pres_dx,ses-06A,youth,suic,present,40,9255,0,4
mh_y_ksads__suic__actv__plan__pres_dx,ses-07A,youth,suic,present,38,8306,0,13
mh_y_ksads__suic__actv__pres_dx,ses-00A,youth,suic,present,190,11585,0,7
mh_y_ksads__suic__actv__pres_dx,ses-01A,youth,suic,present,144,10953,0,9
mh_y_ksads__suic__actv__pres_dx,ses-02A,youth,suic,present,144,10710,0,1
mh_y_ksads__suic__actv__pres_dx,ses-03A,youth,suic,present,253,10048,0,0
mh_y_ksads__suic__actv__pres_dx,ses-04A,youth,suic,present,319,8714,0,7
mh_y_ksads__suic__actv__pres_dx,ses-05A,youth,suic,present,285,8250,0,0
mh_y_ksads__suic__actv__pres_dx,ses-06A,youth,suic,present,256,9039,0,4
mh_y_ksads__suic__actv__pres_dx,ses-07A,youth,suic,present,249,8095,0,13
mh_y_ksads__suic__atmpt__abrt__past_dx,ses-00A,youth,suic,past,36,11739,0,7
mh_y_ksads__suic__atmpt__abrt__past_dx,ses-01A,youth,suic,past,44,11053,0,9
mh_y_ksads__suic__atmpt__abrt__past_dx,ses-02A,youth,suic,past,31,10823,0,1
mh_y_ksads__suic__atmpt__abrt__past_dx,ses-03A,youth,suic,past,37,10264,0,0
mh_y_ksads__suic__atmpt__abrt__past_dx,ses-04A,youth,suic,past,46,8987,0,7
mh_y_ksads__suic__atmpt__abrt__past_dx,ses-05A,youth,suic,past,0,0,8535,0
mh_y_ksads__suic__atmpt__abrt__past_dx,ses-06A,youth,suic,past,0,0,9295,4
mh_y_ksads__suic__atmpt__abrt__past_dx,ses-07A,youth,suic,past,0,0,8344,13
mh_y_ksads__suic__atmpt__abrt__pres_dx,ses-00A,youth,suic,present,19,11756,0,7
mh_y_ksads__suic__atmpt__abrt__pres_dx,ses-01A,youth,suic,present,13,11084,0,9
mh_y_ksads__suic__atmpt__abrt__pres_dx,ses-02A,youth,suic,present,13,10841,0,1
mh_y_ksads__suic__atmpt__abrt__pres_dx,ses-03A,youth,suic,present,11,10290,0,0
mh_y_ksads__suic__atmpt__abrt__pres_dx,ses-04A,youth,suic,present,10,9023,0,7
mh_y_ksads__suic__atmpt__abrt__pres_dx,ses-05A,youth,suic,present,11,8524,0,0
mh_y_ksads__suic__atmpt__abrt__pres_dx,ses-06A,youth,suic,present,5,9290,0,4
mh_y_ksads__suic__atmpt__abrt__pres_dx,ses-07A,youth,suic,present,6,8338,0,13
mh_y_ksads__suic__atmpt__intr__past_dx,ses-00A,youth,suic,past,10,11765,0,7
mh_y_ksads__suic__atmpt__intr__past_dx,ses-01A,youth,suic,past,14,11083,0,9
mh_y_ksads__suic__atmpt__intr__past_dx,ses-02A,youth,suic,past,8,10846,0,1
mh_y_ksads__suic__atmpt__intr__past_dx,ses-03A,youth,suic,past,17,10284,0,0
mh_y_ksads__suic__atmpt__intr__past_dx,ses-04A,youth,suic,past,23,9010,0,7
mh_y_ksads__suic__atmpt__intr__past_dx,ses-05A,youth,suic,past,0,0,8535,0
mh_y_ksads__suic__atmpt__intr__past_dx,ses-06A,youth,suic,past,0,0,9295,4
mh_y_ksads__suic__atmpt__intr__past_dx,ses-07A,youth,suic,past,0,0,8344,13
mh_y_ksads__suic__atmpt__intr__pres_dx,ses-00A,youth,suic,present,6,11769,0,7
mh_y_ksads__suic__atmpt__intr__pres_dx,ses-01A,youth,suic,present,7,11090,0,9
mh_y_ksads__suic__atmpt__intr__pres_dx,ses-02A,youth,suic,present,4,10850,0,1
mh_y_ksads__suic__atmpt__intr__pres_dx,ses-03A,youth,suic,present,4,10297,0,0
mh_y_ksads__suic__atmpt__intr__pres_dx,ses-04A,youth,suic,present,7,9026,0,7
mh_y_ksads__suic__atmpt__intr__pres_dx,ses-05A,youth,suic,present,1,8534,0,0
mh_y_ksads__suic__atmpt__intr__pres_dx,ses-06A,youth,suic,present,4,9291,0,4
mh_y_ksads__suic__atmpt__intr__pres_dx,ses-07A,youth,suic,present,2,8342,0,13
mh_y_ksads__suic__atmpt__past_dx,ses-00A,youth,suic,past,87,11688,0,7
mh_y_ksads__suic__atmpt__past_dx,ses-01A,youth,suic,past,85,11012,0,9
mh_y_ksads__suic__atmpt__past_dx,ses-02A,youth,suic,past,120,10734,0,1
mh_y_ksads__suic__atmpt__past_dx,ses-03A,youth,suic,past,159,10142,0,0
mh_y_ksads__suic__atmpt__past_dx,ses-04A,youth,suic,past,242,8791,0,7
mh_y_ksads__suic__atmpt__past_dx,ses-05A,youth,suic,past,0,0,8535,0
mh_y_ksads__suic__atmpt__past_dx,ses-06A,youth,suic,past,0,0,9295,4
mh_y_ksads__suic__atmpt__past_dx,ses-07A,youth,suic,past,0,0,8344,13
mh_y_ksads__suic__atmpt__pres_dx,ses-00A,youth,suic,present,23,11752,0,7
mh_y_ksads__suic__atmpt__pres_dx,ses-01A,youth,suic,present,12,11085,0,9
mh_y_ksads__suic__atmpt__pres_dx,ses-02A,youth,suic,present,13,10841,0,1
mh_y_ksads__suic__atmpt__pres_dx,ses-03A,youth,suic,present,17,10284,0,0
mh_y_ksads__suic__atmpt__pres_dx,ses-04A,youth,suic,present,16,9017,0,7
mh_y_ksads__suic__atmpt__pres_dx,ses-05A,youth,suic,present,12,8523,0,0
mh_y_ksads__suic__atmpt__pres_dx,ses-06A,youth,suic,present,24,9271,0,4
mh_y_ksads__suic__atmpt__pres_dx,ses-07A,youth,suic,present,13,8331,0,13
mh_y_ksads__suic__imnt__past_dx,ses-00A,youth,suic,past,40,11735,0,7
mh_y_ksads__suic__imnt__past_dx,ses-01A,youth,suic,past,43,11054,0,9
mh_y_ksads__suic__imnt__past_dx,ses-02A,youth,suic,past,45,10809,0,1
mh_y_ksads__suic__imnt__past_dx,ses-03A,youth,suic,past,73,10228,0,0
mh_y_ksads__suic__imnt__past_dx,ses-04A,youth,suic,past,106,8927,0,7
mh_y_ksads__suic__imnt__past_dx,ses-05A,youth,suic,past,0,0,8535,0
mh_y_ksads__suic__imnt__past_dx,ses-06A,youth,suic,past,0,0,9295,4
mh_y_ksads__suic__imnt__past_dx,ses-07A,youth,suic,past,0,0,8344,13
mh_y_ksads__suic__imnt__pres_dx,ses-00A,youth,suic,present,24,11751,0,7
mh_y_ksads__suic__imnt__pres_dx,ses-01A,youth,suic,present,22,11075,0,9
mh_y_ksads__suic__imnt__pres_dx,ses-02A,youth,suic,present,21,10833,0,1
mh_y_ksads__suic__imnt__pres_dx,ses-03A,youth,suic,present,32,10269,0,0
mh_y_ksads__suic__imnt__pres_dx,ses-04A,youth,suic,present,48,8985,0,7
mh_y_ksads__suic__imnt__pres_dx,ses-05A,youth,suic,present,26,8509,0,0
mh_y_ksads__suic__imnt__pres_dx,ses-06A,youth,suic,present,45,9250,0,4
mh_y_ksads__suic__imnt__pres_dx,ses-07A,youth,suic,present,28,8316,0,13
mh_y_ksads__suic__none__past_dx,ses-00A,youth,suic,past,0,11775,0,7
mh_y_ksads__suic__none__past_dx,ses-01A,youth,suic,past,0,11097,0,9
mh_y_ksads__suic__none__past_dx,ses-02A,youth,suic,past,0,10854,0,1
mh_y_ksads__suic__none__past_dx,ses-03A,youth,suic,past,0,10301,0,0
mh_y_ksads__suic__none__past_dx,ses-04A,youth,suic,past,0,9033,0,7
mh_y_ksads__suic__none__past_dx,ses-05A,youth,suic,past,0,0,8535,0
mh_y_ksads__suic__none__past_dx,ses-06A,youth,suic,past,0,0,9295,4
mh_y_ksads__suic__none__past_dx,ses-07A,youth,suic,past,0,0,8344,13
mh_y_ksads__suic__none__pres_dx,ses-00A,youth,suic,present,0,11775,0,7
mh_y_ksads__suic__none__pres_dx,ses-01A,youth,suic,present,0,11097,0,9
mh_y_ksads__suic__none__pres_dx,ses-02A,youth,suic,present,0,10854,0,1
mh_y_ksads__suic__none__pres_dx,ses-03A,youth,suic,present,0,10301,0,0
mh_y_ksads__suic__none__pres_dx,ses-04A,youth,suic,present,0,9033,0,7
mh_y_ksads__suic__none__pres_dx,ses-05A,youth,suic,present,0,8535,0,0
mh_y_ksads__suic__none__pres_dx,ses-06A,youth,suic,present,0,9295,0,4
mh_y_ksads__suic__none__pres_dx,ses-07A,youth,suic,present,0,8344,0,13
mh_y_ksads__suic__pass__past_dx,ses-00A,youth,suic,past,700,11075,0,7
mh_y_ksads__suic__pass__past_dx,ses-01A,youth,suic,past,684,10413,0,9
mh_y_ksads__suic__pass__past_dx,ses-02A,youth,suic,past,676,10178,0,1
mh_y_ksads__suic__pass__past_dx,ses-03A,youth,suic,past,929,9372,0,0
mh_y_ksads__suic__pass__past_dx,ses-04A,youth,suic,past,988,8045,0,7
mh_y_ksads__suic__pass__past_dx,ses-05A,youth,suic,past,0,0,8535,0
mh_y_ksads__suic__pass__past_dx,ses-06A,youth,suic,past,0,0,9295,4
mh_y_ksads__suic__pass__past_dx,ses-07A,youth,suic,past,0,0,8344,13
mh_y_ksads__suic__pass__pres_dx,ses-00A,youth,suic,present,142,11633,0,7
mh_y_ksads__suic__pass__pres_dx,ses-01A,youth,suic,present,112,10985,0,9
mh_y_ksads__suic__pass__pres_dx,ses-02A,youth,suic,present,101,10753,0,1
mh_y_ksads__suic__pass__pres_dx,ses-03A,youth,suic,present,126,10175,0,0
mh_y_ksads__suic__pass__pres_dx,ses-04A,youth,suic,present,148,8885,0,7
mh_y_ksads__suic__pass__pres_dx,ses-05A,youth,suic,present,106,8429,0,0
mh_y_ksads__suic__pass__pres_dx,ses-06A,youth,suic,present,125,9170,0,4
mh_y_ksads__suic__pass__pres_dx,ses-07A,youth,suic,present,101,8243,0,13
mh_y_ksads__suic__slfinj__nosi__past_dx,ses-00A,youth,suic,past,506,11269,0,7
mh_y_ksads__suic__slfinj__nosi__past_dx,ses-01A,youth,suic,past,419,10678,0,9
mh_y_ksads__suic__slfinj__nosi__past_dx,ses-02A,youth,suic,past,383,10471,0,1
mh_y_ksads__suic__slfinj__nosi__past_dx,ses-03A,youth,suic,past,651,9650,0,0
mh_y_ksads__suic__slfinj__nosi__past_dx,ses-04A,youth,suic,past,772,8261,0,7
mh_y_ksads__suic__slfinj__nosi__past_dx,ses-05A,youth,suic,past,0,0,8535,0
mh_y_ksads__suic__slfinj__nosi__past_dx,ses-06A,youth,suic,past,0,0,9295,4
mh_y_ksads__suic__slfinj__nosi__past_dx,ses-07A,youth,suic,past,0,0,8344,13
mh_y_ksads__suic__slfinj__nosi__pres_dx,ses-00A,youth,suic,present,318,11457,0,7
mh_y_ksads__suic__slfinj__nosi__pres_dx,ses-01A,youth,suic,present,191,10906,0,9
mh_y_ksads__suic__slfinj__nosi__pres_dx,ses-02A,youth,suic,present,158,10696,0,1
mh_y_ksads__suic__slfinj__nosi__pres_dx,ses-03A,youth,suic,present,261,10040,0,0
mh_y_ksads__suic__slfinj__nosi__pres_dx,ses-04A,youth,suic,present,276,8757,0,7
mh_y_ksads__suic__slfinj__nosi__pres_dx,ses-05A,youth,suic,present,218,8317,0,0
mh_y_ksads__suic__slfinj__nosi__pres_dx,ses-06A,youth,suic,present,219,9076,0,4
mh_y_ksads__suic__slfinj__nosi__pres_dx,ses-07A,youth,suic,present,194,8150,0,13
